2026-09-09 17:55:56,600 - INFO - Webhook initialized for protocol Embrace
2026-09-09 18:01:30,983 - INFO - Webhook initialized for protocol Embrace
2026-09-09 18:01:30,985 - INFO - Shutting down webhooks for protocol Embrace
2026-09-09 18:04:35,295 - INFO - Received webhook from REDCap DET: project_id=66, username=eduardosoccasvri, instrument=modulo_idp_identificacao_da_paciente, record=1, redcap_event_name=visita_unica_arm_1, redcap_data_acess_group=, redcap_repeat_instance=None, redcap_repeat_instrument=None, redcap_url=https://svriglobal.org/redcap/, project_url=https://svriglobal.org/redcap/redcap_v17.3.2/index.php?pid=66
2026-09-09 18:04:35,506 - INFO - Dispatch runtime: pid=30340, module=/mnt/c/Users/Science/Documents/Python/integracao_embrace/src/integracao_embrace/dispatch.py, event_name='visita_unica_arm_1', instrument='modulo_idp_identificacao_da_paciente'
2026-09-09 18:04:35,507 - INFO - Dispatching to unique visit handles: visita_unica_arm_1
2026-09-09 18:04:36,411 - INFO - Debug redcap url: https://svriglobal.org/redcap/api/
2026-09-09 18:04:36,414 - INFO - Debug redcaptoken (First 3 chars): 8C2...
2026-09-09 18:04:36,417 - INFO - Debug redcap status: 403
2026-09-09 18:04:36,418 - INFO - Debug redcap response (first 30 chars): {"error":"You do not have perm
2026-09-09 18:04:36,421 - ERROR - Error dispatching event: record_id=1, event_name=visita_unica_arm_1, repeat_instance=None, error=403 Client Error: Forbidden for url: https://svriglobal.org/redcap/api/
Traceback (most recent call last):
  File "/mnt/c/Users/Science/Documents/Python/integracao_embrace/src/integracao_embrace/webhook.py", line 213, in _run_sync
    dispatch_event(
    ~~~~~~~~~~~~~~^
        record_id=record_id,
        ^^^^^^^^^^^^^^^^^^^^
    ...<5 lines>...
        repeat_instance=repeat_instance
        ^^^^^^^^^^^^^^^^^^^^^^^^^^^^^^^
    )
    ^
  File "/mnt/c/Users/Science/Documents/Python/integracao_embrace/src/integracao_embrace/dispatch.py", line 58, in dispatch_event
    sync_unique_event(
    ~~~~~~~~~~~~~~~~~^
        record_id=record_id,
        ^^^^^^^^^^^^^^^^^^^^
    ...<3 lines>...
        protocol_nickname=protocol_nickname,
        ^^^^^^^^^^^^^^^^^^^^^^^^^^^^^^^^^^^^
    )
    ^
  File "/mnt/c/Users/Science/Documents/Python/integracao_embrace/src/integracao_embrace/events/unique_visit.py", line 60, in sync_unique_event
    redcap_payload = redcap.export_record_eav(
        record_id,
        event_name
    )
  File "/mnt/c/Users/Science/Documents/Python/integracao_embrace/src/integracao_embrace/redcap_client.py", line 96, in export_record_eav
    redcap_request.raise_for_status()
    ~~~~~~~~~~~~~~~~~~~~~~~~~~~~~~~^^
  File "/mnt/c/Users/Science/Documents/Python/integracao_embrace/.venv/lib/python3.13/site-packages/requests/models.py", line 1167, in raise_for_status
    raise HTTPError(http_error_msg, response=self)
requests.exceptions.HTTPError: 403 Client Error: Forbidden for url: https://svriglobal.org/redcap/api/
2026-09-10 14:48:48,055 - INFO - Webhook initialized for protocol Embrace
2026-09-10 15:15:49,227 - INFO - Received webhook from REDCap DET: project_id=68, username=eduardosoccasvri, instrument=modulo_idp_identificacao_da_paciente, record=1, redcap_event_name=visita_unica_arm_1, redcap_data_acess_group=, redcap_repeat_instance=None, redcap_repeat_instrument=None, redcap_url=https://svriglobal.org/redcap/, project_url=https://svriglobal.org/redcap/redcap_v17.3.10/index.php?pid=68
2026-09-10 15:15:49,538 - INFO - Dispatch runtime: pid=915, module=/mnt/c/Users/Science/Documents/Python/integracao_embrace/src/integracao_embrace/dispatch.py, event_name='visita_unica_arm_1', instrument='modulo_idp_identificacao_da_paciente'
2026-09-10 15:15:49,541 - INFO - Dispatching to unique visit handles: visita_unica_arm_1
2026-09-10 15:15:50,934 - INFO - Debug redcap url: https://svriglobal.org/redcap/api/
2026-09-10 15:15:50,980 - INFO - Debug redcaptoken (First 3 chars): 8C2...
2026-09-10 15:15:50,993 - INFO - Debug redcap status: 403
2026-09-10 15:15:51,002 - INFO - Debug redcap response (first 30 chars): {"error":"You do not have perm
2026-09-10 15:15:51,007 - ERROR - Error dispatching event: record_id=1, event_name=visita_unica_arm_1, repeat_instance=None, error=403 Client Error: Forbidden for url: https://svriglobal.org/redcap/api/
Traceback (most recent call last):
  File "/mnt/c/Users/Science/Documents/Python/integracao_embrace/src/integracao_embrace/webhook.py", line 213, in _run_sync
    dispatch_event(
    ~~~~~~~~~~~~~~^
        record_id=record_id,
        ^^^^^^^^^^^^^^^^^^^^
    ...<5 lines>...
        repeat_instance=repeat_instance
        ^^^^^^^^^^^^^^^^^^^^^^^^^^^^^^^
    )
    ^
  File "/mnt/c/Users/Science/Documents/Python/integracao_embrace/src/integracao_embrace/dispatch.py", line 58, in dispatch_event
    sync_unique_event(
    ~~~~~~~~~~~~~~~~~^
        record_id=record_id,
        ^^^^^^^^^^^^^^^^^^^^
    ...<3 lines>...
        protocol_nickname=protocol_nickname,
        ^^^^^^^^^^^^^^^^^^^^^^^^^^^^^^^^^^^^
    )
    ^
  File "/mnt/c/Users/Science/Documents/Python/integracao_embrace/src/integracao_embrace/events/unique_visit.py", line 60, in sync_unique_event
    redcap_payload = redcap.export_record_eav(
        record_id,
        event_name
    )
  File "/mnt/c/Users/Science/Documents/Python/integracao_embrace/src/integracao_embrace/redcap_client.py", line 96, in export_record_eav
    redcap_request.raise_for_status()
    ~~~~~~~~~~~~~~~~~~~~~~~~~~~~~~~^^
  File "/mnt/c/Users/Science/Documents/Python/integracao_embrace/.venv/lib/python3.13/site-packages/requests/models.py", line 1167, in raise_for_status
    raise HTTPError(http_error_msg, response=self)
requests.exceptions.HTTPError: 403 Client Error: Forbidden for url: https://svriglobal.org/redcap/api/
2026-09-10 15:22:15,733 - INFO - Received webhook from REDCap DET: project_id=68, username=eduardosoccasvri, instrument=modulo_idp_identificacao_da_paciente, record=1, redcap_event_name=visita_unica_arm_1, redcap_data_acess_group=, redcap_repeat_instance=None, redcap_repeat_instrument=None, redcap_url=https://svriglobal.org/redcap/, project_url=https://svriglobal.org/redcap/redcap_v17.3.10/index.php?pid=68
2026-09-10 15:22:15,738 - INFO - Dispatch runtime: pid=915, module=/mnt/c/Users/Science/Documents/Python/integracao_embrace/src/integracao_embrace/dispatch.py, event_name='visita_unica_arm_1', instrument='modulo_idp_identificacao_da_paciente'
2026-09-10 15:22:15,739 - INFO - Dispatching to unique visit handles: visita_unica_arm_1
2026-09-10 15:22:16,403 - INFO - Debug redcap url: https://svriglobal.org/redcap/api/
2026-09-10 15:22:16,404 - INFO - Debug redcaptoken (First 3 chars): 8C2...
2026-09-10 15:22:16,404 - INFO - Debug redcap status: 403
2026-09-10 15:22:16,405 - INFO - Debug redcap response (first 30 chars): {"error":"You do not have perm
2026-09-10 15:22:16,406 - ERROR - Error dispatching event: record_id=1, event_name=visita_unica_arm_1, repeat_instance=None, error=403 Client Error: Forbidden for url: https://svriglobal.org/redcap/api/
Traceback (most recent call last):
  File "/mnt/c/Users/Science/Documents/Python/integracao_embrace/src/integracao_embrace/webhook.py", line 213, in _run_sync
    dispatch_event(
    ~~~~~~~~~~~~~~^
        record_id=record_id,
        ^^^^^^^^^^^^^^^^^^^^
    ...<5 lines>...
        repeat_instance=repeat_instance
        ^^^^^^^^^^^^^^^^^^^^^^^^^^^^^^^
    )
    ^
  File "/mnt/c/Users/Science/Documents/Python/integracao_embrace/src/integracao_embrace/dispatch.py", line 58, in dispatch_event
    sync_unique_event(
    ~~~~~~~~~~~~~~~~~^
        record_id=record_id,
        ^^^^^^^^^^^^^^^^^^^^
    ...<3 lines>...
        protocol_nickname=protocol_nickname,
        ^^^^^^^^^^^^^^^^^^^^^^^^^^^^^^^^^^^^
    )
    ^
  File "/mnt/c/Users/Science/Documents/Python/integracao_embrace/src/integracao_embrace/events/unique_visit.py", line 60, in sync_unique_event
    redcap_payload = redcap.export_record_eav(
        record_id,
        event_name
    )
  File "/mnt/c/Users/Science/Documents/Python/integracao_embrace/src/integracao_embrace/redcap_client.py", line 96, in export_record_eav
    redcap_request.raise_for_status()
    ~~~~~~~~~~~~~~~~~~~~~~~~~~~~~~~^^
  File "/mnt/c/Users/Science/Documents/Python/integracao_embrace/.venv/lib/python3.13/site-packages/requests/models.py", line 1167, in raise_for_status
    raise HTTPError(http_error_msg, response=self)
requests.exceptions.HTTPError: 403 Client Error: Forbidden for url: https://svriglobal.org/redcap/api/
2026-09-10 15:39:07,202 - INFO - Shutting down webhooks for protocol Embrace
2026-09-10 15:39:45,245 - INFO - Webhook initialized for protocol Embrace
2026-09-10 15:40:23,531 - INFO - Received webhook from REDCap DET: project_id=68, username=eduardosoccasvri, instrument=modulo_idp_identificacao_da_paciente, record=1, redcap_event_name=visita_unica_arm_1, redcap_data_acess_group=, redcap_repeat_instance=None, redcap_repeat_instrument=None, redcap_url=https://svriglobal.org/redcap/, project_url=https://svriglobal.org/redcap/redcap_v17.3.10/index.php?pid=68
2026-09-10 15:40:23,791 - INFO - Dispatch runtime: pid=7843, module=/mnt/c/Users/Science/Documents/Python/integracao_embrace/src/integracao_embrace/dispatch.py, event_name='visita_unica_arm_1', instrument='modulo_idp_identificacao_da_paciente'
2026-09-10 15:40:23,792 - INFO - Dispatching to unique visit handles: visita_unica_arm_1
2026-09-10 15:40:24,930 - INFO - Debug redcap url: https://svriglobal.org/redcap/api/
2026-09-10 15:40:25,002 - INFO - Debug redcaptoken (First 3 chars): E6B...
2026-09-10 15:40:25,053 - INFO - Debug redcap status: 200
2026-09-10 15:40:25,094 - INFO - Debug redcap response (first 30 chars): [{"record":"1","redcap_event_n
2026-09-10 15:40:25,125 - INFO - REDCap: filtering event=visita_unica_arm_1 by repeat_instance=None; response instances=[]
2026-09-10 15:40:25,145 - INFO - REDCap: exported record 1 for event visita_unica_arm_1, repeat_instance=None, with 9 fields from 9 entries
2026-09-10 15:40:25,172 - INFO - Mapped gender:  ➡ None
2026-09-10 15:40:25,206 - INFO - Mapped site:  ➡ None
2026-09-10 15:40:25,235 - INFO - Volunteer payload prepared: {'nome': '1', 'iniciais': '', 'data_nascimento': '1981-07-01', 'sexo': None, 'email': '', 'data_inclusao': '2026-09-10', 'centro': None, 'contatos': '11111111111'}
2026-09-10 15:40:25,266 - ERROR - Error dispatching event: record_id=1, event_name=visita_unica_arm_1, repeat_instance=None, error=Site code mapping not found for CENTRO value: 'SVRI Clínica Morumbi'. Please check SITE_CODE_MAPPING keys.
Traceback (most recent call last):
  File "/mnt/c/Users/Science/Documents/Python/integracao_embrace/src/integracao_embrace/webhook.py", line 213, in _run_sync
    dispatch_event(
    ~~~~~~~~~~~~~~^
        record_id=record_id,
        ^^^^^^^^^^^^^^^^^^^^
    ...<5 lines>...
        repeat_instance=repeat_instance
        ^^^^^^^^^^^^^^^^^^^^^^^^^^^^^^^
    )
    ^
  File "/mnt/c/Users/Science/Documents/Python/integracao_embrace/src/integracao_embrace/dispatch.py", line 58, in dispatch_event
    sync_unique_event(
    ~~~~~~~~~~~~~~~~~^
        record_id=record_id,
        ^^^^^^^^^^^^^^^^^^^^
    ...<3 lines>...
        protocol_nickname=protocol_nickname,
        ^^^^^^^^^^^^^^^^^^^^^^^^^^^^^^^^^^^^
    )
    ^
  File "/mnt/c/Users/Science/Documents/Python/integracao_embrace/src/integracao_embrace/events/unique_visit.py", line 121, in sync_unique_event
    raise RuntimeError(f"Site code mapping not found for CENTRO value: {raw_centro!r}. Please check SITE_CODE_MAPPING keys.")
RuntimeError: Site code mapping not found for CENTRO value: 'SVRI Clínica Morumbi'. Please check SITE_CODE_MAPPING keys.
2026-09-10 15:42:08,582 - INFO - Shutting down webhooks for protocol Embrace
2026-09-10 15:44:32,953 - INFO - Webhook initialized for protocol Embrace
2026-09-10 15:44:37,422 - INFO - Received webhook from REDCap DET: project_id=68, username=eduardosoccasvri, instrument=modulo_idp_identificacao_da_paciente, record=1, redcap_event_name=visita_unica_arm_1, redcap_data_acess_group=, redcap_repeat_instance=None, redcap_repeat_instrument=None, redcap_url=https://svriglobal.org/redcap/, project_url=https://svriglobal.org/redcap/redcap_v17.3.10/index.php?pid=68
2026-09-10 15:44:37,505 - INFO - Dispatch runtime: pid=8416, module=/mnt/c/Users/Science/Documents/Python/integracao_embrace/src/integracao_embrace/dispatch.py, event_name='visita_unica_arm_1', instrument='modulo_idp_identificacao_da_paciente'
2026-09-10 15:44:37,506 - INFO - Dispatching to unique visit handles: visita_unica_arm_1
2026-09-10 15:44:38,188 - INFO - Debug redcap url: https://svriglobal.org/redcap/api/
2026-09-10 15:44:38,189 - INFO - Debug redcaptoken (First 3 chars): E6B...
2026-09-10 15:44:38,189 - INFO - Debug redcap status: 200
2026-09-10 15:44:38,192 - INFO - Debug redcap response (first 30 chars): [{"record":"1","redcap_event_n
2026-09-10 15:44:38,194 - INFO - REDCap: filtering event=visita_unica_arm_1 by repeat_instance=None; response instances=[]
2026-09-10 15:44:38,194 - INFO - REDCap: exported record 1 for event visita_unica_arm_1, repeat_instance=None, with 9 fields from 9 entries
2026-09-10 15:44:38,195 - INFO - Mapped gender:  ➡ None
2026-09-10 15:44:38,195 - INFO - Mapped site:  ➡ None
2026-09-10 15:44:38,196 - INFO - Volunteer payload prepared: {'nome': '1', 'iniciais': '', 'data_nascimento': '1981-07-01', 'sexo': None, 'email': '', 'data_inclusao': '2026-09-10', 'centro': None, 'contatos': '11111111111'}
2026-09-10 15:44:38,197 - ERROR - Error dispatching event: record_id=1, event_name=visita_unica_arm_1, repeat_instance=None, error=Site code mapping not found for CENTRO value: 'SVRI Clínica Morumbi'. Please check SITE_CODE_MAPPING keys.
Traceback (most recent call last):
  File "/mnt/c/Users/Science/Documents/Python/integracao_embrace/src/integracao_embrace/webhook.py", line 213, in _run_sync
    dispatch_event(
    ~~~~~~~~~~~~~~^
        record_id=record_id,
        ^^^^^^^^^^^^^^^^^^^^
    ...<5 lines>...
        repeat_instance=repeat_instance
        ^^^^^^^^^^^^^^^^^^^^^^^^^^^^^^^
    )
    ^
  File "/mnt/c/Users/Science/Documents/Python/integracao_embrace/src/integracao_embrace/dispatch.py", line 58, in dispatch_event
    sync_unique_event(
    ~~~~~~~~~~~~~~~~~^
        record_id=record_id,
        ^^^^^^^^^^^^^^^^^^^^
    ...<3 lines>...
        protocol_nickname=protocol_nickname,
        ^^^^^^^^^^^^^^^^^^^^^^^^^^^^^^^^^^^^
    )
    ^
  File "/mnt/c/Users/Science/Documents/Python/integracao_embrace/src/integracao_embrace/events/unique_visit.py", line 121, in sync_unique_event
    raise RuntimeError(f"Site code mapping not found for CENTRO value: {raw_centro!r}. Please check SITE_CODE_MAPPING keys.")
RuntimeError: Site code mapping not found for CENTRO value: 'SVRI Clínica Morumbi'. Please check SITE_CODE_MAPPING keys.
2026-09-10 15:54:27,193 - INFO - Received webhook from REDCap DET: project_id=68, username=eduardosoccasvri, instrument=modulo_idp_identificacao_da_paciente, record=1, redcap_event_name=visita_unica_arm_1, redcap_data_acess_group=, redcap_repeat_instance=None, redcap_repeat_instrument=None, redcap_url=https://svriglobal.org/redcap/, project_url=https://svriglobal.org/redcap/redcap_v17.3.10/index.php?pid=68
2026-09-10 15:54:27,199 - INFO - Dispatch runtime: pid=8416, module=/mnt/c/Users/Science/Documents/Python/integracao_embrace/src/integracao_embrace/dispatch.py, event_name='visita_unica_arm_1', instrument='modulo_idp_identificacao_da_paciente'
2026-09-10 15:54:27,200 - INFO - Dispatching to unique visit handles: visita_unica_arm_1
2026-09-10 15:54:27,909 - INFO - Debug redcap url: https://svriglobal.org/redcap/api/
2026-09-10 15:54:27,910 - INFO - Debug redcaptoken (First 3 chars): E6B...
2026-09-10 15:54:27,911 - INFO - Debug redcap status: 200
2026-09-10 15:54:27,912 - INFO - Debug redcap response (first 30 chars): [{"record":"1","redcap_event_n
2026-09-10 15:54:27,913 - INFO - REDCap: filtering event=visita_unica_arm_1 by repeat_instance=None; response instances=[]
2026-09-10 15:54:27,914 - INFO - REDCap: exported record 1 for event visita_unica_arm_1, repeat_instance=None, with 11 fields from 11 entries
2026-09-10 15:54:27,916 - INFO - Mapped gender: Mulher ("Cisgênero") ➡ None
2026-09-10 15:54:27,916 - INFO - Mapped site:  ➡ None
2026-09-10 15:54:27,917 - INFO - Volunteer payload prepared: {'nome': '1', 'iniciais': 'Teste 1', 'data_nascimento': '1981-07-01', 'sexo': None, 'email': '', 'data_inclusao': '2026-09-10', 'centro': None, 'contatos': '11111111111'}
2026-09-10 15:54:27,918 - ERROR - Error dispatching event: record_id=1, event_name=visita_unica_arm_1, repeat_instance=None, error=Site code mapping not found for CENTRO value: 'SVRI Clínica Morumbi'. Please check SITE_CODE_MAPPING keys.
Traceback (most recent call last):
  File "/mnt/c/Users/Science/Documents/Python/integracao_embrace/src/integracao_embrace/webhook.py", line 213, in _run_sync
    dispatch_event(
    ~~~~~~~~~~~~~~^
        record_id=record_id,
        ^^^^^^^^^^^^^^^^^^^^
    ...<5 lines>...
        repeat_instance=repeat_instance
        ^^^^^^^^^^^^^^^^^^^^^^^^^^^^^^^
    )
    ^
  File "/mnt/c/Users/Science/Documents/Python/integracao_embrace/src/integracao_embrace/dispatch.py", line 58, in dispatch_event
    sync_unique_event(
    ~~~~~~~~~~~~~~~~~^
        record_id=record_id,
        ^^^^^^^^^^^^^^^^^^^^
    ...<3 lines>...
        protocol_nickname=protocol_nickname,
        ^^^^^^^^^^^^^^^^^^^^^^^^^^^^^^^^^^^^
    )
    ^
  File "/mnt/c/Users/Science/Documents/Python/integracao_embrace/src/integracao_embrace/events/unique_visit.py", line 121, in sync_unique_event
    raise RuntimeError(f"Site code mapping not found for CENTRO value: {raw_centro!r}. Please check SITE_CODE_MAPPING keys.")
RuntimeError: Site code mapping not found for CENTRO value: 'SVRI Clínica Morumbi'. Please check SITE_CODE_MAPPING keys.
2026-09-10 15:59:42,482 - INFO - Shutting down webhooks for protocol Embrace
2026-09-10 16:00:03,321 - INFO - Webhook initialized for protocol Embrace
2026-09-10 16:00:40,691 - INFO - Received webhook from REDCap DET: project_id=68, username=eduardosoccasvri, instrument=modulo_idp_identificacao_da_paciente, record=1, redcap_event_name=visita_unica_arm_1, redcap_data_acess_group=, redcap_repeat_instance=None, redcap_repeat_instrument=None, redcap_url=https://svriglobal.org/redcap/, project_url=https://svriglobal.org/redcap/redcap_v17.3.10/index.php?pid=68
2026-09-10 16:00:40,743 - INFO - Dispatch runtime: pid=9780, module=/mnt/c/Users/Science/Documents/Python/integracao_embrace/src/integracao_embrace/dispatch.py, event_name='visita_unica_arm_1', instrument='modulo_idp_identificacao_da_paciente'
2026-09-10 16:00:40,743 - INFO - Dispatching to unique visit handles: visita_unica_arm_1
2026-09-10 16:00:41,441 - INFO - Debug redcap url: https://svriglobal.org/redcap/api/
2026-09-10 16:00:41,442 - INFO - Debug redcaptoken (First 3 chars): E6B...
2026-09-10 16:00:41,443 - INFO - Debug redcap status: 200
2026-09-10 16:00:41,443 - INFO - Debug redcap response (first 30 chars): [{"record":"1","redcap_event_n
2026-09-10 16:00:41,444 - INFO - REDCap: filtering event=visita_unica_arm_1 by repeat_instance=None; response instances=[]
2026-09-10 16:00:41,445 - INFO - REDCap: exported record 1 for event visita_unica_arm_1, repeat_instance=None, with 11 fields from 11 entries
2026-09-10 16:00:41,446 - INFO - Mapped gender: Mulher ("Cisgênero") ➡ None
2026-09-10 16:00:41,447 - INFO - Mapped site:  ➡ None
2026-09-10 16:00:41,451 - INFO - Volunteer payload prepared: {'nome': '1', 'iniciais': 'Teste 1', 'data_nascimento': '1981-07-01', 'sexo': None, 'email': '', 'data_inclusao': '2026-09-10', 'centro': None, 'contatos': '11111111111'}
2026-09-10 16:00:41,452 - ERROR - Error dispatching event: record_id=1, event_name=visita_unica_arm_1, repeat_instance=None, error=Site code mapping not found for CENTRO value: 'SVRI Clínica Morumbi'. Please check SITE_CODE_MAPPING keys.
Traceback (most recent call last):
  File "/mnt/c/Users/Science/Documents/Python/integracao_embrace/src/integracao_embrace/webhook.py", line 213, in _run_sync
    dispatch_event(
    ~~~~~~~~~~~~~~^
        record_id=record_id,
        ^^^^^^^^^^^^^^^^^^^^
    ...<5 lines>...
        repeat_instance=repeat_instance
        ^^^^^^^^^^^^^^^^^^^^^^^^^^^^^^^
    )
    ^
  File "/mnt/c/Users/Science/Documents/Python/integracao_embrace/src/integracao_embrace/dispatch.py", line 58, in dispatch_event
    sync_unique_event(
    ~~~~~~~~~~~~~~~~~^
        record_id=record_id,
        ^^^^^^^^^^^^^^^^^^^^
    ...<3 lines>...
        protocol_nickname=protocol_nickname,
        ^^^^^^^^^^^^^^^^^^^^^^^^^^^^^^^^^^^^
    )
    ^
  File "/mnt/c/Users/Science/Documents/Python/integracao_embrace/src/integracao_embrace/events/unique_visit.py", line 123, in sync_unique_event
    raise RuntimeError(f"Site code mapping not found for CENTRO value: {raw_centro!r}. Please check SITE_CODE_MAPPING keys.")
RuntimeError: Site code mapping not found for CENTRO value: 'SVRI Clínica Morumbi'. Please check SITE_CODE_MAPPING keys.
2026-09-10 16:05:40,133 - INFO - Received webhook from REDCap DET: project_id=68, username=eduardosoccasvri, instrument=modulo_idp_identificacao_da_paciente, record=1, redcap_event_name=visita_unica_arm_1, redcap_data_acess_group=, redcap_repeat_instance=None, redcap_repeat_instrument=None, redcap_url=https://svriglobal.org/redcap/, project_url=https://svriglobal.org/redcap/redcap_v17.3.10/index.php?pid=68
2026-09-10 16:05:40,136 - INFO - Dispatch runtime: pid=9780, module=/mnt/c/Users/Science/Documents/Python/integracao_embrace/src/integracao_embrace/dispatch.py, event_name='visita_unica_arm_1', instrument='modulo_idp_identificacao_da_paciente'
2026-09-10 16:05:40,137 - INFO - Dispatching to unique visit handles: visita_unica_arm_1
2026-09-10 16:05:40,834 - INFO - Debug redcap url: https://svriglobal.org/redcap/api/
2026-09-10 16:05:40,835 - INFO - Debug redcaptoken (First 3 chars): E6B...
2026-09-10 16:05:40,835 - INFO - Debug redcap status: 200
2026-09-10 16:05:40,836 - INFO - Debug redcap response (first 30 chars): [{"record":"1","redcap_event_n
2026-09-10 16:05:40,837 - INFO - REDCap: filtering event=visita_unica_arm_1 by repeat_instance=None; response instances=[]
2026-09-10 16:05:40,837 - INFO - REDCap: exported record 1 for event visita_unica_arm_1, repeat_instance=None, with 11 fields from 11 entries
2026-09-10 16:05:40,838 - INFO - Mapped gender: Mulher ("Cisgênero") ➡ None
2026-09-10 16:05:40,839 - INFO - Mapped site:  ➡ None
2026-09-10 16:05:40,839 - INFO - Volunteer payload prepared: {'nome': '1', 'iniciais': 'Teste 1', 'data_nascimento': '1981-07-01', 'sexo': None, 'email': '', 'data_inclusao': '2026-09-10', 'centro': None, 'contatos': '11111111111'}
2026-09-10 16:05:40,840 - ERROR - Error dispatching event: record_id=1, event_name=visita_unica_arm_1, repeat_instance=None, error=Site code mapping not found for CENTRO value: 'SVRI Clínica Morumbi'. Please check SITE_CODE_MAPPING keys.
Traceback (most recent call last):
  File "/mnt/c/Users/Science/Documents/Python/integracao_embrace/src/integracao_embrace/webhook.py", line 213, in _run_sync
    dispatch_event(
    ~~~~~~~~~~~~~~^
        record_id=record_id,
        ^^^^^^^^^^^^^^^^^^^^
    ...<5 lines>...
        repeat_instance=repeat_instance
        ^^^^^^^^^^^^^^^^^^^^^^^^^^^^^^^
    )
    ^
  File "/mnt/c/Users/Science/Documents/Python/integracao_embrace/src/integracao_embrace/dispatch.py", line 58, in dispatch_event
    sync_unique_event(
    ~~~~~~~~~~~~~~~~~^
        record_id=record_id,
        ^^^^^^^^^^^^^^^^^^^^
    ...<3 lines>...
        protocol_nickname=protocol_nickname,
        ^^^^^^^^^^^^^^^^^^^^^^^^^^^^^^^^^^^^
    )
    ^
  File "/mnt/c/Users/Science/Documents/Python/integracao_embrace/src/integracao_embrace/events/unique_visit.py", line 123, in sync_unique_event
    #4. Check if the volunteer already exists in PoloTrial
RuntimeError: Site code mapping not found for CENTRO value: 'SVRI Clínica Morumbi'. Please check SITE_CODE_MAPPING keys.
2026-09-10 16:05:47,336 - INFO - Shutting down webhooks for protocol Embrace
2026-09-10 16:06:10,166 - INFO - Webhook initialized for protocol Embrace
2026-09-10 16:06:21,999 - INFO - Received webhook from REDCap DET: project_id=68, username=eduardosoccasvri, instrument=modulo_idp_identificacao_da_paciente, record=1, redcap_event_name=visita_unica_arm_1, redcap_data_acess_group=, redcap_repeat_instance=None, redcap_repeat_instrument=None, redcap_url=https://svriglobal.org/redcap/, project_url=https://svriglobal.org/redcap/redcap_v17.3.10/index.php?pid=68
2026-09-10 16:06:22,057 - INFO - Dispatch runtime: pid=10278, module=/mnt/c/Users/Science/Documents/Python/integracao_embrace/src/integracao_embrace/dispatch.py, event_name='visita_unica_arm_1', instrument='modulo_idp_identificacao_da_paciente'
2026-09-10 16:06:22,058 - INFO - Dispatching to unique visit handles: visita_unica_arm_1
2026-09-10 16:06:22,721 - INFO - Debug redcap url: https://svriglobal.org/redcap/api/
2026-09-10 16:06:22,722 - INFO - Debug redcaptoken (First 3 chars): E6B...
2026-09-10 16:06:22,723 - INFO - Debug redcap status: 200
2026-09-10 16:06:22,727 - INFO - Debug redcap response (first 30 chars): [{"record":"1","redcap_event_n
2026-09-10 16:06:22,728 - INFO - REDCap: filtering event=visita_unica_arm_1 by repeat_instance=None; response instances=[]
2026-09-10 16:06:22,729 - INFO - REDCap: exported record 1 for event visita_unica_arm_1, repeat_instance=None, with 11 fields from 11 entries
2026-09-10 16:06:22,730 - INFO - Mapped gender: Mulher ("Cisgênero") ➡ None
2026-09-10 16:06:22,733 - INFO - Mapped site: SVRI Clínica Morumbi ➡ 47
2026-09-10 16:06:22,734 - INFO - Volunteer payload prepared: {'nome': '1', 'iniciais': 'Teste 1', 'data_nascimento': '1981-07-01', 'sexo': None, 'email': '', 'data_inclusao': '2026-09-10', 'centro': '47', 'contatos': '11111111111'}
2026-09-10 16:06:23,565 - INFO - Polotrial: authentication succsssful
2026-09-10 16:06:25,269 - INFO - Volunteer 1 created in PoloTrial with ID: 3338
2026-09-10 16:06:25,269 - INFO - DEBUG: Searching protocol Embrace for site 47
2026-09-10 16:06:25,680 - INFO - Protocol found: Embrace with ID: 2381 (site=47)
2026-09-10 16:06:25,907 - ERROR - Error dispatching event: record_id=1, event_name=visita_unica_arm_1, repeat_instance=None, error=module 'integracao_embrace.config.config' has no attribute 'UNIQUE_ARM_NAME'
Traceback (most recent call last):
  File "/mnt/c/Users/Science/Documents/Python/integracao_embrace/src/integracao_embrace/webhook.py", line 213, in _run_sync
    dispatch_event(
    ~~~~~~~~~~~~~~^
        record_id=record_id,
        ^^^^^^^^^^^^^^^^^^^^
    ...<5 lines>...
        repeat_instance=repeat_instance
        ^^^^^^^^^^^^^^^^^^^^^^^^^^^^^^^
    )
    ^
  File "/mnt/c/Users/Science/Documents/Python/integracao_embrace/src/integracao_embrace/dispatch.py", line 58, in dispatch_event
    sync_unique_event(
    ~~~~~~~~~~~~~~~~~^
        record_id=record_id,
        ^^^^^^^^^^^^^^^^^^^^
    ...<3 lines>...
        protocol_nickname=protocol_nickname,
        ^^^^^^^^^^^^^^^^^^^^^^^^^^^^^^^^^^^^
    )
    ^
  File "/mnt/c/Users/Science/Documents/Python/integracao_embrace/src/integracao_embrace/events/unique_visit.py", line 146, in sync_unique_event
    unique_arm_name = config.UNIQUE_ARM_NAME.strip()
                      ^^^^^^^^^^^^^^^^^^^^^^
AttributeError: module 'integracao_embrace.config.config' has no attribute 'UNIQUE_ARM_NAME'
2026-09-10 16:12:00,848 - INFO - Received webhook from REDCap DET: project_id=68, username=eduardosoccasvri, instrument=modulo_idp_identificacao_da_paciente, record=1, redcap_event_name=visita_unica_arm_1, redcap_data_acess_group=, redcap_repeat_instance=None, redcap_repeat_instrument=None, redcap_url=https://svriglobal.org/redcap/, project_url=https://svriglobal.org/redcap/redcap_v17.3.10/index.php?pid=68
2026-09-10 16:12:00,856 - INFO - Dispatch runtime: pid=10278, module=/mnt/c/Users/Science/Documents/Python/integracao_embrace/src/integracao_embrace/dispatch.py, event_name='visita_unica_arm_1', instrument='modulo_idp_identificacao_da_paciente'
2026-09-10 16:12:00,857 - INFO - Dispatching to unique visit handles: visita_unica_arm_1
2026-09-10 16:12:01,567 - INFO - Debug redcap url: https://svriglobal.org/redcap/api/
2026-09-10 16:12:01,568 - INFO - Debug redcaptoken (First 3 chars): E6B...
2026-09-10 16:12:01,570 - INFO - Debug redcap status: 200
2026-09-10 16:12:01,571 - INFO - Debug redcap response (first 30 chars): [{"record":"1","redcap_event_n
2026-09-10 16:12:01,572 - INFO - REDCap: filtering event=visita_unica_arm_1 by repeat_instance=None; response instances=[]
2026-09-10 16:12:01,573 - INFO - REDCap: exported record 1 for event visita_unica_arm_1, repeat_instance=None, with 11 fields from 11 entries
2026-09-10 16:12:01,574 - INFO - Mapped gender: Mulher ("Cisgênero") ➡ None
2026-09-10 16:12:01,574 - INFO - Mapped site: SVRI Clínica Morumbi ➡ 47
2026-09-10 16:12:01,575 - INFO - Volunteer payload prepared: {'nome': '1', 'iniciais': 'Teste 1', 'data_nascimento': '1981-07-01', 'sexo': None, 'email': '', 'data_inclusao': '2026-09-10', 'centro': '47', 'contatos': '11111111111'}
2026-09-10 16:12:01,798 - INFO - Volunteer 1 already exists in PoloTrial with ID: 3338
2026-09-10 16:12:01,800 - INFO - DEBUG: Searching protocol Embrace for site 47
2026-09-10 16:12:02,251 - INFO - Protocol found: Embrace with ID: 2381 (site=47)
2026-09-10 16:12:02,484 - ERROR - Error dispatching event: record_id=1, event_name=visita_unica_arm_1, repeat_instance=None, error=module 'integracao_embrace.config.config' has no attribute 'UNIQUE_ARM_NAME'
Traceback (most recent call last):
  File "/mnt/c/Users/Science/Documents/Python/integracao_embrace/src/integracao_embrace/webhook.py", line 213, in _run_sync
    dispatch_event(
    ~~~~~~~~~~~~~~^
        record_id=record_id,
        ^^^^^^^^^^^^^^^^^^^^
    ...<5 lines>...
        repeat_instance=repeat_instance
        ^^^^^^^^^^^^^^^^^^^^^^^^^^^^^^^
    )
    ^
  File "/mnt/c/Users/Science/Documents/Python/integracao_embrace/src/integracao_embrace/dispatch.py", line 58, in dispatch_event
    sync_unique_event(
    ~~~~~~~~~~~~~~~~~^
        record_id=record_id,
        ^^^^^^^^^^^^^^^^^^^^
    ...<3 lines>...
        protocol_nickname=protocol_nickname,
        ^^^^^^^^^^^^^^^^^^^^^^^^^^^^^^^^^^^^
    )
    ^
  File "/mnt/c/Users/Science/Documents/Python/integracao_embrace/src/integracao_embrace/events/unique_visit.py", line 146, in sync_unique_event
    unique_arm_name = config.POLOTRIAL_ARM_NAME.strip()
                      ^^^^^^^^^^^^^^^^^^^^^^
AttributeError: module 'integracao_embrace.config.config' has no attribute 'UNIQUE_ARM_NAME'
2026-09-10 16:12:08,039 - INFO - Shutting down webhooks for protocol Embrace
2026-09-10 16:12:42,256 - INFO - Webhook initialized for protocol Embrace
2026-09-10 16:13:24,375 - INFO - Received webhook from REDCap DET: project_id=68, username=eduardosoccasvri, instrument=modulo_idp_identificacao_da_paciente, record=1, redcap_event_name=visita_unica_arm_1, redcap_data_acess_group=, redcap_repeat_instance=None, redcap_repeat_instrument=None, redcap_url=https://svriglobal.org/redcap/, project_url=https://svriglobal.org/redcap/redcap_v17.3.10/index.php?pid=68
2026-09-10 16:13:24,479 - INFO - Dispatch runtime: pid=10791, module=/mnt/c/Users/Science/Documents/Python/integracao_embrace/src/integracao_embrace/dispatch.py, event_name='visita_unica_arm_1', instrument='modulo_idp_identificacao_da_paciente'
2026-09-10 16:13:24,480 - INFO - Dispatching to unique visit handles: visita_unica_arm_1
2026-09-10 16:13:25,197 - INFO - Debug redcap url: https://svriglobal.org/redcap/api/
2026-09-10 16:13:25,198 - INFO - Debug redcaptoken (First 3 chars): E6B...
2026-09-10 16:13:25,200 - INFO - Debug redcap status: 200
2026-09-10 16:13:25,201 - INFO - Debug redcap response (first 30 chars): [{"record":"1","redcap_event_n
2026-09-10 16:13:25,202 - INFO - REDCap: filtering event=visita_unica_arm_1 by repeat_instance=None; response instances=[]
2026-09-10 16:13:25,203 - INFO - REDCap: exported record 1 for event visita_unica_arm_1, repeat_instance=None, with 11 fields from 11 entries
2026-09-10 16:13:25,204 - INFO - Mapped gender: Mulher ("Cisgênero") ➡ None
2026-09-10 16:13:25,205 - INFO - Mapped site: SVRI Clínica Morumbi ➡ 47
2026-09-10 16:13:25,208 - INFO - Volunteer payload prepared: {'nome': '1', 'iniciais': 'Teste 1', 'data_nascimento': '1981-07-01', 'sexo': None, 'email': '', 'data_inclusao': '2026-09-10', 'centro': '47', 'contatos': '11111111111'}
2026-09-10 16:13:25,993 - INFO - Polotrial: authentication succsssful
2026-09-10 16:13:26,182 - INFO - Volunteer 1 already exists in PoloTrial with ID: 3338
2026-09-10 16:13:26,183 - INFO - DEBUG: Searching protocol Embrace for site 47
2026-09-10 16:13:26,612 - INFO - Protocol found: Embrace with ID: 2381 (site=47)
2026-09-10 16:13:26,818 - INFO - DEBUG: Protocol Arm founded for the unique visit: ['Embrace']
2026-09-10 16:13:26,819 - INFO - Arm matched: Embrace with ID: 283
2026-09-10 16:13:27,492 - INFO - DEBUG: Sending participant payload to PoloTrial: 
{
  "co_voluntario": 3338,
  "co_protocolo": 2381,
  "data_inclusao": "2026-09-10",
  "id_participante": "1",
  "numero_de_screening": "1",
  "status_participante": "540",
  "co_braco": 283,
  "atualizar_agenda": "1",
  "apagar_visitas_pendentes": "0"
}
2026-09-10 16:13:39,496 - INFO - DEBUG: Participant created in PoloTrial: 
{
  "id": 3313,
  "apagar_visitas_pendentes": 0,
  "id_participante": "1",
  "numero_de_screening": "1",
  "co_protocolo": 2381,
  "atualizar_agenda": 1,
  "co_braco": 283,
  "data_inclusao": "2026-09-10T00:00:00.000Z",
  "status_participante": 540,
  "co_voluntario": "3338",
  "user_id_log": 4593
}
2026-09-10 16:13:39,496 - INFO - Participant created in PoloTrial with ID: 3313
2026-09-10 16:14:01,075 - INFO - Participant visits retrieved: 1, for participant ID: 3313
2026-09-10 16:14:01,080 - ERROR - Error dispatching event: record_id=1, event_name=visita_unica_arm_1, repeat_instance=None, error=module 'integracao_embrace.config.config' has no attribute 'UNIQUE_POLOTRIAL_VISIT_NAME'
Traceback (most recent call last):
  File "/mnt/c/Users/Science/Documents/Python/integracao_embrace/src/integracao_embrace/webhook.py", line 213, in _run_sync
    dispatch_event(
    ~~~~~~~~~~~~~~^
        record_id=record_id,
        ^^^^^^^^^^^^^^^^^^^^
    ...<5 lines>...
        repeat_instance=repeat_instance
        ^^^^^^^^^^^^^^^^^^^^^^^^^^^^^^^
    )
    ^
  File "/mnt/c/Users/Science/Documents/Python/integracao_embrace/src/integracao_embrace/dispatch.py", line 58, in dispatch_event
    sync_unique_event(
    ~~~~~~~~~~~~~~~~~^
        record_id=record_id,
        ^^^^^^^^^^^^^^^^^^^^
    ...<3 lines>...
        protocol_nickname=protocol_nickname,
        ^^^^^^^^^^^^^^^^^^^^^^^^^^^^^^^^^^^^
    )
    ^
  File "/mnt/c/Users/Science/Documents/Python/integracao_embrace/src/integracao_embrace/events/unique_visit.py", line 206, in sync_unique_event
    unique_visit_name = config.UNIQUE_POLOTRIAL_VISIT_NAME.strip()
                        ^^^^^^^^^^^^^^^^^^^^^^^^^^^^^^^^^^
AttributeError: module 'integracao_embrace.config.config' has no attribute 'UNIQUE_POLOTRIAL_VISIT_NAME'
2026-09-10 16:15:26,141 - INFO - Shutting down webhooks for protocol Embrace
2026-09-10 16:15:46,359 - INFO - Webhook initialized for protocol Embrace
2026-09-10 17:03:13,618 - INFO - Received webhook from REDCap DET: project_id=68, username=eduardosoccasvri, instrument=modulo_idp_identificacao_da_paciente, record=1, redcap_event_name=visita_unica_arm_1, redcap_data_acess_group=, redcap_repeat_instance=None, redcap_repeat_instrument=None, redcap_url=https://svriglobal.org/redcap/, project_url=https://svriglobal.org/redcap/redcap_v17.3.10/index.php?pid=68
2026-09-10 17:03:13,876 - INFO - Dispatch runtime: pid=11094, module=/mnt/c/Users/Science/Documents/Python/integracao_embrace/src/integracao_embrace/dispatch.py, event_name='visita_unica_arm_1', instrument='modulo_idp_identificacao_da_paciente'
2026-09-10 17:03:13,877 - INFO - Dispatching to unique visit handles: visita_unica_arm_1
2026-09-10 17:03:14,717 - INFO - Debug redcap url: https://svriglobal.org/redcap/api/
2026-09-10 17:03:14,718 - INFO - Debug redcaptoken (First 3 chars): E6B...
2026-09-10 17:03:14,720 - INFO - Debug redcap status: 200
2026-09-10 17:03:14,721 - INFO - Debug redcap response (first 30 chars): [{"record":"1","redcap_event_n
2026-09-10 17:03:14,722 - INFO - REDCap: filtering event=visita_unica_arm_1 by repeat_instance=None; response instances=[]
2026-09-10 17:03:14,723 - INFO - REDCap: exported record 1 for event visita_unica_arm_1, repeat_instance=None, with 11 fields from 11 entries
2026-09-10 17:03:14,724 - INFO - Mapped gender: Mulher ("Cisgênero") ➡ None
2026-09-10 17:03:14,725 - INFO - Mapped site: SVRI Clínica Morumbi ➡ 47
2026-09-10 17:03:14,728 - INFO - Volunteer payload prepared: {'nome': '1', 'iniciais': 'Teste 1', 'data_nascimento': '1981-07-01', 'sexo': None, 'email': '', 'data_inclusao': '2026-09-10', 'centro': '47', 'contatos': '11111111111'}
2026-09-10 17:03:15,539 - INFO - Polotrial: authentication succsssful
2026-09-10 17:03:15,726 - INFO - Volunteer 1 already exists in PoloTrial with ID: 3338
2026-09-10 17:03:15,727 - INFO - DEBUG: Searching protocol Embrace for site 47
2026-09-10 17:03:17,336 - INFO - Protocol found: Embrace with ID: 2381 (site=47)
2026-09-10 17:03:17,581 - INFO - DEBUG: Protocol Arm founded for the unique visit: ['Embrace']
2026-09-10 17:03:17,582 - INFO - Arm matched: Embrace with ID: 283
2026-09-10 17:03:18,430 - INFO - Participant found in PoloTrial with ID: 3313
2026-09-10 17:03:43,740 - INFO - Participant visits retrieved: 1, for participant ID: 3313
2026-09-10 17:03:43,741 - INFO - Looking for unique visit with name: Visita única among: ['Visita única']
2026-09-10 17:03:43,742 - INFO - Participant visit found: Visita única with ID: 40707
2026-09-10 17:03:43,913 - ERROR - Error dispatching event: record_id=1, event_name=visita_unica_arm_1, repeat_instance=None, error=PoloTrialClient.update_participant_visit() got an unexpected keyword argument 'participant_visit_id'. Did you mean 'participante_visita_id'?
Traceback (most recent call last):
  File "/mnt/c/Users/Science/Documents/Python/integracao_embrace/src/integracao_embrace/webhook.py", line 213, in _run_sync
    dispatch_event(
    ~~~~~~~~~~~~~~^
        record_id=record_id,
        ^^^^^^^^^^^^^^^^^^^^
    ...<5 lines>...
        repeat_instance=repeat_instance
        ^^^^^^^^^^^^^^^^^^^^^^^^^^^^^^^
    )
    ^
  File "/mnt/c/Users/Science/Documents/Python/integracao_embrace/src/integracao_embrace/dispatch.py", line 58, in dispatch_event
    sync_unique_event(
    ~~~~~~~~~~~~~~~~~^
        record_id=record_id,
        ^^^^^^^^^^^^^^^^^^^^
    ...<3 lines>...
        protocol_nickname=protocol_nickname,
        ^^^^^^^^^^^^^^^^^^^^^^^^^^^^^^^^^^^^
    )
    ^
  File "/mnt/c/Users/Science/Documents/Python/integracao_embrace/src/integracao_embrace/events/unique_visit.py", line 231, in sync_unique_event
    polotrial.update_participant_visit(
    ~~~~~~~~~~~~~~~~~~~~~~~~~~~~~~~~~~^
        participant_visit_id=participant_visit_id,
        ^^^^^^^^^^^^^^^^^^^^^^^^^^^^^^^^^^^^^^^^^^
        payload=desired
        ^^^^^^^^^^^^^^^
    )
    ^
TypeError: PoloTrialClient.update_participant_visit() got an unexpected keyword argument 'participant_visit_id'. Did you mean 'participante_visita_id'?
2026-09-10 17:18:58,184 - INFO - Received webhook from REDCap DET: project_id=68, username=eduardosoccasvri, instrument=modulo_idp_identificacao_da_paciente, record=1, redcap_event_name=visita_unica_arm_1, redcap_data_acess_group=, redcap_repeat_instance=None, redcap_repeat_instrument=None, redcap_url=https://svriglobal.org/redcap/, project_url=https://svriglobal.org/redcap/redcap_v17.3.10/index.php?pid=68
2026-09-10 17:18:58,198 - INFO - Dispatch runtime: pid=11094, module=/mnt/c/Users/Science/Documents/Python/integracao_embrace/src/integracao_embrace/dispatch.py, event_name='visita_unica_arm_1', instrument='modulo_idp_identificacao_da_paciente'
2026-09-10 17:18:58,199 - INFO - Dispatching to unique visit handles: visita_unica_arm_1
2026-09-10 17:18:58,914 - INFO - Debug redcap url: https://svriglobal.org/redcap/api/
2026-09-10 17:18:58,915 - INFO - Debug redcaptoken (First 3 chars): E6B...
2026-09-10 17:18:58,918 - INFO - Debug redcap status: 200
2026-09-10 17:18:58,919 - INFO - Debug redcap response (first 30 chars): [{"record":"1","redcap_event_n
2026-09-10 17:18:58,923 - INFO - REDCap: filtering event=visita_unica_arm_1 by repeat_instance=None; response instances=[]
2026-09-10 17:18:58,926 - INFO - REDCap: exported record 1 for event visita_unica_arm_1, repeat_instance=None, with 11 fields from 11 entries
2026-09-10 17:18:58,928 - INFO - Mapped gender: Mulher ("Cisgênero") ➡ None
2026-09-10 17:18:58,929 - INFO - Mapped site: SVRI Clínica Morumbi ➡ 47
2026-09-10 17:18:58,930 - INFO - Volunteer payload prepared: {'nome': '1', 'iniciais': 'Teste 1', 'data_nascimento': '1981-07-01', 'sexo': None, 'email': '', 'data_inclusao': '2026-09-10', 'centro': '47', 'contatos': '11111111111'}
2026-09-10 17:18:59,937 - INFO - Volunteer 1 already exists in PoloTrial with ID: 3338
2026-09-10 17:18:59,940 - INFO - DEBUG: Searching protocol Embrace for site 47
2026-09-10 17:19:01,646 - INFO - Protocol found: Embrace with ID: 2381 (site=47)
2026-09-10 17:19:01,860 - INFO - DEBUG: Protocol Arm founded for the unique visit: ['Embrace']
2026-09-10 17:19:01,861 - INFO - Arm matched: Embrace with ID: 283
2026-09-10 17:19:02,657 - INFO - Participant found in PoloTrial with ID: 3313
2026-09-10 17:19:28,128 - INFO - Participant visits retrieved: 1, for participant ID: 3313
2026-09-10 17:19:28,129 - INFO - Looking for unique visit with name: Visita única among: ['Visita única']
2026-09-10 17:19:28,130 - INFO - Participant visit found: Visita única with ID: 40707
2026-09-10 17:19:28,286 - ERROR - Error dispatching event: record_id=1, event_name=visita_unica_arm_1, repeat_instance=None, error=PoloTrialClient.update_participant_visit() got an unexpected keyword argument 'participant_visit_id'. Did you mean 'participante_visita_id'?
Traceback (most recent call last):
  File "/mnt/c/Users/Science/Documents/Python/integracao_embrace/src/integracao_embrace/webhook.py", line 213, in _run_sync
    dispatch_event(
    ~~~~~~~~~~~~~~^
        record_id=record_id,
        ^^^^^^^^^^^^^^^^^^^^
    ...<5 lines>...
        repeat_instance=repeat_instance
        ^^^^^^^^^^^^^^^^^^^^^^^^^^^^^^^
    )
    ^
  File "/mnt/c/Users/Science/Documents/Python/integracao_embrace/src/integracao_embrace/dispatch.py", line 58, in dispatch_event
    sync_unique_event(
    ~~~~~~~~~~~~~~~~~^
        record_id=record_id,
        ^^^^^^^^^^^^^^^^^^^^
    ...<3 lines>...
        protocol_nickname=protocol_nickname,
        ^^^^^^^^^^^^^^^^^^^^^^^^^^^^^^^^^^^^
    )
    ^
  File "/mnt/c/Users/Science/Documents/Python/integracao_embrace/src/integracao_embrace/events/unique_visit.py", line 231, in sync_unique_event
    polotrial.update_participant_visit(
    ~~~~~~~~~~~~~~~~~~~~~~~~~~~~~~~~~~^
        participant_visit_id=participant_visit_id,
        ^^^^^^^^^^^^^^^^^^^^^^^^^^^^^^^^^^^^^^^^^^
        payload=desired
        ^^^^^^^^^^^^^^^
    )
    ^
TypeError: PoloTrialClient.update_participant_visit() got an unexpected keyword argument 'participant_visit_id'. Did you mean 'participante_visita_id'?
2026-09-10 17:25:56,087 - INFO - Shutting down webhooks for protocol Embrace
2026-09-10 17:26:41,727 - INFO - Webhook initialized for protocol Embrace
2026-09-10 17:26:50,481 - INFO - Received webhook from REDCap DET: project_id=68, username=eduardosoccasvri, instrument=modulo_idp_identificacao_da_paciente, record=1, redcap_event_name=visita_unica_arm_1, redcap_data_acess_group=, redcap_repeat_instance=None, redcap_repeat_instrument=None, redcap_url=https://svriglobal.org/redcap/, project_url=https://svriglobal.org/redcap/redcap_v17.3.10/index.php?pid=68
2026-09-10 17:26:50,567 - INFO - Dispatch runtime: pid=16111, module=/mnt/c/Users/Science/Documents/Python/integracao_embrace/src/integracao_embrace/dispatch.py, event_name='visita_unica_arm_1', instrument='modulo_idp_identificacao_da_paciente'
2026-09-10 17:26:50,568 - INFO - Dispatching to unique visit handles: visita_unica_arm_1
2026-09-10 17:26:51,202 - INFO - Debug redcap url: https://svriglobal.org/redcap/api/
2026-09-10 17:26:51,203 - INFO - Debug redcaptoken (First 3 chars): E6B...
2026-09-10 17:26:51,204 - INFO - Debug redcap status: 200
2026-09-10 17:26:51,205 - INFO - Debug redcap response (first 30 chars): [{"record":"1","redcap_event_n
2026-09-10 17:26:51,206 - INFO - REDCap: filtering event=visita_unica_arm_1 by repeat_instance=None; response instances=[]
2026-09-10 17:26:51,206 - INFO - REDCap: exported record 1 for event visita_unica_arm_1, repeat_instance=None, with 11 fields from 11 entries
2026-09-10 17:26:51,207 - INFO - Mapped gender: Mulher ("Cisgênero") ➡ None
2026-09-10 17:26:51,208 - INFO - Mapped site: SVRI Clínica Morumbi ➡ 47
2026-09-10 17:26:51,208 - INFO - Volunteer payload prepared: {'nome': '1', 'iniciais': 'Teste 1', 'data_nascimento': '1981-07-01', 'sexo': None, 'email': '', 'data_inclusao': '2026-09-10', 'centro': '47', 'contatos': '11111111111'}
2026-09-10 17:26:51,955 - INFO - Polotrial: authentication succsssful
2026-09-10 17:26:52,166 - INFO - Volunteer 1 already exists in PoloTrial with ID: 3338
2026-09-10 17:26:52,167 - INFO - DEBUG: Searching protocol Embrace for site 47
2026-09-10 17:26:56,378 - INFO - Protocol found: Embrace with ID: 2381 (site=47)
2026-09-10 17:26:56,671 - INFO - DEBUG: Protocol Arm founded for the unique visit: ['Embrace']
2026-09-10 17:26:56,672 - INFO - Arm matched: Embrace with ID: 283
2026-09-10 17:26:57,652 - INFO - Participant found in PoloTrial with ID: 3313
2026-09-10 17:27:18,857 - INFO - Participant visits retrieved: 1, for participant ID: 3313
2026-09-10 17:27:18,858 - INFO - Looking for unique visit with name: Visita única among: ['Visita única']
2026-09-10 17:27:18,858 - INFO - Participant visit found: Visita única with ID: 40707
2026-09-10 17:27:19,605 - INFO - Unique visit updated (id=40707) with payload: {
  "data_estimada": "2026-09-10",
  "data_realizada": "2026-09-10",
  "status": 20
}
2026-09-10 17:27:19,883 - INFO - DEBUG: Available procedures in PoloTrial for unique visit: ['Consulta Médica', 'Módulo Saúde', 'Módulo Identificação da Paciente', 'Módulo Menopausa', 'Questionário da Saúde da Mulher - WHQ\t', 'Questionário GAD-7', 'Questionário PHQ9', 'Questionário WPAI', 'Questionário Short Form - SF-36']
2026-09-10 17:27:19,884 - INFO -  - ID: 652339 | Procedure: Consulta Médica | Appointment date: None | Check field: cm_atendimento_dt=N/A | Date field: cm_atendimento_dt=N/A
2026-09-10 17:27:19,885 - INFO -  - ID: 652340 | Procedure: Módulo Saúde | Appointment date: None | Check field: s0=N/A | Date field: s0=N/A
2026-09-10 17:27:19,886 - INFO -  - ID: 652341 | Procedure: Módulo Identificação da Paciente | Appointment date: None | Check field: idp3=1 | Date field: idp4=2026-09-10
2026-09-10 17:27:19,887 - INFO -  - ID: 652342 | Procedure: Módulo Menopausa | Appointment date: None | Check field: pm0=N/A | Date field: pm0=N/A
2026-09-10 17:27:19,888 - INFO -  - ID: 652343 | Procedure: Questionário da Saúde da Mulher - WHQ	 | Appointment date: None | Check field: whq0=N/A | Date field: whq0=N/A
2026-09-10 17:27:19,890 - INFO -  - ID: 652344 | Procedure: Questionário GAD-7 | Appointment date: None | Check field: gad7_0=N/A | Date field: gad7_0=N/A
2026-09-10 17:27:19,891 - INFO -  - ID: 652345 | Procedure: Questionário PHQ9 | Appointment date: None | Check field: phq9_0=N/A | Date field: phq9_0=N/A
2026-09-10 17:27:19,891 - INFO -  - ID: 652346 | Procedure: Questionário WPAI | Appointment date: None | Check field: wpai0=N/A | Date field: wpai0=N/A
2026-09-10 17:27:19,893 - INFO -  - ID: 652347 | Procedure: Questionário Short Form - SF-36 | Appointment date: None | Check field: None=N/A | Date field: None=N/A
2026-09-10 17:27:19,893 - INFO - DEBUG: Procedure mapping summary:
2026-09-10 17:27:19,894 - INFO -  1. Total procedures in PoloTrial for unique visit: 9
2026-09-10 17:27:19,895 - INFO -  2. Matched with REDCap mapping: 8
2026-09-10 17:27:19,895 - INFO -  3. Unmatched procedures: 1
2026-09-10 17:27:19,896 - WARNING - DEBUG: Unmatched procedures (no mapping found in POLOTRIAL_UNIQUE_EVENT_PROCEDURES_MAP): ['Questionário Short Form - SF-36']
2026-09-10 17:27:19,896 - WARNING -  - 'Questionário Short Form - SF-36'
2026-09-10 17:27:19,909 - ERROR - Error dispatching event: record_id=1, event_name=visita_unica_arm_1, repeat_instance=None, error='PoloTrialClient' object has no attribute 'update_participant_visit_procedure'
Traceback (most recent call last):
  File "/mnt/c/Users/Science/Documents/Python/integracao_embrace/src/integracao_embrace/webhook.py", line 213, in _run_sync
    dispatch_event(
    ~~~~~~~~~~~~~~^
        record_id=record_id,
        ^^^^^^^^^^^^^^^^^^^^
    ...<5 lines>...
        repeat_instance=repeat_instance
        ^^^^^^^^^^^^^^^^^^^^^^^^^^^^^^^
    )
    ^
  File "/mnt/c/Users/Science/Documents/Python/integracao_embrace/src/integracao_embrace/dispatch.py", line 58, in dispatch_event
    sync_unique_event(
    ~~~~~~~~~~~~~~~~~^
        record_id=record_id,
        ^^^^^^^^^^^^^^^^^^^^
    ...<3 lines>...
        protocol_nickname=protocol_nickname,
        ^^^^^^^^^^^^^^^^^^^^^^^^^^^^^^^^^^^^
    )
    ^
  File "/mnt/c/Users/Science/Documents/Python/integracao_embrace/src/integracao_embrace/events/unique_visit.py", line 238, in sync_unique_event
    pvp_df = sync_unique_event_procedures(
        participante_visita_id=participant_visit_id,
    ...<2 lines>...
        redcap_payload=redcap_payload
    )
  File "/mnt/c/Users/Science/Documents/Python/integracao_embrace/src/integracao_embrace/events/unique_visit.py", line 418, in sync_unique_event_procedures
    polotrial.update_participant_visit_procedure(
    ^^^^^^^^^^^^^^^^^^^^^^^^^^^^^^^^^^^^^^^^^^^^
AttributeError: 'PoloTrialClient' object has no attribute 'update_participant_visit_procedure'. Did you mean: 'update_participant_visit_procedures'?
2026-09-10 17:28:20,365 - INFO - Received webhook from REDCap DET: project_id=68, username=eduardosoccasvri, instrument=modulo_idp_identificacao_da_paciente, record=1, redcap_event_name=visita_unica_arm_1, redcap_data_acess_group=, redcap_repeat_instance=None, redcap_repeat_instrument=None, redcap_url=https://svriglobal.org/redcap/, project_url=https://svriglobal.org/redcap/redcap_v17.3.10/index.php?pid=68
2026-09-10 17:28:20,368 - INFO - Dispatch runtime: pid=16111, module=/mnt/c/Users/Science/Documents/Python/integracao_embrace/src/integracao_embrace/dispatch.py, event_name='visita_unica_arm_1', instrument='modulo_idp_identificacao_da_paciente'
2026-09-10 17:28:20,369 - INFO - Dispatching to unique visit handles: visita_unica_arm_1
2026-09-10 17:28:21,049 - INFO - Debug redcap url: https://svriglobal.org/redcap/api/
2026-09-10 17:28:21,050 - INFO - Debug redcaptoken (First 3 chars): E6B...
2026-09-10 17:28:21,050 - INFO - Debug redcap status: 200
2026-09-10 17:28:21,051 - INFO - Debug redcap response (first 30 chars): [{"record":"1","redcap_event_n
2026-09-10 17:28:21,052 - INFO - REDCap: filtering event=visita_unica_arm_1 by repeat_instance=None; response instances=[]
2026-09-10 17:28:21,052 - INFO - REDCap: exported record 1 for event visita_unica_arm_1, repeat_instance=None, with 11 fields from 11 entries
2026-09-10 17:28:21,053 - INFO - Mapped gender: Mulher ("Cisgênero") ➡ None
2026-09-10 17:28:21,054 - INFO - Mapped site: SVRI Clínica Morumbi ➡ 47
2026-09-10 17:28:21,054 - INFO - Volunteer payload prepared: {'nome': '1', 'iniciais': 'Teste 1', 'data_nascimento': '1981-07-01', 'sexo': None, 'email': '', 'data_inclusao': '2026-09-10', 'centro': '47', 'contatos': '11111111111'}
2026-09-10 17:28:21,316 - INFO - Volunteer 1 already exists in PoloTrial with ID: 3338
2026-09-10 17:28:21,323 - INFO - DEBUG: Searching protocol Embrace for site 47
2026-09-10 17:28:22,713 - INFO - Protocol found: Embrace with ID: 2381 (site=47)
2026-09-10 17:28:22,940 - INFO - DEBUG: Protocol Arm founded for the unique visit: ['Embrace']
2026-09-10 17:28:22,940 - INFO - Arm matched: Embrace with ID: 283
2026-09-10 17:28:23,860 - INFO - Participant found in PoloTrial with ID: 3313
2026-09-10 17:28:47,420 - INFO - Participant visits retrieved: 1, for participant ID: 3313
2026-09-10 17:28:47,421 - INFO - Looking for unique visit with name: Visita única among: ['Visita única']
2026-09-10 17:28:47,422 - INFO - Participant visit found: Visita única with ID: 40707
2026-09-10 17:28:47,618 - INFO - Unique visit already up to date (id=40707).
2026-09-10 17:28:47,845 - INFO - DEBUG: Available procedures in PoloTrial for unique visit: ['Consulta Médica', 'Módulo Saúde', 'Módulo Identificação da Paciente', 'Módulo Menopausa', 'Questionário da Saúde da Mulher - WHQ\t', 'Questionário GAD-7', 'Questionário PHQ9', 'Questionário WPAI', 'Questionário Short Form - SF-36']
2026-09-10 17:28:47,846 - INFO -  - ID: 652339 | Procedure: Consulta Médica | Appointment date: None | Check field: cm_atendimento_dt=N/A | Date field: cm_atendimento_dt=N/A
2026-09-10 17:28:47,847 - INFO -  - ID: 652340 | Procedure: Módulo Saúde | Appointment date: None | Check field: s0=N/A | Date field: s0=N/A
2026-09-10 17:28:47,848 - INFO -  - ID: 652341 | Procedure: Módulo Identificação da Paciente | Appointment date: None | Check field: idp3=1 | Date field: idp4=2026-09-10
2026-09-10 17:28:47,849 - INFO -  - ID: 652342 | Procedure: Módulo Menopausa | Appointment date: None | Check field: pm0=N/A | Date field: pm0=N/A
2026-09-10 17:28:47,849 - INFO -  - ID: 652343 | Procedure: Questionário da Saúde da Mulher - WHQ	 | Appointment date: None | Check field: whq0=N/A | Date field: whq0=N/A
2026-09-10 17:28:47,850 - INFO -  - ID: 652344 | Procedure: Questionário GAD-7 | Appointment date: None | Check field: gad7_0=N/A | Date field: gad7_0=N/A
2026-09-10 17:28:47,851 - INFO -  - ID: 652345 | Procedure: Questionário PHQ9 | Appointment date: None | Check field: phq9_0=N/A | Date field: phq9_0=N/A
2026-09-10 17:28:47,851 - INFO -  - ID: 652346 | Procedure: Questionário WPAI | Appointment date: None | Check field: wpai0=N/A | Date field: wpai0=N/A
2026-09-10 17:28:47,852 - INFO -  - ID: 652347 | Procedure: Questionário Short Form - SF-36 | Appointment date: None | Check field: None=N/A | Date field: None=N/A
2026-09-10 17:28:47,853 - INFO - DEBUG: Procedure mapping summary:
2026-09-10 17:28:47,853 - INFO -  1. Total procedures in PoloTrial for unique visit: 9
2026-09-10 17:28:47,854 - INFO -  2. Matched with REDCap mapping: 8
2026-09-10 17:28:47,855 - INFO -  3. Unmatched procedures: 1
2026-09-10 17:28:47,855 - WARNING - DEBUG: Unmatched procedures (no mapping found in POLOTRIAL_UNIQUE_EVENT_PROCEDURES_MAP): ['Questionário Short Form - SF-36']
2026-09-10 17:28:47,855 - WARNING -  - 'Questionário Short Form - SF-36'
2026-09-10 17:28:47,859 - ERROR - Error dispatching event: record_id=1, event_name=visita_unica_arm_1, repeat_instance=None, error='PoloTrialClient' object has no attribute 'update_participant_visit_procedure'
Traceback (most recent call last):
  File "/mnt/c/Users/Science/Documents/Python/integracao_embrace/src/integracao_embrace/webhook.py", line 213, in _run_sync
    dispatch_event(
    ~~~~~~~~~~~~~~^
        record_id=record_id,
        ^^^^^^^^^^^^^^^^^^^^
    ...<5 lines>...
        repeat_instance=repeat_instance
        ^^^^^^^^^^^^^^^^^^^^^^^^^^^^^^^
    )
    ^
  File "/mnt/c/Users/Science/Documents/Python/integracao_embrace/src/integracao_embrace/dispatch.py", line 58, in dispatch_event
    sync_unique_event(
    ~~~~~~~~~~~~~~~~~^
        record_id=record_id,
        ^^^^^^^^^^^^^^^^^^^^
    ...<3 lines>...
        protocol_nickname=protocol_nickname,
        ^^^^^^^^^^^^^^^^^^^^^^^^^^^^^^^^^^^^
    )
    ^
  File "/mnt/c/Users/Science/Documents/Python/integracao_embrace/src/integracao_embrace/events/unique_visit.py", line 238, in sync_unique_event
    pvp_df = sync_unique_event_procedures(
        participante_visita_id=participant_visit_id,
    ...<2 lines>...
        redcap_payload=redcap_payload
    )
  File "/mnt/c/Users/Science/Documents/Python/integracao_embrace/src/integracao_embrace/events/unique_visit.py", line 418, in sync_unique_event_procedures
    polotrial.update_participant_visit_procedures(
    ^^^^^^^^^^^^^^^^^^^^^^^^^^^^^^^^^^^^^^^^^^^^
AttributeError: 'PoloTrialClient' object has no attribute 'update_participant_visit_procedure'. Did you mean: 'update_participant_visit_procedures'?
2026-09-10 17:29:01,047 - INFO - Shutting down webhooks for protocol Embrace
2026-09-10 17:29:23,660 - INFO - Webhook initialized for protocol Embrace
2026-09-10 17:29:33,988 - INFO - Received webhook from REDCap DET: project_id=68, username=eduardosoccasvri, instrument=modulo_idp_identificacao_da_paciente, record=1, redcap_event_name=visita_unica_arm_1, redcap_data_acess_group=, redcap_repeat_instance=None, redcap_repeat_instrument=None, redcap_url=https://svriglobal.org/redcap/, project_url=https://svriglobal.org/redcap/redcap_v17.3.10/index.php?pid=68
2026-09-10 17:29:34,074 - INFO - Dispatch runtime: pid=16360, module=/mnt/c/Users/Science/Documents/Python/integracao_embrace/src/integracao_embrace/dispatch.py, event_name='visita_unica_arm_1', instrument='modulo_idp_identificacao_da_paciente'
2026-09-10 17:29:34,076 - INFO - Dispatching to unique visit handles: visita_unica_arm_1
2026-09-10 17:29:34,880 - INFO - Debug redcap url: https://svriglobal.org/redcap/api/
2026-09-10 17:29:34,882 - INFO - Debug redcaptoken (First 3 chars): E6B...
2026-09-10 17:29:34,885 - INFO - Debug redcap status: 200
2026-09-10 17:29:34,889 - INFO - Debug redcap response (first 30 chars): [{"record":"1","redcap_event_n
2026-09-10 17:29:34,898 - INFO - REDCap: filtering event=visita_unica_arm_1 by repeat_instance=None; response instances=[]
2026-09-10 17:29:34,900 - INFO - REDCap: exported record 1 for event visita_unica_arm_1, repeat_instance=None, with 11 fields from 11 entries
2026-09-10 17:29:34,901 - INFO - Mapped gender: Mulher ("Cisgênero") ➡ None
2026-09-10 17:29:34,902 - INFO - Mapped site: SVRI Clínica Morumbi ➡ 47
2026-09-10 17:29:34,904 - INFO - Volunteer payload prepared: {'nome': '1', 'iniciais': 'Teste 1', 'data_nascimento': '1981-07-01', 'sexo': None, 'email': '', 'data_inclusao': '2026-09-10', 'centro': '47', 'contatos': '11111111111'}
2026-09-10 17:29:35,831 - INFO - Polotrial: authentication succsssful
2026-09-10 17:29:36,025 - INFO - Volunteer 1 already exists in PoloTrial with ID: 3338
2026-09-10 17:29:36,026 - INFO - DEBUG: Searching protocol Embrace for site 47
2026-09-10 17:29:37,194 - INFO - Protocol found: Embrace with ID: 2381 (site=47)
2026-09-10 17:29:37,413 - INFO - DEBUG: Protocol Arm founded for the unique visit: ['Embrace']
2026-09-10 17:29:37,414 - INFO - Arm matched: Embrace with ID: 283
2026-09-10 17:29:38,136 - INFO - Participant found in PoloTrial with ID: 3313
2026-09-10 17:30:01,814 - INFO - Participant visits retrieved: 1, for participant ID: 3313
2026-09-10 17:30:01,819 - INFO - Looking for unique visit with name: Visita única among: ['Visita única']
2026-09-10 17:30:01,820 - INFO - Participant visit found: Visita única with ID: 40707
2026-09-10 17:30:02,006 - INFO - Unique visit already up to date (id=40707).
2026-09-10 17:30:02,282 - INFO - DEBUG: Available procedures in PoloTrial for unique visit: ['Consulta Médica', 'Módulo Saúde', 'Módulo Identificação da Paciente', 'Módulo Menopausa', 'Questionário da Saúde da Mulher - WHQ\t', 'Questionário GAD-7', 'Questionário PHQ9', 'Questionário WPAI', 'Questionário Short Form - SF-36']
2026-09-10 17:30:02,284 - INFO -  - ID: 652339 | Procedure: Consulta Médica | Appointment date: None | Check field: cm_atendimento_dt=N/A | Date field: cm_atendimento_dt=N/A
2026-09-10 17:30:02,286 - INFO -  - ID: 652340 | Procedure: Módulo Saúde | Appointment date: None | Check field: s0=N/A | Date field: s0=N/A
2026-09-10 17:30:02,287 - INFO -  - ID: 652341 | Procedure: Módulo Identificação da Paciente | Appointment date: None | Check field: idp3=1 | Date field: idp4=2026-09-10
2026-09-10 17:30:02,288 - INFO -  - ID: 652342 | Procedure: Módulo Menopausa | Appointment date: None | Check field: pm0=N/A | Date field: pm0=N/A
2026-09-10 17:30:02,289 - INFO -  - ID: 652343 | Procedure: Questionário da Saúde da Mulher - WHQ	 | Appointment date: None | Check field: whq0=N/A | Date field: whq0=N/A
2026-09-10 17:30:02,290 - INFO -  - ID: 652344 | Procedure: Questionário GAD-7 | Appointment date: None | Check field: gad7_0=N/A | Date field: gad7_0=N/A
2026-09-10 17:30:02,291 - INFO -  - ID: 652345 | Procedure: Questionário PHQ9 | Appointment date: None | Check field: phq9_0=N/A | Date field: phq9_0=N/A
2026-09-10 17:30:02,292 - INFO -  - ID: 652346 | Procedure: Questionário WPAI | Appointment date: None | Check field: wpai0=N/A | Date field: wpai0=N/A
2026-09-10 17:30:02,294 - INFO -  - ID: 652347 | Procedure: Questionário Short Form - SF-36 | Appointment date: None | Check field: None=N/A | Date field: None=N/A
2026-09-10 17:30:02,295 - INFO - DEBUG: Procedure mapping summary:
2026-09-10 17:30:02,295 - INFO -  1. Total procedures in PoloTrial for unique visit: 9
2026-09-10 17:30:02,296 - INFO -  2. Matched with REDCap mapping: 8
2026-09-10 17:30:02,297 - INFO -  3. Unmatched procedures: 1
2026-09-10 17:30:02,298 - WARNING - DEBUG: Unmatched procedures (no mapping found in POLOTRIAL_UNIQUE_EVENT_PROCEDURES_MAP): ['Questionário Short Form - SF-36']
2026-09-10 17:30:02,299 - WARNING -  - 'Questionário Short Form - SF-36'
2026-09-10 17:30:02,582 - INFO - ✅ Synced procedure 'Módulo Identificação da Paciente' (ID: 652341) with date: 2026-09-10
2026-09-10 17:30:02,585 - INFO - No date found in REDCap for procedure Consulta Médica (check_field=cm_atendimento_dt, date_field=cm_atendimento_dt). Skipping sync.
2026-09-10 17:30:02,588 - INFO - No date found in REDCap for procedure Módulo Saúde (check_field=s0, date_field=s0). Skipping sync.
2026-09-10 17:30:02,593 - INFO - No date found in REDCap for procedure Módulo Menopausa (check_field=pm0, date_field=pm0). Skipping sync.
2026-09-10 17:30:02,596 - INFO - No date found in REDCap for procedure Questionário da Saúde da Mulher - WHQ	 (check_field=whq0, date_field=whq0). Skipping sync.
2026-09-10 17:30:02,598 - INFO - No procedures to sync for pattern: Question[aáAÁ]rio\s+Short\s+Form\s+SF-36
2026-09-10 17:30:02,601 - INFO - No date found in REDCap for procedure Questionário PHQ9 (check_field=phq9_0, date_field=phq9_0). Skipping sync.
2026-09-10 17:30:02,604 - INFO - No date found in REDCap for procedure Questionário WPAI (check_field=wpai0, date_field=wpai0). Skipping sync.
2026-09-10 17:30:02,608 - INFO - No date found in REDCap for procedure Questionário GAD-7 (check_field=gad7_0, date_field=gad7_0). Skipping sync.
2026-09-10 17:30:02,609 - INFO - Unique visit procedures synchronization completed. Total procedures synced: 1/9
2026-09-10 17:30:02,610 - INFO - Executor name from REDCap: 
2026-09-10 17:30:02,611 - INFO - No executor name provided in REDCap payload. Skipping executor synchronization.
2026-09-10 17:30:02,611 - INFO - Unique visit synchronization completed for record_id=1, event_name=visita_unica_arm_1
2026-09-10 17:30:02,612 - INFO - Successfully dispatched event: record_id=1, event_name=visita_unica_arm_1, repeat_instance=None
2026-09-10 17:31:39,383 - INFO - Received webhook from REDCap DET: project_id=68, username=eduardosoccasvri, instrument=modulo_idp_identificacao_da_paciente, record=240-1, redcap_event_name=visita_unica_arm_1, redcap_data_acess_group=, redcap_repeat_instance=None, redcap_repeat_instrument=None, redcap_url=https://svriglobal.org/redcap/, project_url=https://svriglobal.org/redcap/redcap_v17.3.10/index.php?pid=68
2026-09-10 17:31:39,391 - INFO - Dispatch runtime: pid=16360, module=/mnt/c/Users/Science/Documents/Python/integracao_embrace/src/integracao_embrace/dispatch.py, event_name='visita_unica_arm_1', instrument='modulo_idp_identificacao_da_paciente'
2026-09-10 17:31:39,392 - INFO - Dispatching to unique visit handles: visita_unica_arm_1
2026-09-10 17:31:40,107 - INFO - Debug redcap url: https://svriglobal.org/redcap/api/
2026-09-10 17:31:40,107 - INFO - Debug redcaptoken (First 3 chars): E6B...
2026-09-10 17:31:40,109 - INFO - Debug redcap status: 200
2026-09-10 17:31:40,110 - INFO - Debug redcap response (first 30 chars): [{"record":"240-1","redcap_eve
2026-09-10 17:31:40,111 - INFO - REDCap: filtering event=visita_unica_arm_1 by repeat_instance=None; response instances=[]
2026-09-10 17:31:40,112 - INFO - REDCap: exported record 240-1 for event visita_unica_arm_1, repeat_instance=None, with 11 fields from 11 entries
2026-09-10 17:31:40,113 - INFO - Mapped gender: Mulher ("Cisgênero") ➡ None
2026-09-10 17:31:40,114 - INFO - Mapped site: SVRI Clínica Morumbi ➡ 47
2026-09-10 17:31:40,115 - INFO - Volunteer payload prepared: {'nome': '240-1', 'iniciais': 'Teste 2', 'data_nascimento': '1990-01-01', 'sexo': None, 'email': '', 'data_inclusao': '2026-09-10', 'centro': '47', 'contatos': '11111111111'}
2026-09-10 17:31:42,008 - INFO - Volunteer 240-1 created in PoloTrial with ID: 3339
2026-09-10 17:31:42,008 - INFO - DEBUG: Searching protocol Embrace for site 47
2026-09-10 17:31:43,494 - INFO - Protocol found: Embrace with ID: 2381 (site=47)
2026-09-10 17:31:43,745 - INFO - DEBUG: Protocol Arm founded for the unique visit: ['Embrace']
2026-09-10 17:31:43,746 - INFO - Arm matched: Embrace with ID: 283
2026-09-10 17:31:44,407 - INFO - DEBUG: Sending participant payload to PoloTrial: 
{
  "co_voluntario": 3339,
  "co_protocolo": 2381,
  "data_inclusao": "2026-09-10",
  "id_participante": "240-1",
  "numero_de_screening": "240-1",
  "status_participante": "540",
  "co_braco": 283,
  "atualizar_agenda": "1",
  "apagar_visitas_pendentes": "0"
}
2026-09-10 17:31:53,374 - INFO - DEBUG: Participant created in PoloTrial: 
{
  "id": 3314,
  "apagar_visitas_pendentes": 0,
  "id_participante": "240-1",
  "numero_de_screening": "240-1",
  "co_protocolo": 2381,
  "atualizar_agenda": 1,
  "co_braco": 283,
  "data_inclusao": "2026-09-10T00:00:00.000Z",
  "status_participante": 540,
  "co_voluntario": "3339",
  "user_id_log": 4593
}
2026-09-10 17:31:53,375 - INFO - Participant created in PoloTrial with ID: 3314
2026-09-10 17:32:17,226 - INFO - Participant visits retrieved: 1, for participant ID: 3314
2026-09-10 17:32:17,226 - INFO - Looking for unique visit with name: Visita única among: ['Visita única']
2026-09-10 17:32:17,227 - INFO - Participant visit found: Visita única with ID: 40708
2026-09-10 17:32:17,594 - INFO - Unique visit updated (id=40708) with payload: {
  "data_estimada": "2026-09-10",
  "data_realizada": "2026-09-10",
  "status": 20
}
2026-09-10 17:32:17,873 - INFO - DEBUG: Available procedures in PoloTrial for unique visit: ['Consulta Médica', 'Módulo Saúde', 'Módulo Identificação da Paciente', 'Módulo Menopausa', 'Questionário da Saúde da Mulher - WHQ\t', 'Questionário GAD-7', 'Questionário PHQ9', 'Questionário WPAI', 'Questionário Short Form - SF-36']
2026-09-10 17:32:17,879 - INFO -  - ID: 652354 | Procedure: Consulta Médica | Appointment date: None | Check field: cm_atendimento_dt=N/A | Date field: cm_atendimento_dt=N/A
2026-09-10 17:32:17,881 - INFO -  - ID: 652355 | Procedure: Módulo Saúde | Appointment date: None | Check field: s0=N/A | Date field: s0=N/A
2026-09-10 17:32:17,883 - INFO -  - ID: 652356 | Procedure: Módulo Identificação da Paciente | Appointment date: None | Check field: idp3=240-1 | Date field: idp4=2026-09-10
2026-09-10 17:32:17,884 - INFO -  - ID: 652357 | Procedure: Módulo Menopausa | Appointment date: None | Check field: pm0=N/A | Date field: pm0=N/A
2026-09-10 17:32:17,886 - INFO -  - ID: 652358 | Procedure: Questionário da Saúde da Mulher - WHQ	 | Appointment date: None | Check field: whq0=N/A | Date field: whq0=N/A
2026-09-10 17:32:17,887 - INFO -  - ID: 652359 | Procedure: Questionário GAD-7 | Appointment date: None | Check field: gad7_0=N/A | Date field: gad7_0=N/A
2026-09-10 17:32:17,887 - INFO -  - ID: 652360 | Procedure: Questionário PHQ9 | Appointment date: None | Check field: phq9_0=N/A | Date field: phq9_0=N/A
2026-09-10 17:32:17,888 - INFO -  - ID: 652361 | Procedure: Questionário WPAI | Appointment date: None | Check field: wpai0=N/A | Date field: wpai0=N/A
2026-09-10 17:32:17,889 - INFO -  - ID: 652362 | Procedure: Questionário Short Form - SF-36 | Appointment date: None | Check field: None=N/A | Date field: None=N/A
2026-09-10 17:32:17,890 - INFO - DEBUG: Procedure mapping summary:
2026-09-10 17:32:17,890 - INFO -  1. Total procedures in PoloTrial for unique visit: 9
2026-09-10 17:32:17,891 - INFO -  2. Matched with REDCap mapping: 8
2026-09-10 17:32:17,893 - INFO -  3. Unmatched procedures: 1
2026-09-10 17:32:17,894 - WARNING - DEBUG: Unmatched procedures (no mapping found in POLOTRIAL_UNIQUE_EVENT_PROCEDURES_MAP): ['Questionário Short Form - SF-36']
2026-09-10 17:32:17,895 - WARNING -  - 'Questionário Short Form - SF-36'
2026-09-10 17:32:18,083 - INFO - ✅ Synced procedure 'Módulo Identificação da Paciente' (ID: 652356) with date: 2026-09-10
2026-09-10 17:32:18,087 - INFO - No date found in REDCap for procedure Consulta Médica (check_field=cm_atendimento_dt, date_field=cm_atendimento_dt). Skipping sync.
2026-09-10 17:32:18,090 - INFO - No date found in REDCap for procedure Módulo Saúde (check_field=s0, date_field=s0). Skipping sync.
2026-09-10 17:32:18,093 - INFO - No date found in REDCap for procedure Módulo Menopausa (check_field=pm0, date_field=pm0). Skipping sync.
2026-09-10 17:32:18,097 - INFO - No date found in REDCap for procedure Questionário da Saúde da Mulher - WHQ	 (check_field=whq0, date_field=whq0). Skipping sync.
2026-09-10 17:32:18,100 - INFO - No procedures to sync for pattern: Question[aáAÁ]rio\s+Short\s+Form\s+SF-36
2026-09-10 17:32:18,102 - INFO - No date found in REDCap for procedure Questionário PHQ9 (check_field=phq9_0, date_field=phq9_0). Skipping sync.
2026-09-10 17:32:18,105 - INFO - No date found in REDCap for procedure Questionário WPAI (check_field=wpai0, date_field=wpai0). Skipping sync.
2026-09-10 17:32:18,109 - INFO - No date found in REDCap for procedure Questionário GAD-7 (check_field=gad7_0, date_field=gad7_0). Skipping sync.
2026-09-10 17:32:18,110 - INFO - Unique visit procedures synchronization completed. Total procedures synced: 1/9
2026-09-10 17:32:18,111 - INFO - Executor name from REDCap: 
2026-09-10 17:32:18,112 - INFO - No executor name provided in REDCap payload. Skipping executor synchronization.
2026-09-10 17:32:18,112 - INFO - Unique visit synchronization completed for record_id=240-1, event_name=visita_unica_arm_1
2026-09-10 17:32:18,113 - INFO - Successfully dispatched event: record_id=240-1, event_name=visita_unica_arm_1, repeat_instance=None
2026-09-10 17:32:34,956 - INFO - Received webhook from REDCap DET: project_id=68, username=eduardosoccasvri, instrument=modulo_idp_identificacao_da_paciente, record=240-1, redcap_event_name=visita_unica_arm_1, redcap_data_acess_group=, redcap_repeat_instance=None, redcap_repeat_instrument=None, redcap_url=https://svriglobal.org/redcap/, project_url=https://svriglobal.org/redcap/redcap_v17.3.10/index.php?pid=68
2026-09-10 17:32:34,960 - INFO - Dispatch runtime: pid=16360, module=/mnt/c/Users/Science/Documents/Python/integracao_embrace/src/integracao_embrace/dispatch.py, event_name='visita_unica_arm_1', instrument='modulo_idp_identificacao_da_paciente'
2026-09-10 17:32:34,961 - INFO - Dispatching to unique visit handles: visita_unica_arm_1
2026-09-10 17:32:35,650 - INFO - Debug redcap url: https://svriglobal.org/redcap/api/
2026-09-10 17:32:35,651 - INFO - Debug redcaptoken (First 3 chars): E6B...
2026-09-10 17:32:35,652 - INFO - Debug redcap status: 200
2026-09-10 17:32:35,653 - INFO - Debug redcap response (first 30 chars): [{"record":"240-1","redcap_eve
2026-09-10 17:32:35,654 - INFO - REDCap: filtering event=visita_unica_arm_1 by repeat_instance=None; response instances=[]
2026-09-10 17:32:35,656 - INFO - REDCap: exported record 240-1 for event visita_unica_arm_1, repeat_instance=None, with 11 fields from 11 entries
2026-09-10 17:32:35,658 - INFO - Mapped gender: Mulher ("Cisgênero") ➡ None
2026-09-10 17:32:35,659 - INFO - Mapped site: SVRI Clínica Morumbi ➡ 47
2026-09-10 17:32:35,659 - INFO - Volunteer payload prepared: {'nome': '240-1', 'iniciais': 'Teste 2-1', 'data_nascimento': '1990-01-01', 'sexo': None, 'email': '', 'data_inclusao': '2026-09-10', 'centro': '47', 'contatos': '11111111111'}
2026-09-10 17:32:35,861 - INFO - Volunteer 240-1 already exists in PoloTrial with ID: 3339
2026-09-10 17:32:35,863 - INFO - DEBUG: Searching protocol Embrace for site 47
2026-09-10 17:32:36,999 - INFO - Protocol found: Embrace with ID: 2381 (site=47)
2026-09-10 17:32:37,274 - INFO - DEBUG: Protocol Arm founded for the unique visit: ['Embrace']
2026-09-10 17:32:37,275 - INFO - Arm matched: Embrace with ID: 283
2026-09-10 17:32:37,958 - INFO - Participant found in PoloTrial with ID: 3314
2026-09-10 17:33:01,518 - INFO - Participant visits retrieved: 1, for participant ID: 3314
2026-09-10 17:33:01,520 - INFO - Looking for unique visit with name: Visita única among: ['Visita única']
2026-09-10 17:33:01,521 - INFO - Participant visit found: Visita única with ID: 40708
2026-09-10 17:33:01,717 - INFO - Unique visit already up to date (id=40708).
2026-09-10 17:33:01,945 - INFO - DEBUG: Available procedures in PoloTrial for unique visit: ['Consulta Médica', 'Módulo Saúde', 'Módulo Identificação da Paciente', 'Módulo Menopausa', 'Questionário da Saúde da Mulher - WHQ\t', 'Questionário GAD-7', 'Questionário PHQ9', 'Questionário WPAI', 'Questionário Short Form - SF-36']
2026-09-10 17:33:01,949 - INFO -  - ID: 652354 | Procedure: Consulta Médica | Appointment date: nan | Check field: cm_atendimento_dt=N/A | Date field: cm_atendimento_dt=N/A
2026-09-10 17:33:01,950 - INFO -  - ID: 652355 | Procedure: Módulo Saúde | Appointment date: nan | Check field: s0=N/A | Date field: s0=N/A
2026-09-10 17:33:01,951 - INFO -  - ID: 652356 | Procedure: Módulo Identificação da Paciente | Appointment date: 2026-09-10T00:00:00.000Z | Check field: idp3=240-1 | Date field: idp4=2026-09-10
2026-09-10 17:33:01,953 - INFO -  - ID: 652357 | Procedure: Módulo Menopausa | Appointment date: nan | Check field: pm0=N/A | Date field: pm0=N/A
2026-09-10 17:33:01,954 - INFO -  - ID: 652358 | Procedure: Questionário da Saúde da Mulher - WHQ	 | Appointment date: nan | Check field: whq0=N/A | Date field: whq0=N/A
2026-09-10 17:33:01,955 - INFO -  - ID: 652359 | Procedure: Questionário GAD-7 | Appointment date: nan | Check field: gad7_0=N/A | Date field: gad7_0=N/A
2026-09-10 17:33:01,961 - INFO -  - ID: 652360 | Procedure: Questionário PHQ9 | Appointment date: nan | Check field: phq9_0=N/A | Date field: phq9_0=N/A
2026-09-10 17:33:01,962 - INFO -  - ID: 652361 | Procedure: Questionário WPAI | Appointment date: nan | Check field: wpai0=N/A | Date field: wpai0=N/A
2026-09-10 17:33:01,965 - INFO -  - ID: 652362 | Procedure: Questionário Short Form - SF-36 | Appointment date: nan | Check field: None=N/A | Date field: None=N/A
2026-09-10 17:33:01,966 - INFO - DEBUG: Procedure mapping summary:
2026-09-10 17:33:01,967 - INFO -  1. Total procedures in PoloTrial for unique visit: 9
2026-09-10 17:33:01,968 - INFO -  2. Matched with REDCap mapping: 8
2026-09-10 17:33:01,969 - INFO -  3. Unmatched procedures: 1
2026-09-10 17:33:01,970 - WARNING - DEBUG: Unmatched procedures (no mapping found in POLOTRIAL_UNIQUE_EVENT_PROCEDURES_MAP): ['Questionário Short Form - SF-36']
2026-09-10 17:33:01,971 - WARNING -  - 'Questionário Short Form - SF-36'
2026-09-10 17:33:01,982 - INFO - No procedures to sync for pattern: M[oóOÓ]dulo\s+Identifica[cçCÇ][aãAÃ]o\s+da\s+Paciente
2026-09-10 17:33:01,986 - INFO - No date found in REDCap for procedure Consulta Médica (check_field=cm_atendimento_dt, date_field=cm_atendimento_dt). Skipping sync.
2026-09-10 17:33:01,995 - INFO - No date found in REDCap for procedure Módulo Saúde (check_field=s0, date_field=s0). Skipping sync.
2026-09-10 17:33:02,000 - INFO - No date found in REDCap for procedure Módulo Menopausa (check_field=pm0, date_field=pm0). Skipping sync.
2026-09-10 17:33:02,003 - INFO - No date found in REDCap for procedure Questionário da Saúde da Mulher - WHQ	 (check_field=whq0, date_field=whq0). Skipping sync.
2026-09-10 17:33:02,007 - INFO - No procedures to sync for pattern: Question[aáAÁ]rio\s+Short\s+Form\s+SF-36
2026-09-10 17:33:02,015 - INFO - No date found in REDCap for procedure Questionário PHQ9 (check_field=phq9_0, date_field=phq9_0). Skipping sync.
2026-09-10 17:33:02,019 - INFO - No date found in REDCap for procedure Questionário WPAI (check_field=wpai0, date_field=wpai0). Skipping sync.
2026-09-10 17:33:02,031 - INFO - No date found in REDCap for procedure Questionário GAD-7 (check_field=gad7_0, date_field=gad7_0). Skipping sync.
2026-09-10 17:33:02,037 - INFO - Unique visit procedures synchronization completed. Total procedures synced: 0/9
2026-09-10 17:33:02,041 - INFO - Executor name from REDCap: 
2026-09-10 17:33:02,044 - INFO - No executor name provided in REDCap payload. Skipping executor synchronization.
2026-09-10 17:33:02,046 - INFO - Unique visit synchronization completed for record_id=240-1, event_name=visita_unica_arm_1
2026-09-10 17:33:02,052 - INFO - Successfully dispatched event: record_id=240-1, event_name=visita_unica_arm_1, repeat_instance=None
2026-09-10 17:39:36,312 - INFO - Shutting down webhooks for protocol Embrace
2026-09-10 17:49:07,750 - INFO - Webhook initialized for protocol Embrace
2026-09-10 17:49:20,120 - INFO - Received webhook from REDCap DET: project_id=68, username=eduardosoccasvri, instrument=modulo_idp_identificacao_da_paciente, record=240-1, redcap_event_name=visita_unica_arm_1, redcap_data_acess_group=, redcap_repeat_instance=None, redcap_repeat_instrument=None, redcap_url=https://svriglobal.org/redcap/, project_url=https://svriglobal.org/redcap/redcap_v17.3.10/index.php?pid=68
2026-09-10 17:49:20,301 - INFO - Dispatch runtime: pid=18671, module=/mnt/c/Users/Science/Documents/Python/integracao_embrace/src/integracao_embrace/dispatch.py, event_name='visita_unica_arm_1', instrument='modulo_idp_identificacao_da_paciente'
2026-09-10 17:49:20,302 - INFO - Dispatching to unique visit handles: visita_unica_arm_1
2026-09-10 17:49:21,065 - INFO - Debug redcap url: https://svriglobal.org/redcap/api/
2026-09-10 17:49:21,067 - INFO - Debug redcaptoken (First 3 chars): E6B...
2026-09-10 17:49:21,070 - INFO - Debug redcap status: 200
2026-09-10 17:49:21,072 - INFO - Debug redcap response (first 30 chars): [{"record":"240-1","redcap_eve
2026-09-10 17:49:21,077 - INFO - REDCap: filtering event=visita_unica_arm_1 by repeat_instance=None; response instances=[]
2026-09-10 17:49:21,078 - INFO - REDCap: exported record 240-1 for event visita_unica_arm_1, repeat_instance=None, with 11 fields from 11 entries
2026-09-10 17:49:21,080 - INFO - Mapped gender: Mulher ("Cisgênero") ➡ None
2026-09-10 17:49:21,081 - INFO - Mapped site: SVRI Clínica Morumbi ➡ 47
2026-09-10 17:49:21,082 - INFO - Volunteer payload prepared: {'nome': '240-1', 'iniciais': 'Teste 2-1', 'data_nascimento': '1990-01-01', 'sexo': None, 'email': '', 'data_inclusao': '2026-09-10', 'centro': '47', 'contatos': '11111111111'}
2026-09-10 17:49:22,272 - INFO - Polotrial: authentication succsssful
2026-09-10 17:49:22,475 - INFO - Volunteer 240-1 already exists in PoloTrial with ID: 3339
2026-09-10 17:49:22,476 - INFO - Volunteer 240-1 data changed in REDCap, updating in PoloTrial: {'iniciais': 'Teste 2-1'}
2026-09-10 17:49:22,674 - INFO - DEBUG: Searching protocol Embrace for site 47
2026-09-10 17:49:23,082 - INFO - Protocol found: Embrace with ID: 2381 (site=47)
2026-09-10 17:49:23,295 - INFO - DEBUG: Protocol Arm founded for the unique visit: ['Embrace']
2026-09-10 17:49:23,296 - INFO - Arm matched: Embrace with ID: 283
2026-09-10 17:49:23,858 - INFO - Participant found in PoloTrial with ID: 3314
2026-09-10 17:49:47,454 - INFO - Participant visits retrieved: 1, for participant ID: 3314
2026-09-10 17:49:47,455 - INFO - Looking for unique visit with name: Visita única among: ['Visita única']
2026-09-10 17:49:47,455 - INFO - Participant visit found: Visita única with ID: 40708
2026-09-10 17:49:47,623 - INFO - Unique visit already up to date (id=40708).
2026-09-10 17:49:47,893 - INFO - DEBUG: Available procedures in PoloTrial for unique visit: ['Consulta Médica', 'Módulo Saúde', 'Módulo Identificação da Paciente', 'Módulo Menopausa', 'Questionário da Saúde da Mulher - WHQ\t', 'Questionário GAD-7', 'Questionário PHQ9', 'Questionário WPAI', 'Questionário Short Form - SF-36']
2026-09-10 17:49:47,896 - INFO -  - ID: 652354 | Procedure: Consulta Médica | Appointment date: nan | Check field: cm_atendimento_dt=N/A | Date field: cm_atendimento_dt=N/A
2026-09-10 17:49:47,897 - INFO -  - ID: 652355 | Procedure: Módulo Saúde | Appointment date: nan | Check field: s0=N/A | Date field: s0=N/A
2026-09-10 17:49:47,898 - INFO -  - ID: 652356 | Procedure: Módulo Identificação da Paciente | Appointment date: 2026-09-10T00:00:00.000Z | Check field: idp3=240-1 | Date field: idp4=2026-09-10
2026-09-10 17:49:47,899 - INFO -  - ID: 652357 | Procedure: Módulo Menopausa | Appointment date: nan | Check field: pm0=N/A | Date field: pm0=N/A
2026-09-10 17:49:47,900 - INFO -  - ID: 652358 | Procedure: Questionário da Saúde da Mulher - WHQ	 | Appointment date: nan | Check field: whq0=N/A | Date field: whq0=N/A
2026-09-10 17:49:47,901 - INFO -  - ID: 652359 | Procedure: Questionário GAD-7 | Appointment date: nan | Check field: gad7_0=N/A | Date field: gad7_0=N/A
2026-09-10 17:49:47,902 - INFO -  - ID: 652360 | Procedure: Questionário PHQ9 | Appointment date: nan | Check field: phq9_0=N/A | Date field: phq9_0=N/A
2026-09-10 17:49:47,903 - INFO -  - ID: 652361 | Procedure: Questionário WPAI | Appointment date: nan | Check field: wpai0=N/A | Date field: wpai0=N/A
2026-09-10 17:49:47,904 - INFO -  - ID: 652362 | Procedure: Questionário Short Form - SF-36 | Appointment date: nan | Check field: None=N/A | Date field: None=N/A
2026-09-10 17:49:47,905 - INFO - DEBUG: Procedure mapping summary:
2026-09-10 17:49:47,912 - INFO -  1. Total procedures in PoloTrial for unique visit: 9
2026-09-10 17:49:47,913 - INFO -  2. Matched with REDCap mapping: 8
2026-09-10 17:49:47,914 - INFO -  3. Unmatched procedures: 1
2026-09-10 17:49:47,914 - WARNING - DEBUG: Unmatched procedures (no mapping found in POLOTRIAL_UNIQUE_EVENT_PROCEDURES_MAP): ['Questionário Short Form - SF-36']
2026-09-10 17:49:47,915 - WARNING -  - 'Questionário Short Form - SF-36'
2026-09-10 17:49:47,933 - INFO - No procedures to sync for pattern: M[oóOÓ]dulo\s+Identifica[cçCÇ][aãAÃ]o\s+da\s+Paciente
2026-09-10 17:49:47,946 - INFO - No date found in REDCap for procedure Consulta Médica (check_field=cm_atendimento_dt, date_field=cm_atendimento_dt). Skipping sync.
2026-09-10 17:49:47,949 - INFO - No date found in REDCap for procedure Módulo Saúde (check_field=s0, date_field=s0). Skipping sync.
2026-09-10 17:49:47,952 - INFO - No date found in REDCap for procedure Módulo Menopausa (check_field=pm0, date_field=pm0). Skipping sync.
2026-09-10 17:49:47,963 - INFO - No date found in REDCap for procedure Questionário da Saúde da Mulher - WHQ	 (check_field=whq0, date_field=whq0). Skipping sync.
2026-09-10 17:49:47,965 - INFO - No procedures to sync for pattern: Question[aáAÁ]rio\s+Short\s+Form\s+SF-36
2026-09-10 17:49:47,969 - INFO - No date found in REDCap for procedure Questionário PHQ9 (check_field=phq9_0, date_field=phq9_0). Skipping sync.
2026-09-10 17:49:47,975 - INFO - No date found in REDCap for procedure Questionário WPAI (check_field=wpai0, date_field=wpai0). Skipping sync.
2026-09-10 17:49:47,984 - INFO - No date found in REDCap for procedure Questionário GAD-7 (check_field=gad7_0, date_field=gad7_0). Skipping sync.
2026-09-10 17:49:47,994 - INFO - Unique visit procedures synchronization completed. Total procedures synced: 0/9
2026-09-10 17:49:48,009 - INFO - Executor name from REDCap: 
2026-09-10 17:49:48,023 - INFO - No executor name provided in REDCap payload. Skipping executor synchronization.
2026-09-10 17:49:48,034 - INFO - Unique visit synchronization completed for record_id=240-1, event_name=visita_unica_arm_1
2026-09-10 17:49:48,043 - INFO - Successfully dispatched event: record_id=240-1, event_name=visita_unica_arm_1, repeat_instance=None
2026-09-11 10:40:35,426 - INFO - Received webhook from REDCap DET: project_id=68, username=danielepokessvri, instrument=modulo_idp_identificacao_da_paciente, record=240-2, redcap_event_name=visita_unica_arm_1, redcap_data_acess_group=, redcap_repeat_instance=None, redcap_repeat_instrument=None, redcap_url=https://svriglobal.org/redcap/, project_url=https://svriglobal.org/redcap/redcap_v17.3.10/index.php?pid=68
2026-09-11 10:40:35,516 - INFO - Dispatch runtime: pid=18671, module=/mnt/c/Users/Science/Documents/Python/integracao_embrace/src/integracao_embrace/dispatch.py, event_name='visita_unica_arm_1', instrument='modulo_idp_identificacao_da_paciente'
2026-09-11 10:40:35,519 - INFO - Dispatching to unique visit handles: visita_unica_arm_1
2026-09-11 10:40:36,422 - INFO - Debug redcap url: https://svriglobal.org/redcap/api/
2026-09-11 10:40:36,423 - INFO - Debug redcaptoken (First 3 chars): E6B...
2026-09-11 10:40:36,425 - INFO - Debug redcap status: 200
2026-09-11 10:40:36,427 - INFO - Debug redcap response (first 30 chars): [{"record":"240-2","redcap_eve
2026-09-11 10:40:36,429 - INFO - REDCap: filtering event=visita_unica_arm_1 by repeat_instance=None; response instances=[]
2026-09-11 10:40:36,430 - INFO - REDCap: exported record 240-2 for event visita_unica_arm_1, repeat_instance=None, with 11 fields from 11 entries
2026-09-11 10:40:36,433 - INFO - Mapped gender: Mulher ("Cisgênero") ➡ None
2026-09-11 10:40:36,435 - INFO - Mapped site: SVRI Clínica Morumbi ➡ 47
2026-09-11 10:40:36,436 - INFO - Volunteer payload prepared: {'nome': '240-2', 'iniciais': 'Daniele Komar', 'data_nascimento': '1989-11-24', 'sexo': None, 'email': '', 'data_inclusao': '2026-09-11', 'centro': '47', 'contatos': '11111111111'}
2026-09-11 10:40:38,350 - INFO - Volunteer 240-2 created in PoloTrial with ID: 3340
2026-09-11 10:40:38,351 - INFO - DEBUG: Searching protocol Embrace for site 47
2026-09-11 10:40:38,917 - INFO - Protocol found: Embrace with ID: 2381 (site=47)
2026-09-11 10:40:39,124 - INFO - DEBUG: Protocol Arm founded for the unique visit: ['Embrace']
2026-09-11 10:40:39,125 - INFO - Arm matched: Embrace with ID: 283
2026-09-11 10:40:39,763 - INFO - DEBUG: Sending participant payload to PoloTrial: 
{
  "co_voluntario": 3340,
  "co_protocolo": 2381,
  "data_inclusao": "2026-09-11",
  "id_participante": "240-2",
  "numero_de_screening": "240-2",
  "status_participante": "540",
  "co_braco": 283,
  "atualizar_agenda": "1",
  "apagar_visitas_pendentes": "0"
}
2026-09-11 10:40:47,732 - INFO - Received webhook from REDCap DET: project_id=68, username=larissa.matias, instrument=modulo_idp_identificacao_da_paciente, record=240-3, redcap_event_name=visita_unica_arm_1, redcap_data_acess_group=, redcap_repeat_instance=None, redcap_repeat_instrument=None, redcap_url=https://svriglobal.org/redcap/, project_url=https://svriglobal.org/redcap/redcap_v17.3.10/index.php?pid=68
2026-09-11 10:40:47,740 - INFO - Dispatch runtime: pid=18671, module=/mnt/c/Users/Science/Documents/Python/integracao_embrace/src/integracao_embrace/dispatch.py, event_name='visita_unica_arm_1', instrument='modulo_idp_identificacao_da_paciente'
2026-09-11 10:40:47,741 - INFO - Dispatching to unique visit handles: visita_unica_arm_1
2026-09-11 10:40:48,357 - INFO - Debug redcap url: https://svriglobal.org/redcap/api/
2026-09-11 10:40:48,357 - INFO - Debug redcaptoken (First 3 chars): E6B...
2026-09-11 10:40:48,358 - INFO - Debug redcap status: 200
2026-09-11 10:40:48,358 - INFO - Debug redcap response (first 30 chars): [{"record":"240-3","redcap_eve
2026-09-11 10:40:48,359 - INFO - REDCap: filtering event=visita_unica_arm_1 by repeat_instance=None; response instances=[]
2026-09-11 10:40:48,359 - INFO - REDCap: exported record 240-3 for event visita_unica_arm_1, repeat_instance=None, with 10 fields from 10 entries
2026-09-11 10:40:48,359 - INFO - Mapped gender:  ➡ None
2026-09-11 10:40:48,360 - INFO - Mapped site: SVRI Clínica Morumbi ➡ 47
2026-09-11 10:40:48,360 - INFO - Volunteer payload prepared: {'nome': '240-3', 'iniciais': 'Larissa Matias ', 'data_nascimento': '2004-10-29', 'sexo': None, 'email': '', 'data_inclusao': '2026-09-11', 'centro': '47', 'contatos': '11111111111'}
2026-09-11 10:40:48,406 - INFO - DEBUG: Participant created in PoloTrial: 
{
  "id": 3315,
  "apagar_visitas_pendentes": 0,
  "id_participante": "240-2",
  "numero_de_screening": "240-2",
  "co_protocolo": 2381,
  "atualizar_agenda": 1,
  "co_braco": 283,
  "data_inclusao": "2026-09-11T00:00:00.000Z",
  "status_participante": 540,
  "co_voluntario": "3340",
  "user_id_log": 4593
}
2026-09-11 10:40:48,407 - INFO - Participant created in PoloTrial with ID: 3315
2026-09-11 10:40:49,808 - INFO - Volunteer 240-3 created in PoloTrial with ID: 3341
2026-09-11 10:40:49,810 - INFO - DEBUG: Searching protocol Embrace for site 47
2026-09-11 10:40:50,237 - INFO - Protocol found: Embrace with ID: 2381 (site=47)
2026-09-11 10:40:50,422 - INFO - DEBUG: Protocol Arm founded for the unique visit: ['Embrace']
2026-09-11 10:40:50,423 - INFO - Arm matched: Embrace with ID: 283
2026-09-11 10:40:50,908 - INFO - DEBUG: Sending participant payload to PoloTrial: 
{
  "co_voluntario": 3341,
  "co_protocolo": 2381,
  "data_inclusao": "2026-09-11",
  "id_participante": "240-3",
  "numero_de_screening": "240-3",
  "status_participante": "540",
  "co_braco": 283,
  "atualizar_agenda": "1",
  "apagar_visitas_pendentes": "0"
}
2026-09-11 10:40:58,111 - INFO - Received webhook from REDCap DET: project_id=68, username=luana.fernandes, instrument=modulo_idp_identificacao_da_paciente, record=240-4, redcap_event_name=visita_unica_arm_1, redcap_data_acess_group=, redcap_repeat_instance=None, redcap_repeat_instrument=None, redcap_url=https://svriglobal.org/redcap/, project_url=https://svriglobal.org/redcap/redcap_v17.3.10/index.php?pid=68
2026-09-11 10:40:58,119 - INFO - Dispatch runtime: pid=18671, module=/mnt/c/Users/Science/Documents/Python/integracao_embrace/src/integracao_embrace/dispatch.py, event_name='visita_unica_arm_1', instrument='modulo_idp_identificacao_da_paciente'
2026-09-11 10:40:58,120 - INFO - Dispatching to unique visit handles: visita_unica_arm_1
2026-09-11 10:40:58,767 - INFO - Debug redcap url: https://svriglobal.org/redcap/api/
2026-09-11 10:40:58,767 - INFO - Debug redcaptoken (First 3 chars): E6B...
2026-09-11 10:40:58,768 - INFO - Debug redcap status: 200
2026-09-11 10:40:58,768 - INFO - Debug redcap response (first 30 chars): [{"record":"240-4","redcap_eve
2026-09-11 10:40:58,769 - INFO - REDCap: filtering event=visita_unica_arm_1 by repeat_instance=None; response instances=[]
2026-09-11 10:40:58,770 - INFO - REDCap: exported record 240-4 for event visita_unica_arm_1, repeat_instance=None, with 10 fields from 10 entries
2026-09-11 10:40:58,771 - INFO - Mapped gender:  ➡ None
2026-09-11 10:40:58,772 - INFO - Mapped site: SVRI Clínica Morumbi ➡ 47
2026-09-11 10:40:58,773 - INFO - Volunteer payload prepared: {'nome': '240-4', 'iniciais': 'Luana Batista Fernandes', 'data_nascimento': '2026-05-31', 'sexo': None, 'email': '', 'data_inclusao': '2026-09-11', 'centro': '47', 'contatos': '11111111111'}
2026-09-11 10:40:58,959 - INFO - DEBUG: Participant created in PoloTrial: 
{
  "id": 3316,
  "apagar_visitas_pendentes": 0,
  "id_participante": "240-3",
  "numero_de_screening": "240-3",
  "co_protocolo": 2381,
  "atualizar_agenda": 1,
  "co_braco": 283,
  "data_inclusao": "2026-09-11T00:00:00.000Z",
  "status_participante": 540,
  "co_voluntario": "3341",
  "user_id_log": 4593
}
2026-09-11 10:40:58,961 - INFO - Participant created in PoloTrial with ID: 3316
2026-09-11 10:41:03,685 - INFO - Volunteer 240-4 created in PoloTrial with ID: 3342
2026-09-11 10:41:03,686 - INFO - DEBUG: Searching protocol Embrace for site 47
2026-09-11 10:41:04,080 - INFO - Protocol found: Embrace with ID: 2381 (site=47)
2026-09-11 10:41:04,285 - INFO - DEBUG: Protocol Arm founded for the unique visit: ['Embrace']
2026-09-11 10:41:04,286 - INFO - Arm matched: Embrace with ID: 283
2026-09-11 10:41:04,837 - INFO - DEBUG: Sending participant payload to PoloTrial: 
{
  "co_voluntario": 3342,
  "co_protocolo": 2381,
  "data_inclusao": "2026-09-11",
  "id_participante": "240-4",
  "numero_de_screening": "240-4",
  "status_participante": "540",
  "co_braco": 283,
  "atualizar_agenda": "1",
  "apagar_visitas_pendentes": "0"
}
2026-09-11 10:41:13,644 - INFO - DEBUG: Participant created in PoloTrial: 
{
  "id": 3317,
  "apagar_visitas_pendentes": 0,
  "id_participante": "240-4",
  "numero_de_screening": "240-4",
  "co_protocolo": 2381,
  "atualizar_agenda": 1,
  "co_braco": 283,
  "data_inclusao": "2026-09-11T00:00:00.000Z",
  "status_participante": 540,
  "co_voluntario": "3342",
  "user_id_log": 4593
}
2026-09-11 10:41:13,644 - INFO - Participant created in PoloTrial with ID: 3317
2026-09-11 10:41:14,682 - INFO - Participant visits retrieved: 1, for participant ID: 3315
2026-09-11 10:41:14,684 - INFO - Looking for unique visit with name: Visita única among: ['Visita única']
2026-09-11 10:41:14,684 - INFO - Participant visit found: Visita única with ID: 40709
2026-09-11 10:41:15,045 - INFO - Unique visit updated (id=40709) with payload: {
  "data_estimada": "2026-09-11",
  "data_realizada": "2026-09-11",
  "status": 20
}
2026-09-11 10:41:15,420 - INFO - DEBUG: Available procedures in PoloTrial for unique visit: ['Consulta Médica', 'Módulo Saúde', 'Módulo Identificação da Paciente', 'Módulo Menopausa', 'Questionário da Saúde da Mulher - WHQ\t', 'Questionário GAD-7', 'Questionário PHQ9', 'Questionário WPAI', 'Questionário Short Form - SF-36']
2026-09-11 10:41:15,422 - INFO -  - ID: 652369 | Procedure: Consulta Médica | Appointment date: None | Check field: cm_atendimento_dt=N/A | Date field: cm_atendimento_dt=N/A
2026-09-11 10:41:15,424 - INFO -  - ID: 652370 | Procedure: Módulo Saúde | Appointment date: None | Check field: s0=N/A | Date field: s0=N/A
2026-09-11 10:41:15,425 - INFO -  - ID: 652371 | Procedure: Módulo Identificação da Paciente | Appointment date: None | Check field: idp3=240-2 | Date field: idp4=2026-09-11
2026-09-11 10:41:15,426 - INFO -  - ID: 652372 | Procedure: Módulo Menopausa | Appointment date: None | Check field: pm0=N/A | Date field: pm0=N/A
2026-09-11 10:41:15,427 - INFO -  - ID: 652373 | Procedure: Questionário da Saúde da Mulher - WHQ	 | Appointment date: None | Check field: whq0=N/A | Date field: whq0=N/A
2026-09-11 10:41:15,429 - INFO -  - ID: 652374 | Procedure: Questionário GAD-7 | Appointment date: None | Check field: gad7_0=N/A | Date field: gad7_0=N/A
2026-09-11 10:41:15,430 - INFO -  - ID: 652375 | Procedure: Questionário PHQ9 | Appointment date: None | Check field: phq9_0=N/A | Date field: phq9_0=N/A
2026-09-11 10:41:15,430 - INFO -  - ID: 652376 | Procedure: Questionário WPAI | Appointment date: None | Check field: wpai0=N/A | Date field: wpai0=N/A
2026-09-11 10:41:15,431 - INFO -  - ID: 652377 | Procedure: Questionário Short Form - SF-36 | Appointment date: None | Check field: None=N/A | Date field: None=N/A
2026-09-11 10:41:15,432 - INFO - DEBUG: Procedure mapping summary:
2026-09-11 10:41:15,433 - INFO -  1. Total procedures in PoloTrial for unique visit: 9
2026-09-11 10:41:15,434 - INFO -  2. Matched with REDCap mapping: 8
2026-09-11 10:41:15,435 - INFO -  3. Unmatched procedures: 1
2026-09-11 10:41:15,437 - WARNING - DEBUG: Unmatched procedures (no mapping found in POLOTRIAL_UNIQUE_EVENT_PROCEDURES_MAP): ['Questionário Short Form - SF-36']
2026-09-11 10:41:15,438 - WARNING -  - 'Questionário Short Form - SF-36'
2026-09-11 10:41:15,658 - INFO - ✅ Synced procedure 'Módulo Identificação da Paciente' (ID: 652371) with date: 2026-09-11
2026-09-11 10:41:15,664 - INFO - No date found in REDCap for procedure Consulta Médica (check_field=cm_atendimento_dt, date_field=cm_atendimento_dt). Skipping sync.
2026-09-11 10:41:15,667 - INFO - No date found in REDCap for procedure Módulo Saúde (check_field=s0, date_field=s0). Skipping sync.
2026-09-11 10:41:15,669 - INFO - No date found in REDCap for procedure Módulo Menopausa (check_field=pm0, date_field=pm0). Skipping sync.
2026-09-11 10:41:15,672 - INFO - No date found in REDCap for procedure Questionário da Saúde da Mulher - WHQ	 (check_field=whq0, date_field=whq0). Skipping sync.
2026-09-11 10:41:15,675 - INFO - No procedures to sync for pattern: Question[aáAÁ]rio\s+Short\s+Form\s+SF-36
2026-09-11 10:41:15,680 - INFO - No date found in REDCap for procedure Questionário PHQ9 (check_field=phq9_0, date_field=phq9_0). Skipping sync.
2026-09-11 10:41:15,682 - INFO - No date found in REDCap for procedure Questionário WPAI (check_field=wpai0, date_field=wpai0). Skipping sync.
2026-09-11 10:41:15,685 - INFO - No date found in REDCap for procedure Questionário GAD-7 (check_field=gad7_0, date_field=gad7_0). Skipping sync.
2026-09-11 10:41:15,686 - INFO - Unique visit procedures synchronization completed. Total procedures synced: 1/9
2026-09-11 10:41:15,687 - INFO - Executor name from REDCap: 
2026-09-11 10:41:15,688 - INFO - No executor name provided in REDCap payload. Skipping executor synchronization.
2026-09-11 10:41:15,688 - INFO - Unique visit synchronization completed for record_id=240-2, event_name=visita_unica_arm_1
2026-09-11 10:41:15,689 - INFO - Successfully dispatched event: record_id=240-2, event_name=visita_unica_arm_1, repeat_instance=None
2026-09-11 10:41:23,117 - INFO - Participant visits retrieved: 1, for participant ID: 3316
2026-09-11 10:41:23,118 - INFO - Looking for unique visit with name: Visita única among: ['Visita única']
2026-09-11 10:41:23,119 - INFO - Participant visit found: Visita única with ID: 40710
2026-09-11 10:41:23,458 - INFO - Unique visit updated (id=40710) with payload: {
  "data_estimada": "2026-09-11",
  "data_realizada": "2026-09-11",
  "status": 20
}
2026-09-11 10:41:23,653 - INFO - DEBUG: Available procedures in PoloTrial for unique visit: ['Consulta Médica', 'Módulo Saúde', 'Módulo Identificação da Paciente', 'Módulo Menopausa', 'Questionário da Saúde da Mulher - WHQ\t', 'Questionário GAD-7', 'Questionário PHQ9', 'Questionário WPAI', 'Questionário Short Form - SF-36']
2026-09-11 10:41:23,655 - INFO -  - ID: 652384 | Procedure: Consulta Médica | Appointment date: None | Check field: cm_atendimento_dt=N/A | Date field: cm_atendimento_dt=N/A
2026-09-11 10:41:23,658 - INFO -  - ID: 652385 | Procedure: Módulo Saúde | Appointment date: None | Check field: s0=N/A | Date field: s0=N/A
2026-09-11 10:41:23,659 - INFO -  - ID: 652386 | Procedure: Módulo Identificação da Paciente | Appointment date: None | Check field: idp3=240-3 | Date field: idp4=2026-09-11
2026-09-11 10:41:23,659 - INFO -  - ID: 652387 | Procedure: Módulo Menopausa | Appointment date: None | Check field: pm0=N/A | Date field: pm0=N/A
2026-09-11 10:41:23,660 - INFO -  - ID: 652388 | Procedure: Questionário da Saúde da Mulher - WHQ	 | Appointment date: None | Check field: whq0=N/A | Date field: whq0=N/A
2026-09-11 10:41:23,661 - INFO -  - ID: 652389 | Procedure: Questionário GAD-7 | Appointment date: None | Check field: gad7_0=N/A | Date field: gad7_0=N/A
2026-09-11 10:41:23,662 - INFO -  - ID: 652390 | Procedure: Questionário PHQ9 | Appointment date: None | Check field: phq9_0=N/A | Date field: phq9_0=N/A
2026-09-11 10:41:23,662 - INFO -  - ID: 652391 | Procedure: Questionário WPAI | Appointment date: None | Check field: wpai0=N/A | Date field: wpai0=N/A
2026-09-11 10:41:23,663 - INFO -  - ID: 652392 | Procedure: Questionário Short Form - SF-36 | Appointment date: None | Check field: None=N/A | Date field: None=N/A
2026-09-11 10:41:23,664 - INFO - DEBUG: Procedure mapping summary:
2026-09-11 10:41:23,665 - INFO -  1. Total procedures in PoloTrial for unique visit: 9
2026-09-11 10:41:23,666 - INFO -  2. Matched with REDCap mapping: 8
2026-09-11 10:41:23,666 - INFO -  3. Unmatched procedures: 1
2026-09-11 10:41:23,667 - WARNING - DEBUG: Unmatched procedures (no mapping found in POLOTRIAL_UNIQUE_EVENT_PROCEDURES_MAP): ['Questionário Short Form - SF-36']
2026-09-11 10:41:23,667 - WARNING -  - 'Questionário Short Form - SF-36'
2026-09-11 10:41:23,849 - INFO - ✅ Synced procedure 'Módulo Identificação da Paciente' (ID: 652386) with date: 2026-09-11
2026-09-11 10:41:23,853 - INFO - No date found in REDCap for procedure Consulta Médica (check_field=cm_atendimento_dt, date_field=cm_atendimento_dt). Skipping sync.
2026-09-11 10:41:23,855 - INFO - No date found in REDCap for procedure Módulo Saúde (check_field=s0, date_field=s0). Skipping sync.
2026-09-11 10:41:23,858 - INFO - No date found in REDCap for procedure Módulo Menopausa (check_field=pm0, date_field=pm0). Skipping sync.
2026-09-11 10:41:23,861 - INFO - No date found in REDCap for procedure Questionário da Saúde da Mulher - WHQ	 (check_field=whq0, date_field=whq0). Skipping sync.
2026-09-11 10:41:23,862 - INFO - No procedures to sync for pattern: Question[aáAÁ]rio\s+Short\s+Form\s+SF-36
2026-09-11 10:41:23,866 - INFO - No date found in REDCap for procedure Questionário PHQ9 (check_field=phq9_0, date_field=phq9_0). Skipping sync.
2026-09-11 10:41:23,869 - INFO - No date found in REDCap for procedure Questionário WPAI (check_field=wpai0, date_field=wpai0). Skipping sync.
2026-09-11 10:41:23,871 - INFO - No date found in REDCap for procedure Questionário GAD-7 (check_field=gad7_0, date_field=gad7_0). Skipping sync.
2026-09-11 10:41:23,871 - INFO - Unique visit procedures synchronization completed. Total procedures synced: 1/9
2026-09-11 10:41:23,872 - INFO - Executor name from REDCap: 
2026-09-11 10:41:23,873 - INFO - No executor name provided in REDCap payload. Skipping executor synchronization.
2026-09-11 10:41:23,873 - INFO - Unique visit synchronization completed for record_id=240-3, event_name=visita_unica_arm_1
2026-09-11 10:41:23,874 - INFO - Successfully dispatched event: record_id=240-3, event_name=visita_unica_arm_1, repeat_instance=None
2026-09-11 10:41:34,231 - INFO - Participant visits retrieved: 1, for participant ID: 3317
2026-09-11 10:41:34,232 - INFO - Looking for unique visit with name: Visita única among: ['Visita única']
2026-09-11 10:41:34,233 - INFO - Participant visit found: Visita única with ID: 40711
2026-09-11 10:41:34,577 - INFO - Unique visit updated (id=40711) with payload: {
  "data_estimada": "2026-09-11",
  "data_realizada": "2026-09-11",
  "status": 20
}
2026-09-11 10:41:34,811 - INFO - DEBUG: Available procedures in PoloTrial for unique visit: ['Consulta Médica', 'Módulo Saúde', 'Módulo Identificação da Paciente', 'Módulo Menopausa', 'Questionário da Saúde da Mulher - WHQ\t', 'Questionário GAD-7', 'Questionário PHQ9', 'Questionário WPAI', 'Questionário Short Form - SF-36']
2026-09-11 10:41:34,813 - INFO -  - ID: 652399 | Procedure: Consulta Médica | Appointment date: None | Check field: cm_atendimento_dt=N/A | Date field: cm_atendimento_dt=N/A
2026-09-11 10:41:34,814 - INFO -  - ID: 652400 | Procedure: Módulo Saúde | Appointment date: None | Check field: s0=N/A | Date field: s0=N/A
2026-09-11 10:41:34,815 - INFO -  - ID: 652401 | Procedure: Módulo Identificação da Paciente | Appointment date: None | Check field: idp3=240-4 | Date field: idp4=2026-09-11
2026-09-11 10:41:34,816 - INFO -  - ID: 652402 | Procedure: Módulo Menopausa | Appointment date: None | Check field: pm0=N/A | Date field: pm0=N/A
2026-09-11 10:41:34,823 - INFO -  - ID: 652403 | Procedure: Questionário da Saúde da Mulher - WHQ	 | Appointment date: None | Check field: whq0=N/A | Date field: whq0=N/A
2026-09-11 10:41:34,835 - INFO -  - ID: 652404 | Procedure: Questionário GAD-7 | Appointment date: None | Check field: gad7_0=N/A | Date field: gad7_0=N/A
2026-09-11 10:41:34,846 - INFO -  - ID: 652405 | Procedure: Questionário PHQ9 | Appointment date: None | Check field: phq9_0=N/A | Date field: phq9_0=N/A
2026-09-11 10:41:34,852 - INFO -  - ID: 652406 | Procedure: Questionário WPAI | Appointment date: None | Check field: wpai0=N/A | Date field: wpai0=N/A
2026-09-11 10:41:34,853 - INFO -  - ID: 652407 | Procedure: Questionário Short Form - SF-36 | Appointment date: None | Check field: None=N/A | Date field: None=N/A
2026-09-11 10:41:34,854 - INFO - DEBUG: Procedure mapping summary:
2026-09-11 10:41:34,854 - INFO -  1. Total procedures in PoloTrial for unique visit: 9
2026-09-11 10:41:34,855 - INFO -  2. Matched with REDCap mapping: 8
2026-09-11 10:41:34,856 - INFO -  3. Unmatched procedures: 1
2026-09-11 10:41:34,856 - WARNING - DEBUG: Unmatched procedures (no mapping found in POLOTRIAL_UNIQUE_EVENT_PROCEDURES_MAP): ['Questionário Short Form - SF-36']
2026-09-11 10:41:34,857 - WARNING -  - 'Questionário Short Form - SF-36'
2026-09-11 10:41:35,040 - INFO - ✅ Synced procedure 'Módulo Identificação da Paciente' (ID: 652401) with date: 2026-09-11
2026-09-11 10:41:35,043 - INFO - No date found in REDCap for procedure Consulta Médica (check_field=cm_atendimento_dt, date_field=cm_atendimento_dt). Skipping sync.
2026-09-11 10:41:35,047 - INFO - No date found in REDCap for procedure Módulo Saúde (check_field=s0, date_field=s0). Skipping sync.
2026-09-11 10:41:35,050 - INFO - No date found in REDCap for procedure Módulo Menopausa (check_field=pm0, date_field=pm0). Skipping sync.
2026-09-11 10:41:35,053 - INFO - No date found in REDCap for procedure Questionário da Saúde da Mulher - WHQ	 (check_field=whq0, date_field=whq0). Skipping sync.
2026-09-11 10:41:35,056 - INFO - No procedures to sync for pattern: Question[aáAÁ]rio\s+Short\s+Form\s+SF-36
2026-09-11 10:41:35,061 - INFO - No date found in REDCap for procedure Questionário PHQ9 (check_field=phq9_0, date_field=phq9_0). Skipping sync.
2026-09-11 10:41:35,063 - INFO - No date found in REDCap for procedure Questionário WPAI (check_field=wpai0, date_field=wpai0). Skipping sync.
2026-09-11 10:41:35,066 - INFO - No date found in REDCap for procedure Questionário GAD-7 (check_field=gad7_0, date_field=gad7_0). Skipping sync.
2026-09-11 10:41:35,067 - INFO - Unique visit procedures synchronization completed. Total procedures synced: 1/9
2026-09-11 10:41:35,071 - INFO - Executor name from REDCap: 
2026-09-11 10:41:35,072 - INFO - No executor name provided in REDCap payload. Skipping executor synchronization.
2026-09-11 10:41:35,073 - INFO - Unique visit synchronization completed for record_id=240-4, event_name=visita_unica_arm_1
2026-09-11 10:41:35,074 - INFO - Successfully dispatched event: record_id=240-4, event_name=visita_unica_arm_1, repeat_instance=None
2026-09-11 10:43:48,426 - INFO - Received webhook from REDCap DET: project_id=68, username=danielepokessvri, instrument=modulo_m_menopausa, record=240-2, redcap_event_name=visita_unica_arm_1, redcap_data_acess_group=, redcap_repeat_instance=None, redcap_repeat_instrument=None, redcap_url=https://svriglobal.org/redcap/, project_url=https://svriglobal.org/redcap/redcap_v17.3.10/index.php?pid=68
2026-09-11 10:43:48,431 - INFO - Dispatch runtime: pid=18671, module=/mnt/c/Users/Science/Documents/Python/integracao_embrace/src/integracao_embrace/dispatch.py, event_name='visita_unica_arm_1', instrument='modulo_m_menopausa'
2026-09-11 10:43:48,434 - INFO - Dispatching to unique visit handles: visita_unica_arm_1
2026-09-11 10:43:49,833 - INFO - Debug redcap url: https://svriglobal.org/redcap/api/
2026-09-11 10:43:49,833 - INFO - Debug redcaptoken (First 3 chars): E6B...
2026-09-11 10:43:49,834 - INFO - Debug redcap status: 200
2026-09-11 10:43:49,834 - INFO - Debug redcap response (first 30 chars): [{"record":"240-2","redcap_eve
2026-09-11 10:43:49,835 - INFO - REDCap: filtering event=visita_unica_arm_1 by repeat_instance=None; response instances=[]
2026-09-11 10:43:49,836 - INFO - REDCap: exported record 240-2 for event visita_unica_arm_1, repeat_instance=None, with 57 fields from 58 entries
2026-09-11 10:43:49,836 - INFO - Mapped gender: Mulher ("Cisgênero") ➡ None
2026-09-11 10:43:49,837 - INFO - Mapped site: SVRI Clínica Morumbi ➡ 47
2026-09-11 10:43:49,837 - INFO - Volunteer payload prepared: {'nome': '240-2', 'iniciais': 'Daniele Komar', 'data_nascimento': '1989-11-24', 'sexo': None, 'email': '', 'data_inclusao': '2026-09-11', 'centro': '47', 'contatos': '11111111111'}
2026-09-11 10:43:50,027 - INFO - Volunteer 240-2 already exists in PoloTrial with ID: 3340
2026-09-11 10:43:50,028 - INFO - DEBUG: Searching protocol Embrace for site 47
2026-09-11 10:43:50,429 - INFO - Protocol found: Embrace with ID: 2381 (site=47)
2026-09-11 10:43:50,609 - INFO - DEBUG: Protocol Arm founded for the unique visit: ['Embrace']
2026-09-11 10:43:50,609 - INFO - Arm matched: Embrace with ID: 283
2026-09-11 10:43:51,418 - INFO - Participant found in PoloTrial with ID: 3315
2026-09-11 10:44:15,563 - INFO - Participant visits retrieved: 1, for participant ID: 3315
2026-09-11 10:44:15,599 - INFO - Looking for unique visit with name: Visita única among: ['Visita única']
2026-09-11 10:44:15,622 - INFO - Participant visit found: Visita única with ID: 40709
2026-09-11 10:44:16,017 - INFO - Unique visit already up to date (id=40709).
2026-09-11 10:44:16,614 - INFO - DEBUG: Available procedures in PoloTrial for unique visit: ['Consulta Médica', 'Módulo Saúde', 'Módulo Identificação da Paciente', 'Módulo Menopausa', 'Questionário da Saúde da Mulher - WHQ\t', 'Questionário GAD-7', 'Questionário PHQ9', 'Questionário WPAI', 'Questionário Short Form - SF-36']
2026-09-11 10:44:16,630 - INFO -  - ID: 652369 | Procedure: Consulta Médica | Appointment date: nan | Check field: cm_atendimento_dt=N/A | Date field: cm_atendimento_dt=N/A
2026-09-11 10:44:16,643 - INFO -  - ID: 652370 | Procedure: Módulo Saúde | Appointment date: nan | Check field: s0=N/A | Date field: s0=N/A
2026-09-11 10:44:16,663 - INFO -  - ID: 652371 | Procedure: Módulo Identificação da Paciente | Appointment date: 2026-09-11T00:00:00.000Z | Check field: idp3=240-2 | Date field: idp4=2026-09-11
2026-09-11 10:44:16,679 - INFO -  - ID: 652372 | Procedure: Módulo Menopausa | Appointment date: nan | Check field: pm0=2026-09-11 | Date field: pm0=2026-09-11
2026-09-11 10:44:16,695 - INFO -  - ID: 652373 | Procedure: Questionário da Saúde da Mulher - WHQ	 | Appointment date: nan | Check field: whq0=N/A | Date field: whq0=N/A
2026-09-11 10:44:16,703 - INFO -  - ID: 652374 | Procedure: Questionário GAD-7 | Appointment date: nan | Check field: gad7_0=N/A | Date field: gad7_0=N/A
2026-09-11 10:44:16,716 - INFO -  - ID: 652375 | Procedure: Questionário PHQ9 | Appointment date: nan | Check field: phq9_0=N/A | Date field: phq9_0=N/A
2026-09-11 10:44:16,740 - INFO -  - ID: 652376 | Procedure: Questionário WPAI | Appointment date: nan | Check field: wpai0=N/A | Date field: wpai0=N/A
2026-09-11 10:44:16,744 - INFO -  - ID: 652377 | Procedure: Questionário Short Form - SF-36 | Appointment date: nan | Check field: None=N/A | Date field: None=N/A
2026-09-11 10:44:16,752 - INFO - DEBUG: Procedure mapping summary:
2026-09-11 10:44:16,772 - INFO -  1. Total procedures in PoloTrial for unique visit: 9
2026-09-11 10:44:16,775 - INFO -  2. Matched with REDCap mapping: 8
2026-09-11 10:44:16,779 - INFO -  3. Unmatched procedures: 1
2026-09-11 10:44:16,787 - WARNING - DEBUG: Unmatched procedures (no mapping found in POLOTRIAL_UNIQUE_EVENT_PROCEDURES_MAP): ['Questionário Short Form - SF-36']
2026-09-11 10:44:16,792 - WARNING -  - 'Questionário Short Form - SF-36'
2026-09-11 10:44:16,839 - INFO - No procedures to sync for pattern: M[oóOÓ]dulo\s+Identifica[cçCÇ][aãAÃ]o\s+da\s+Paciente
2026-09-11 10:44:16,852 - INFO - No date found in REDCap for procedure Consulta Médica (check_field=cm_atendimento_dt, date_field=cm_atendimento_dt). Skipping sync.
2026-09-11 10:44:16,863 - INFO - No date found in REDCap for procedure Módulo Saúde (check_field=s0, date_field=s0). Skipping sync.
2026-09-11 10:44:17,085 - INFO - ✅ Synced procedure 'Módulo Menopausa' (ID: 652372) with date: 2026-09-11
2026-09-11 10:44:17,095 - INFO - No date found in REDCap for procedure Questionário da Saúde da Mulher - WHQ	 (check_field=whq0, date_field=whq0). Skipping sync.
2026-09-11 10:44:17,109 - INFO - No procedures to sync for pattern: Question[aáAÁ]rio\s+Short\s+Form\s+SF-36
2026-09-11 10:44:17,124 - INFO - No date found in REDCap for procedure Questionário PHQ9 (check_field=phq9_0, date_field=phq9_0). Skipping sync.
2026-09-11 10:44:17,139 - INFO - No date found in REDCap for procedure Questionário WPAI (check_field=wpai0, date_field=wpai0). Skipping sync.
2026-09-11 10:44:17,155 - INFO - No date found in REDCap for procedure Questionário GAD-7 (check_field=gad7_0, date_field=gad7_0). Skipping sync.
2026-09-11 10:44:17,159 - INFO - Unique visit procedures synchronization completed. Total procedures synced: 1/9
2026-09-11 10:44:17,202 - INFO - Executor name from REDCap: 
2026-09-11 10:44:17,240 - INFO - No executor name provided in REDCap payload. Skipping executor synchronization.
2026-09-11 10:44:17,246 - INFO - Unique visit synchronization completed for record_id=240-2, event_name=visita_unica_arm_1
2026-09-11 10:44:17,258 - INFO - Successfully dispatched event: record_id=240-2, event_name=visita_unica_arm_1, repeat_instance=None
2026-09-11 10:44:34,101 - INFO - Received webhook from REDCap DET: project_id=68, username=larissa.matias, instrument=modulo_m_menopausa, record=240-3, redcap_event_name=visita_unica_arm_1, redcap_data_acess_group=, redcap_repeat_instance=None, redcap_repeat_instrument=None, redcap_url=https://svriglobal.org/redcap/, project_url=https://svriglobal.org/redcap/redcap_v17.3.10/index.php?pid=68
2026-09-11 10:44:34,128 - INFO - Dispatch runtime: pid=18671, module=/mnt/c/Users/Science/Documents/Python/integracao_embrace/src/integracao_embrace/dispatch.py, event_name='visita_unica_arm_1', instrument='modulo_m_menopausa'
2026-09-11 10:44:34,147 - INFO - Dispatching to unique visit handles: visita_unica_arm_1
2026-09-11 10:44:38,765 - INFO - Debug redcap url: https://svriglobal.org/redcap/api/
2026-09-11 10:44:38,782 - INFO - Debug redcaptoken (First 3 chars): E6B...
2026-09-11 10:44:38,790 - INFO - Debug redcap status: 200
2026-09-11 10:44:38,794 - INFO - Debug redcap response (first 30 chars): [{"record":"240-3","redcap_eve
2026-09-11 10:44:38,800 - INFO - REDCap: filtering event=visita_unica_arm_1 by repeat_instance=None; response instances=[]
2026-09-11 10:44:38,807 - INFO - REDCap: exported record 240-3 for event visita_unica_arm_1, repeat_instance=None, with 56 fields from 56 entries
2026-09-11 10:44:38,811 - INFO - Mapped gender:  ➡ None
2026-09-11 10:44:38,820 - INFO - Mapped site: SVRI Clínica Morumbi ➡ 47
2026-09-11 10:44:38,834 - INFO - Volunteer payload prepared: {'nome': '240-3', 'iniciais': 'Larissa Matias ', 'data_nascimento': '2004-10-29', 'sexo': None, 'email': '', 'data_inclusao': '2026-09-11', 'centro': '47', 'contatos': '11111111111'}
2026-09-11 10:44:39,120 - INFO - Volunteer 240-3 already exists in PoloTrial with ID: 3341
2026-09-11 10:44:39,135 - INFO - DEBUG: Searching protocol Embrace for site 47
2026-09-11 10:44:39,538 - INFO - Protocol found: Embrace with ID: 2381 (site=47)
2026-09-11 10:44:39,970 - INFO - DEBUG: Protocol Arm founded for the unique visit: ['Embrace']
2026-09-11 10:44:39,985 - INFO - Arm matched: Embrace with ID: 283
2026-09-11 10:44:40,583 - INFO - Participant found in PoloTrial with ID: 3316
2026-09-11 10:44:50,769 - INFO - Received webhook from REDCap DET: project_id=68, username=larissa.matias, instrument=modulo_m_menopausa, record=240-3, redcap_event_name=visita_unica_arm_1, redcap_data_acess_group=, redcap_repeat_instance=None, redcap_repeat_instrument=None, redcap_url=https://svriglobal.org/redcap/, project_url=https://svriglobal.org/redcap/redcap_v17.3.10/index.php?pid=68
2026-09-11 10:44:50,793 - INFO - Dispatch runtime: pid=18671, module=/mnt/c/Users/Science/Documents/Python/integracao_embrace/src/integracao_embrace/dispatch.py, event_name='visita_unica_arm_1', instrument='modulo_m_menopausa'
2026-09-11 10:44:50,808 - INFO - Dispatching to unique visit handles: visita_unica_arm_1
2026-09-11 10:44:51,691 - INFO - Debug redcap url: https://svriglobal.org/redcap/api/
2026-09-11 10:44:51,692 - INFO - Debug redcaptoken (First 3 chars): E6B...
2026-09-11 10:44:51,694 - INFO - Debug redcap status: 200
2026-09-11 10:44:51,698 - INFO - Debug redcap response (first 30 chars): [{"record":"240-3","redcap_eve
2026-09-11 10:44:51,701 - INFO - REDCap: filtering event=visita_unica_arm_1 by repeat_instance=None; response instances=[]
2026-09-11 10:44:51,704 - INFO - REDCap: exported record 240-3 for event visita_unica_arm_1, repeat_instance=None, with 56 fields from 56 entries
2026-09-11 10:44:51,707 - INFO - Mapped gender:  ➡ None
2026-09-11 10:44:51,713 - INFO - Mapped site: SVRI Clínica Morumbi ➡ 47
2026-09-11 10:44:51,716 - INFO - Volunteer payload prepared: {'nome': '240-3', 'iniciais': 'Larissa Matias ', 'data_nascimento': '2004-10-29', 'sexo': None, 'email': '', 'data_inclusao': '2026-09-11', 'centro': '47', 'contatos': '11111111111'}
2026-09-11 10:44:51,895 - INFO - Volunteer 240-3 already exists in PoloTrial with ID: 3341
2026-09-11 10:44:51,896 - INFO - DEBUG: Searching protocol Embrace for site 47
2026-09-11 10:44:52,280 - INFO - Protocol found: Embrace with ID: 2381 (site=47)
2026-09-11 10:44:52,473 - INFO - DEBUG: Protocol Arm founded for the unique visit: ['Embrace']
2026-09-11 10:44:52,475 - INFO - Arm matched: Embrace with ID: 283
2026-09-11 10:44:53,015 - INFO - Participant found in PoloTrial with ID: 3316
2026-09-11 10:45:01,151 - INFO - Participant visits retrieved: 1, for participant ID: 3316
2026-09-11 10:45:01,156 - INFO - Looking for unique visit with name: Visita única among: ['Visita única']
2026-09-11 10:45:01,157 - INFO - Participant visit found: Visita única with ID: 40710
2026-09-11 10:45:01,339 - INFO - Unique visit already up to date (id=40710).
2026-09-11 10:45:01,568 - INFO - DEBUG: Available procedures in PoloTrial for unique visit: ['Consulta Médica', 'Módulo Saúde', 'Módulo Identificação da Paciente', 'Módulo Menopausa', 'Questionário da Saúde da Mulher - WHQ\t', 'Questionário GAD-7', 'Questionário PHQ9', 'Questionário WPAI', 'Questionário Short Form - SF-36']
2026-09-11 10:45:01,583 - INFO -  - ID: 652384 | Procedure: Consulta Médica | Appointment date: nan | Check field: cm_atendimento_dt=N/A | Date field: cm_atendimento_dt=N/A
2026-09-11 10:45:01,594 - INFO -  - ID: 652385 | Procedure: Módulo Saúde | Appointment date: nan | Check field: s0=N/A | Date field: s0=N/A
2026-09-11 10:45:01,601 - INFO -  - ID: 652386 | Procedure: Módulo Identificação da Paciente | Appointment date: 2026-09-11T00:00:00.000Z | Check field: idp3=240-3 | Date field: idp4=2026-09-11
2026-09-11 10:45:01,606 - INFO -  - ID: 652387 | Procedure: Módulo Menopausa | Appointment date: nan | Check field: pm0=2026-09-11 | Date field: pm0=2026-09-11
2026-09-11 10:45:01,609 - INFO -  - ID: 652388 | Procedure: Questionário da Saúde da Mulher - WHQ	 | Appointment date: nan | Check field: whq0=N/A | Date field: whq0=N/A
2026-09-11 10:45:01,611 - INFO -  - ID: 652389 | Procedure: Questionário GAD-7 | Appointment date: nan | Check field: gad7_0=N/A | Date field: gad7_0=N/A
2026-09-11 10:45:01,614 - INFO -  - ID: 652390 | Procedure: Questionário PHQ9 | Appointment date: nan | Check field: phq9_0=N/A | Date field: phq9_0=N/A
2026-09-11 10:45:01,624 - INFO -  - ID: 652391 | Procedure: Questionário WPAI | Appointment date: nan | Check field: wpai0=N/A | Date field: wpai0=N/A
2026-09-11 10:45:01,627 - INFO -  - ID: 652392 | Procedure: Questionário Short Form - SF-36 | Appointment date: nan | Check field: None=N/A | Date field: None=N/A
2026-09-11 10:45:01,629 - INFO - DEBUG: Procedure mapping summary:
2026-09-11 10:45:01,631 - INFO -  1. Total procedures in PoloTrial for unique visit: 9
2026-09-11 10:45:01,643 - INFO -  2. Matched with REDCap mapping: 8
2026-09-11 10:45:01,646 - INFO -  3. Unmatched procedures: 1
2026-09-11 10:45:01,654 - WARNING - DEBUG: Unmatched procedures (no mapping found in POLOTRIAL_UNIQUE_EVENT_PROCEDURES_MAP): ['Questionário Short Form - SF-36']
2026-09-11 10:45:01,656 - WARNING -  - 'Questionário Short Form - SF-36'
2026-09-11 10:45:01,665 - INFO - No procedures to sync for pattern: M[oóOÓ]dulo\s+Identifica[cçCÇ][aãAÃ]o\s+da\s+Paciente
2026-09-11 10:45:01,695 - INFO - No date found in REDCap for procedure Consulta Médica (check_field=cm_atendimento_dt, date_field=cm_atendimento_dt). Skipping sync.
2026-09-11 10:45:01,715 - INFO - No date found in REDCap for procedure Módulo Saúde (check_field=s0, date_field=s0). Skipping sync.
2026-09-11 10:45:01,910 - INFO - ✅ Synced procedure 'Módulo Menopausa' (ID: 652387) with date: 2026-09-11
2026-09-11 10:45:01,922 - INFO - No date found in REDCap for procedure Questionário da Saúde da Mulher - WHQ	 (check_field=whq0, date_field=whq0). Skipping sync.
2026-09-11 10:45:01,927 - INFO - No procedures to sync for pattern: Question[aáAÁ]rio\s+Short\s+Form\s+SF-36
2026-09-11 10:45:01,937 - INFO - No date found in REDCap for procedure Questionário PHQ9 (check_field=phq9_0, date_field=phq9_0). Skipping sync.
2026-09-11 10:45:01,941 - INFO - No date found in REDCap for procedure Questionário WPAI (check_field=wpai0, date_field=wpai0). Skipping sync.
2026-09-11 10:45:01,945 - INFO - No date found in REDCap for procedure Questionário GAD-7 (check_field=gad7_0, date_field=gad7_0). Skipping sync.
2026-09-11 10:45:01,947 - INFO - Unique visit procedures synchronization completed. Total procedures synced: 1/9
2026-09-11 10:45:01,948 - INFO - Executor name from REDCap: 
2026-09-11 10:45:01,952 - INFO - No executor name provided in REDCap payload. Skipping executor synchronization.
2026-09-11 10:45:01,954 - INFO - Unique visit synchronization completed for record_id=240-3, event_name=visita_unica_arm_1
2026-09-11 10:45:01,957 - INFO - Successfully dispatched event: record_id=240-3, event_name=visita_unica_arm_1, repeat_instance=None
2026-09-11 10:45:17,235 - INFO - Participant visits retrieved: 1, for participant ID: 3316
2026-09-11 10:45:17,236 - INFO - Looking for unique visit with name: Visita única among: ['Visita única']
2026-09-11 10:45:17,237 - INFO - Participant visit found: Visita única with ID: 40710
2026-09-11 10:45:17,420 - INFO - Unique visit already up to date (id=40710).
2026-09-11 10:45:17,615 - INFO - DEBUG: Available procedures in PoloTrial for unique visit: ['Consulta Médica', 'Módulo Saúde', 'Módulo Identificação da Paciente', 'Módulo Menopausa', 'Questionário da Saúde da Mulher - WHQ\t', 'Questionário GAD-7', 'Questionário PHQ9', 'Questionário WPAI', 'Questionário Short Form - SF-36']
2026-09-11 10:45:17,617 - INFO -  - ID: 652384 | Procedure: Consulta Médica | Appointment date: nan | Check field: cm_atendimento_dt=N/A | Date field: cm_atendimento_dt=N/A
2026-09-11 10:45:17,618 - INFO -  - ID: 652385 | Procedure: Módulo Saúde | Appointment date: nan | Check field: s0=N/A | Date field: s0=N/A
2026-09-11 10:45:17,620 - INFO -  - ID: 652386 | Procedure: Módulo Identificação da Paciente | Appointment date: 2026-09-11T00:00:00.000Z | Check field: idp3=240-3 | Date field: idp4=2026-09-11
2026-09-11 10:45:17,621 - INFO -  - ID: 652387 | Procedure: Módulo Menopausa | Appointment date: 2026-09-11T00:00:00.000Z | Check field: pm0=2026-09-11 | Date field: pm0=2026-09-11
2026-09-11 10:45:17,622 - INFO -  - ID: 652388 | Procedure: Questionário da Saúde da Mulher - WHQ	 | Appointment date: nan | Check field: whq0=N/A | Date field: whq0=N/A
2026-09-11 10:45:17,624 - INFO -  - ID: 652389 | Procedure: Questionário GAD-7 | Appointment date: nan | Check field: gad7_0=N/A | Date field: gad7_0=N/A
2026-09-11 10:45:17,625 - INFO -  - ID: 652390 | Procedure: Questionário PHQ9 | Appointment date: nan | Check field: phq9_0=N/A | Date field: phq9_0=N/A
2026-09-11 10:45:17,627 - INFO -  - ID: 652391 | Procedure: Questionário WPAI | Appointment date: nan | Check field: wpai0=N/A | Date field: wpai0=N/A
2026-09-11 10:45:17,628 - INFO -  - ID: 652392 | Procedure: Questionário Short Form - SF-36 | Appointment date: nan | Check field: None=N/A | Date field: None=N/A
2026-09-11 10:45:17,629 - INFO - DEBUG: Procedure mapping summary:
2026-09-11 10:45:17,630 - INFO -  1. Total procedures in PoloTrial for unique visit: 9
2026-09-11 10:45:17,630 - INFO -  2. Matched with REDCap mapping: 8
2026-09-11 10:45:17,631 - INFO -  3. Unmatched procedures: 1
2026-09-11 10:45:17,632 - WARNING - DEBUG: Unmatched procedures (no mapping found in POLOTRIAL_UNIQUE_EVENT_PROCEDURES_MAP): ['Questionário Short Form - SF-36']
2026-09-11 10:45:17,632 - WARNING -  - 'Questionário Short Form - SF-36'
2026-09-11 10:45:17,637 - INFO - No procedures to sync for pattern: M[oóOÓ]dulo\s+Identifica[cçCÇ][aãAÃ]o\s+da\s+Paciente
2026-09-11 10:45:17,641 - INFO - No date found in REDCap for procedure Consulta Médica (check_field=cm_atendimento_dt, date_field=cm_atendimento_dt). Skipping sync.
2026-09-11 10:45:17,645 - INFO - No date found in REDCap for procedure Módulo Saúde (check_field=s0, date_field=s0). Skipping sync.
2026-09-11 10:45:17,649 - INFO - No procedures to sync for pattern: M[oóOÓ]dulo\s+Menopausa
2026-09-11 10:45:17,652 - INFO - No date found in REDCap for procedure Questionário da Saúde da Mulher - WHQ	 (check_field=whq0, date_field=whq0). Skipping sync.
2026-09-11 10:45:17,655 - INFO - No procedures to sync for pattern: Question[aáAÁ]rio\s+Short\s+Form\s+SF-36
2026-09-11 10:45:17,659 - INFO - No date found in REDCap for procedure Questionário PHQ9 (check_field=phq9_0, date_field=phq9_0). Skipping sync.
2026-09-11 10:45:17,665 - INFO - No date found in REDCap for procedure Questionário WPAI (check_field=wpai0, date_field=wpai0). Skipping sync.
2026-09-11 10:45:17,668 - INFO - No date found in REDCap for procedure Questionário GAD-7 (check_field=gad7_0, date_field=gad7_0). Skipping sync.
2026-09-11 10:45:17,669 - INFO - Unique visit procedures synchronization completed. Total procedures synced: 0/9
2026-09-11 10:45:17,670 - INFO - Executor name from REDCap: 
2026-09-11 10:45:17,671 - INFO - No executor name provided in REDCap payload. Skipping executor synchronization.
2026-09-11 10:45:17,672 - INFO - Unique visit synchronization completed for record_id=240-3, event_name=visita_unica_arm_1
2026-09-11 10:45:17,673 - INFO - Successfully dispatched event: record_id=240-3, event_name=visita_unica_arm_1, repeat_instance=None
2026-09-11 10:45:33,727 - INFO - Received webhook from REDCap DET: project_id=68, username=luana.fernandes, instrument=modulo_m_menopausa, record=240-4, redcap_event_name=visita_unica_arm_1, redcap_data_acess_group=, redcap_repeat_instance=None, redcap_repeat_instrument=None, redcap_url=https://svriglobal.org/redcap/, project_url=https://svriglobal.org/redcap/redcap_v17.3.10/index.php?pid=68
2026-09-11 10:45:33,729 - INFO - Dispatch runtime: pid=18671, module=/mnt/c/Users/Science/Documents/Python/integracao_embrace/src/integracao_embrace/dispatch.py, event_name='visita_unica_arm_1', instrument='modulo_m_menopausa'
2026-09-11 10:45:33,729 - INFO - Dispatching to unique visit handles: visita_unica_arm_1
2026-09-11 10:45:34,339 - INFO - Debug redcap url: https://svriglobal.org/redcap/api/
2026-09-11 10:45:34,340 - INFO - Debug redcaptoken (First 3 chars): E6B...
2026-09-11 10:45:34,341 - INFO - Debug redcap status: 200
2026-09-11 10:45:34,341 - INFO - Debug redcap response (first 30 chars): [{"record":"240-4","redcap_eve
2026-09-11 10:45:34,342 - INFO - REDCap: filtering event=visita_unica_arm_1 by repeat_instance=None; response instances=[]
2026-09-11 10:45:34,342 - INFO - REDCap: exported record 240-4 for event visita_unica_arm_1, repeat_instance=None, with 50 fields from 50 entries
2026-09-11 10:45:34,343 - INFO - Mapped gender:  ➡ None
2026-09-11 10:45:34,343 - INFO - Mapped site: SVRI Clínica Morumbi ➡ 47
2026-09-11 10:45:34,343 - INFO - Volunteer payload prepared: {'nome': '240-4', 'iniciais': 'Luana Batista Fernandes', 'data_nascimento': '2026-05-31', 'sexo': None, 'email': '', 'data_inclusao': '2026-09-11', 'centro': '47', 'contatos': '11111111111'}
2026-09-11 10:45:34,510 - INFO - Volunteer 240-4 already exists in PoloTrial with ID: 3342
2026-09-11 10:45:34,511 - INFO - DEBUG: Searching protocol Embrace for site 47
2026-09-11 10:45:34,889 - INFO - Protocol found: Embrace with ID: 2381 (site=47)
2026-09-11 10:45:35,082 - INFO - DEBUG: Protocol Arm founded for the unique visit: ['Embrace']
2026-09-11 10:45:35,083 - INFO - Arm matched: Embrace with ID: 283
2026-09-11 10:45:35,564 - INFO - Participant found in PoloTrial with ID: 3317
2026-09-11 10:45:59,705 - INFO - Participant visits retrieved: 1, for participant ID: 3317
2026-09-11 10:45:59,706 - INFO - Looking for unique visit with name: Visita única among: ['Visita única']
2026-09-11 10:45:59,707 - INFO - Participant visit found: Visita única with ID: 40711
2026-09-11 10:45:59,855 - INFO - Unique visit already up to date (id=40711).
2026-09-11 10:46:00,067 - INFO - DEBUG: Available procedures in PoloTrial for unique visit: ['Consulta Médica', 'Módulo Saúde', 'Módulo Identificação da Paciente', 'Módulo Menopausa', 'Questionário da Saúde da Mulher - WHQ\t', 'Questionário GAD-7', 'Questionário PHQ9', 'Questionário WPAI', 'Questionário Short Form - SF-36']
2026-09-11 10:46:00,068 - INFO -  - ID: 652399 | Procedure: Consulta Médica | Appointment date: nan | Check field: cm_atendimento_dt=N/A | Date field: cm_atendimento_dt=N/A
2026-09-11 10:46:00,069 - INFO -  - ID: 652400 | Procedure: Módulo Saúde | Appointment date: nan | Check field: s0=N/A | Date field: s0=N/A
2026-09-11 10:46:00,070 - INFO -  - ID: 652401 | Procedure: Módulo Identificação da Paciente | Appointment date: 2026-09-11T00:00:00.000Z | Check field: idp3=240-4 | Date field: idp4=2026-09-11
2026-09-11 10:46:00,071 - INFO -  - ID: 652402 | Procedure: Módulo Menopausa | Appointment date: nan | Check field: pm0=2026-09-11 | Date field: pm0=2026-09-11
2026-09-11 10:46:00,072 - INFO -  - ID: 652403 | Procedure: Questionário da Saúde da Mulher - WHQ	 | Appointment date: nan | Check field: whq0=N/A | Date field: whq0=N/A
2026-09-11 10:46:00,074 - INFO -  - ID: 652404 | Procedure: Questionário GAD-7 | Appointment date: nan | Check field: gad7_0=N/A | Date field: gad7_0=N/A
2026-09-11 10:46:00,075 - INFO -  - ID: 652405 | Procedure: Questionário PHQ9 | Appointment date: nan | Check field: phq9_0=N/A | Date field: phq9_0=N/A
2026-09-11 10:46:00,076 - INFO -  - ID: 652406 | Procedure: Questionário WPAI | Appointment date: nan | Check field: wpai0=N/A | Date field: wpai0=N/A
2026-09-11 10:46:00,076 - INFO -  - ID: 652407 | Procedure: Questionário Short Form - SF-36 | Appointment date: nan | Check field: None=N/A | Date field: None=N/A
2026-09-11 10:46:00,077 - INFO - DEBUG: Procedure mapping summary:
2026-09-11 10:46:00,077 - INFO -  1. Total procedures in PoloTrial for unique visit: 9
2026-09-11 10:46:00,078 - INFO -  2. Matched with REDCap mapping: 8
2026-09-11 10:46:00,078 - INFO -  3. Unmatched procedures: 1
2026-09-11 10:46:00,079 - WARNING - DEBUG: Unmatched procedures (no mapping found in POLOTRIAL_UNIQUE_EVENT_PROCEDURES_MAP): ['Questionário Short Form - SF-36']
2026-09-11 10:46:00,079 - WARNING -  - 'Questionário Short Form - SF-36'
2026-09-11 10:46:00,082 - INFO - No procedures to sync for pattern: M[oóOÓ]dulo\s+Identifica[cçCÇ][aãAÃ]o\s+da\s+Paciente
2026-09-11 10:46:00,084 - INFO - No date found in REDCap for procedure Consulta Médica (check_field=cm_atendimento_dt, date_field=cm_atendimento_dt). Skipping sync.
2026-09-11 10:46:00,086 - INFO - No date found in REDCap for procedure Módulo Saúde (check_field=s0, date_field=s0). Skipping sync.
2026-09-11 10:46:00,261 - INFO - ✅ Synced procedure 'Módulo Menopausa' (ID: 652402) with date: 2026-09-11
2026-09-11 10:46:00,264 - INFO - No date found in REDCap for procedure Questionário da Saúde da Mulher - WHQ	 (check_field=whq0, date_field=whq0). Skipping sync.
2026-09-11 10:46:00,265 - INFO - No procedures to sync for pattern: Question[aáAÁ]rio\s+Short\s+Form\s+SF-36
2026-09-11 10:46:00,268 - INFO - No date found in REDCap for procedure Questionário PHQ9 (check_field=phq9_0, date_field=phq9_0). Skipping sync.
2026-09-11 10:46:00,271 - INFO - No date found in REDCap for procedure Questionário WPAI (check_field=wpai0, date_field=wpai0). Skipping sync.
2026-09-11 10:46:00,273 - INFO - No date found in REDCap for procedure Questionário GAD-7 (check_field=gad7_0, date_field=gad7_0). Skipping sync.
2026-09-11 10:46:00,275 - INFO - Unique visit procedures synchronization completed. Total procedures synced: 1/9
2026-09-11 10:46:00,276 - INFO - Executor name from REDCap: 
2026-09-11 10:46:00,277 - INFO - No executor name provided in REDCap payload. Skipping executor synchronization.
2026-09-11 10:46:00,278 - INFO - Unique visit synchronization completed for record_id=240-4, event_name=visita_unica_arm_1
2026-09-11 10:46:00,279 - INFO - Successfully dispatched event: record_id=240-4, event_name=visita_unica_arm_1, repeat_instance=None
2026-09-11 10:49:04,893 - INFO - Received webhook from REDCap DET: project_id=68, username=danielepokessvri, instrument=modulo_idp_identificacao_da_paciente, record=240-2, redcap_event_name=visita_unica_arm_1, redcap_data_acess_group=, redcap_repeat_instance=None, redcap_repeat_instrument=None, redcap_url=https://svriglobal.org/redcap/, project_url=https://svriglobal.org/redcap/redcap_v17.3.10/index.php?pid=68
2026-09-11 10:49:04,896 - INFO - Dispatch runtime: pid=18671, module=/mnt/c/Users/Science/Documents/Python/integracao_embrace/src/integracao_embrace/dispatch.py, event_name='visita_unica_arm_1', instrument='modulo_idp_identificacao_da_paciente'
2026-09-11 10:49:04,897 - INFO - Dispatching to unique visit handles: visita_unica_arm_1
2026-09-11 10:49:05,564 - INFO - Debug redcap url: https://svriglobal.org/redcap/api/
2026-09-11 10:49:05,565 - INFO - Debug redcaptoken (First 3 chars): E6B...
2026-09-11 10:49:05,565 - INFO - Debug redcap status: 200
2026-09-11 10:49:05,566 - INFO - Debug redcap response (first 30 chars): [{"record":"240-2","redcap_eve
2026-09-11 10:49:05,567 - INFO - REDCap: filtering event=visita_unica_arm_1 by repeat_instance=None; response instances=[]
2026-09-11 10:49:05,568 - INFO - REDCap: exported record 240-2 for event visita_unica_arm_1, repeat_instance=None, with 57 fields from 58 entries
2026-09-11 10:49:05,569 - INFO - Mapped gender: Mulher ("Cisgênero") ➡ None
2026-09-11 10:49:05,570 - INFO - Mapped site: SVRI Clínica Morumbi ➡ 47
2026-09-11 10:49:05,571 - INFO - Volunteer payload prepared: {'nome': '240-2', 'iniciais': 'Daniele Komar', 'data_nascimento': '1988-11-24', 'sexo': None, 'email': '', 'data_inclusao': '2026-09-11', 'centro': '47', 'contatos': '11111111111'}
2026-09-11 10:49:05,756 - INFO - Volunteer 240-2 already exists in PoloTrial with ID: 3340
2026-09-11 10:49:05,757 - INFO - Volunteer 240-2 data changed in REDCap, updating in PoloTrial: {'data_nascimento': '1988-11-24'}
2026-09-11 10:49:05,945 - INFO - DEBUG: Searching protocol Embrace for site 47
2026-09-11 10:49:06,319 - INFO - Protocol found: Embrace with ID: 2381 (site=47)
2026-09-11 10:49:06,508 - INFO - DEBUG: Protocol Arm founded for the unique visit: ['Embrace']
2026-09-11 10:49:06,509 - INFO - Arm matched: Embrace with ID: 283
2026-09-11 10:49:07,033 - INFO - Participant found in PoloTrial with ID: 3315
2026-09-11 10:49:25,705 - INFO - Received webhook from REDCap DET: project_id=68, username=luana.fernandes, instrument=modulo_idp_identificacao_da_paciente, record=240-4, redcap_event_name=visita_unica_arm_1, redcap_data_acess_group=, redcap_repeat_instance=None, redcap_repeat_instrument=None, redcap_url=https://svriglobal.org/redcap/, project_url=https://svriglobal.org/redcap/redcap_v17.3.10/index.php?pid=68
2026-09-11 10:49:25,710 - INFO - Dispatch runtime: pid=18671, module=/mnt/c/Users/Science/Documents/Python/integracao_embrace/src/integracao_embrace/dispatch.py, event_name='visita_unica_arm_1', instrument='modulo_idp_identificacao_da_paciente'
2026-09-11 10:49:25,712 - INFO - Dispatching to unique visit handles: visita_unica_arm_1
2026-09-11 10:49:26,344 - INFO - Debug redcap url: https://svriglobal.org/redcap/api/
2026-09-11 10:49:26,345 - INFO - Debug redcaptoken (First 3 chars): E6B...
2026-09-11 10:49:26,346 - INFO - Debug redcap status: 200
2026-09-11 10:49:26,347 - INFO - Debug redcap response (first 30 chars): [{"record":"240-4","redcap_eve
2026-09-11 10:49:26,348 - INFO - REDCap: filtering event=visita_unica_arm_1 by repeat_instance=None; response instances=[]
2026-09-11 10:49:26,348 - INFO - REDCap: exported record 240-4 for event visita_unica_arm_1, repeat_instance=None, with 50 fields from 50 entries
2026-09-11 10:49:26,349 - INFO - Mapped gender:  ➡ None
2026-09-11 10:49:26,350 - INFO - Mapped site: SVRI Clínica Morumbi ➡ 47
2026-09-11 10:49:26,350 - INFO - Volunteer payload prepared: {'nome': '240-4', 'iniciais': 'Luana Batista Fernandes', 'data_nascimento': '2026-05-31', 'sexo': None, 'email': '', 'data_inclusao': '1972-09-05', 'centro': '47', 'contatos': '11111111111'}
2026-09-11 10:49:26,515 - INFO - Volunteer 240-4 already exists in PoloTrial with ID: 3342
2026-09-11 10:49:26,517 - INFO - Volunteer 240-4 data changed in REDCap, updating in PoloTrial: {'data_inclusao': '1972-09-05'}
2026-09-11 10:49:26,699 - INFO - DEBUG: Searching protocol Embrace for site 47
2026-09-11 10:49:27,095 - INFO - Protocol found: Embrace with ID: 2381 (site=47)
2026-09-11 10:49:27,273 - INFO - DEBUG: Protocol Arm founded for the unique visit: ['Embrace']
2026-09-11 10:49:27,274 - INFO - Arm matched: Embrace with ID: 283
2026-09-11 10:49:27,789 - INFO - Participant found in PoloTrial with ID: 3317
2026-09-11 10:49:31,202 - INFO - Participant visits retrieved: 1, for participant ID: 3315
2026-09-11 10:49:31,203 - INFO - Looking for unique visit with name: Visita única among: ['Visita única']
2026-09-11 10:49:31,204 - INFO - Participant visit found: Visita única with ID: 40709
2026-09-11 10:49:31,361 - INFO - Unique visit already up to date (id=40709).
2026-09-11 10:49:31,566 - INFO - DEBUG: Available procedures in PoloTrial for unique visit: ['Consulta Médica', 'Módulo Saúde', 'Módulo Identificação da Paciente', 'Módulo Menopausa', 'Questionário da Saúde da Mulher - WHQ\t', 'Questionário GAD-7', 'Questionário PHQ9', 'Questionário WPAI', 'Questionário Short Form - SF-36']
2026-09-11 10:49:31,568 - INFO -  - ID: 652369 | Procedure: Consulta Médica | Appointment date: nan | Check field: cm_atendimento_dt=N/A | Date field: cm_atendimento_dt=N/A
2026-09-11 10:49:31,569 - INFO -  - ID: 652370 | Procedure: Módulo Saúde | Appointment date: nan | Check field: s0=N/A | Date field: s0=N/A
2026-09-11 10:49:31,570 - INFO -  - ID: 652371 | Procedure: Módulo Identificação da Paciente | Appointment date: 2026-09-11T00:00:00.000Z | Check field: idp3=240-2 | Date field: idp4=2026-09-11
2026-09-11 10:49:31,571 - INFO -  - ID: 652372 | Procedure: Módulo Menopausa | Appointment date: 2026-09-11T00:00:00.000Z | Check field: pm0=2026-09-11 | Date field: pm0=2026-09-11
2026-09-11 10:49:31,572 - INFO -  - ID: 652373 | Procedure: Questionário da Saúde da Mulher - WHQ	 | Appointment date: nan | Check field: whq0=N/A | Date field: whq0=N/A
2026-09-11 10:49:31,573 - INFO -  - ID: 652374 | Procedure: Questionário GAD-7 | Appointment date: nan | Check field: gad7_0=N/A | Date field: gad7_0=N/A
2026-09-11 10:49:31,574 - INFO -  - ID: 652375 | Procedure: Questionário PHQ9 | Appointment date: nan | Check field: phq9_0=N/A | Date field: phq9_0=N/A
2026-09-11 10:49:31,576 - INFO -  - ID: 652376 | Procedure: Questionário WPAI | Appointment date: nan | Check field: wpai0=N/A | Date field: wpai0=N/A
2026-09-11 10:49:31,577 - INFO -  - ID: 652377 | Procedure: Questionário Short Form - SF-36 | Appointment date: nan | Check field: None=N/A | Date field: None=N/A
2026-09-11 10:49:31,578 - INFO - DEBUG: Procedure mapping summary:
2026-09-11 10:49:31,578 - INFO -  1. Total procedures in PoloTrial for unique visit: 9
2026-09-11 10:49:31,579 - INFO -  2. Matched with REDCap mapping: 8
2026-09-11 10:49:31,580 - INFO -  3. Unmatched procedures: 1
2026-09-11 10:49:31,581 - WARNING - DEBUG: Unmatched procedures (no mapping found in POLOTRIAL_UNIQUE_EVENT_PROCEDURES_MAP): ['Questionário Short Form - SF-36']
2026-09-11 10:49:31,581 - WARNING -  - 'Questionário Short Form - SF-36'
2026-09-11 10:49:31,585 - INFO - No procedures to sync for pattern: M[oóOÓ]dulo\s+Identifica[cçCÇ][aãAÃ]o\s+da\s+Paciente
2026-09-11 10:49:31,588 - INFO - No date found in REDCap for procedure Consulta Médica (check_field=cm_atendimento_dt, date_field=cm_atendimento_dt). Skipping sync.
2026-09-11 10:49:31,594 - INFO - No date found in REDCap for procedure Módulo Saúde (check_field=s0, date_field=s0). Skipping sync.
2026-09-11 10:49:31,597 - INFO - No procedures to sync for pattern: M[oóOÓ]dulo\s+Menopausa
2026-09-11 10:49:31,599 - INFO - No date found in REDCap for procedure Questionário da Saúde da Mulher - WHQ	 (check_field=whq0, date_field=whq0). Skipping sync.
2026-09-11 10:49:31,602 - INFO - No procedures to sync for pattern: Question[aáAÁ]rio\s+Short\s+Form\s+SF-36
2026-09-11 10:49:31,604 - INFO - No date found in REDCap for procedure Questionário PHQ9 (check_field=phq9_0, date_field=phq9_0). Skipping sync.
2026-09-11 10:49:31,609 - INFO - No date found in REDCap for procedure Questionário WPAI (check_field=wpai0, date_field=wpai0). Skipping sync.
2026-09-11 10:49:31,611 - INFO - No date found in REDCap for procedure Questionário GAD-7 (check_field=gad7_0, date_field=gad7_0). Skipping sync.
2026-09-11 10:49:31,611 - INFO - Unique visit procedures synchronization completed. Total procedures synced: 0/9
2026-09-11 10:49:31,612 - INFO - Executor name from REDCap: 
2026-09-11 10:49:31,613 - INFO - No executor name provided in REDCap payload. Skipping executor synchronization.
2026-09-11 10:49:31,613 - INFO - Unique visit synchronization completed for record_id=240-2, event_name=visita_unica_arm_1
2026-09-11 10:49:31,614 - INFO - Successfully dispatched event: record_id=240-2, event_name=visita_unica_arm_1, repeat_instance=None
2026-09-11 10:49:34,286 - INFO - Received webhook from REDCap DET: project_id=68, username=larissa.matias, instrument=modulo_idp_identificacao_da_paciente, record=240-3, redcap_event_name=visita_unica_arm_1, redcap_data_acess_group=, redcap_repeat_instance=None, redcap_repeat_instrument=None, redcap_url=https://svriglobal.org/redcap/, project_url=https://svriglobal.org/redcap/redcap_v17.3.10/index.php?pid=68
2026-09-11 10:49:34,289 - INFO - Dispatch runtime: pid=18671, module=/mnt/c/Users/Science/Documents/Python/integracao_embrace/src/integracao_embrace/dispatch.py, event_name='visita_unica_arm_1', instrument='modulo_idp_identificacao_da_paciente'
2026-09-11 10:49:34,291 - INFO - Dispatching to unique visit handles: visita_unica_arm_1
2026-09-11 10:49:35,030 - INFO - Debug redcap url: https://svriglobal.org/redcap/api/
2026-09-11 10:49:35,031 - INFO - Debug redcaptoken (First 3 chars): E6B...
2026-09-11 10:49:35,032 - INFO - Debug redcap status: 200
2026-09-11 10:49:35,033 - INFO - Debug redcap response (first 30 chars): [{"record":"240-3","redcap_eve
2026-09-11 10:49:35,035 - INFO - REDCap: filtering event=visita_unica_arm_1 by repeat_instance=None; response instances=[]
2026-09-11 10:49:35,035 - INFO - REDCap: exported record 240-3 for event visita_unica_arm_1, repeat_instance=None, with 56 fields from 56 entries
2026-09-11 10:49:35,036 - INFO - Mapped gender:  ➡ None
2026-09-11 10:49:35,037 - INFO - Mapped site: SVRI Clínica Morumbi ➡ 47
2026-09-11 10:49:35,038 - INFO - Volunteer payload prepared: {'nome': '240-3', 'iniciais': 'Larissa Matias ', 'data_nascimento': '1970-10-29', 'sexo': None, 'email': '', 'data_inclusao': '2026-09-11', 'centro': '47', 'contatos': '11111111111'}
2026-09-11 10:49:35,212 - INFO - Volunteer 240-3 already exists in PoloTrial with ID: 3341
2026-09-11 10:49:35,213 - INFO - Volunteer 240-3 data changed in REDCap, updating in PoloTrial: {'data_nascimento': '1970-10-29'}
2026-09-11 10:49:35,364 - INFO - Received webhook from REDCap DET: project_id=68, username=danielepokessvri, instrument=modulo_idp_identificacao_da_paciente, record=240-2, redcap_event_name=visita_unica_arm_1, redcap_data_acess_group=, redcap_repeat_instance=None, redcap_repeat_instrument=None, redcap_url=https://svriglobal.org/redcap/, project_url=https://svriglobal.org/redcap/redcap_v17.3.10/index.php?pid=68
2026-09-11 10:49:35,369 - INFO - Dispatch runtime: pid=18671, module=/mnt/c/Users/Science/Documents/Python/integracao_embrace/src/integracao_embrace/dispatch.py, event_name='visita_unica_arm_1', instrument='modulo_idp_identificacao_da_paciente'
2026-09-11 10:49:35,372 - INFO - Dispatching to unique visit handles: visita_unica_arm_1
2026-09-11 10:49:35,396 - INFO - DEBUG: Searching protocol Embrace for site 47
2026-09-11 10:49:35,661 - INFO - Debug redcap url: https://svriglobal.org/redcap/api/
2026-09-11 10:49:35,661 - INFO - Debug redcaptoken (First 3 chars): E6B...
2026-09-11 10:49:35,662 - INFO - Debug redcap status: 200
2026-09-11 10:49:35,663 - INFO - Debug redcap response (first 30 chars): [{"record":"240-2","redcap_eve
2026-09-11 10:49:35,664 - INFO - REDCap: filtering event=visita_unica_arm_1 by repeat_instance=None; response instances=[]
2026-09-11 10:49:35,665 - INFO - REDCap: exported record 240-2 for event visita_unica_arm_1, repeat_instance=None, with 57 fields from 58 entries
2026-09-11 10:49:35,666 - INFO - Mapped gender: Mulher ("Cisgênero") ➡ None
2026-09-11 10:49:35,667 - INFO - Mapped site: SVRI Clínica Morumbi ➡ 47
2026-09-11 10:49:35,668 - INFO - Volunteer payload prepared: {'nome': '240-2', 'iniciais': 'Daniele Komar', 'data_nascimento': '1978-11-24', 'sexo': None, 'email': '', 'data_inclusao': '2026-09-11', 'centro': '47', 'contatos': '11111111111'}
2026-09-11 10:49:35,774 - INFO - Protocol found: Embrace with ID: 2381 (site=47)
2026-09-11 10:49:35,960 - INFO - DEBUG: Protocol Arm founded for the unique visit: ['Embrace']
2026-09-11 10:49:35,961 - INFO - Arm matched: Embrace with ID: 283
2026-09-11 10:49:35,986 - INFO - Volunteer 240-2 already exists in PoloTrial with ID: 3340
2026-09-11 10:49:35,987 - INFO - Volunteer 240-2 data changed in REDCap, updating in PoloTrial: {'data_nascimento': '1978-11-24'}
2026-09-11 10:49:36,179 - INFO - DEBUG: Searching protocol Embrace for site 47
2026-09-11 10:49:36,446 - INFO - Participant found in PoloTrial with ID: 3316
2026-09-11 10:49:36,683 - INFO - Protocol found: Embrace with ID: 2381 (site=47)
2026-09-11 10:49:36,873 - INFO - DEBUG: Protocol Arm founded for the unique visit: ['Embrace']
2026-09-11 10:49:36,874 - INFO - Arm matched: Embrace with ID: 283
2026-09-11 10:49:37,359 - INFO - Participant found in PoloTrial with ID: 3315
2026-09-11 10:49:48,344 - INFO - Participant visits retrieved: 1, for participant ID: 3317
2026-09-11 10:49:48,345 - INFO - Looking for unique visit with name: Visita única among: ['Visita única']
2026-09-11 10:49:48,346 - INFO - Participant visit found: Visita única with ID: 40711
2026-09-11 10:49:48,754 - INFO - Unique visit updated (id=40711) with payload: {
  "data_estimada": "1972-09-05",
  "data_realizada": "1972-09-05",
  "status": 20
}
2026-09-11 10:49:48,957 - INFO - DEBUG: Available procedures in PoloTrial for unique visit: ['Consulta Médica', 'Módulo Saúde', 'Módulo Identificação da Paciente', 'Módulo Menopausa', 'Questionário da Saúde da Mulher - WHQ\t', 'Questionário GAD-7', 'Questionário PHQ9', 'Questionário WPAI', 'Questionário Short Form - SF-36']
2026-09-11 10:49:48,959 - INFO -  - ID: 652399 | Procedure: Consulta Médica | Appointment date: nan | Check field: cm_atendimento_dt=N/A | Date field: cm_atendimento_dt=N/A
2026-09-11 10:49:48,961 - INFO -  - ID: 652400 | Procedure: Módulo Saúde | Appointment date: nan | Check field: s0=N/A | Date field: s0=N/A
2026-09-11 10:49:48,962 - INFO -  - ID: 652401 | Procedure: Módulo Identificação da Paciente | Appointment date: 2026-09-11T00:00:00.000Z | Check field: idp3=240-4 | Date field: idp4=1972-09-05
2026-09-11 10:49:48,964 - INFO -  - ID: 652402 | Procedure: Módulo Menopausa | Appointment date: 2026-09-11T00:00:00.000Z | Check field: pm0=2026-09-11 | Date field: pm0=2026-09-11
2026-09-11 10:49:48,965 - INFO -  - ID: 652403 | Procedure: Questionário da Saúde da Mulher - WHQ	 | Appointment date: nan | Check field: whq0=N/A | Date field: whq0=N/A
2026-09-11 10:49:48,966 - INFO -  - ID: 652404 | Procedure: Questionário GAD-7 | Appointment date: nan | Check field: gad7_0=N/A | Date field: gad7_0=N/A
2026-09-11 10:49:48,967 - INFO -  - ID: 652405 | Procedure: Questionário PHQ9 | Appointment date: nan | Check field: phq9_0=N/A | Date field: phq9_0=N/A
2026-09-11 10:49:48,968 - INFO -  - ID: 652406 | Procedure: Questionário WPAI | Appointment date: nan | Check field: wpai0=N/A | Date field: wpai0=N/A
2026-09-11 10:49:48,969 - INFO -  - ID: 652407 | Procedure: Questionário Short Form - SF-36 | Appointment date: nan | Check field: None=N/A | Date field: None=N/A
2026-09-11 10:49:48,970 - INFO - DEBUG: Procedure mapping summary:
2026-09-11 10:49:48,972 - INFO -  1. Total procedures in PoloTrial for unique visit: 9
2026-09-11 10:49:48,974 - INFO -  2. Matched with REDCap mapping: 8
2026-09-11 10:49:48,975 - INFO -  3. Unmatched procedures: 1
2026-09-11 10:49:48,975 - WARNING - DEBUG: Unmatched procedures (no mapping found in POLOTRIAL_UNIQUE_EVENT_PROCEDURES_MAP): ['Questionário Short Form - SF-36']
2026-09-11 10:49:48,976 - WARNING -  - 'Questionário Short Form - SF-36'
2026-09-11 10:49:48,980 - INFO - No procedures to sync for pattern: M[oóOÓ]dulo\s+Identifica[cçCÇ][aãAÃ]o\s+da\s+Paciente
2026-09-11 10:49:48,983 - INFO - No date found in REDCap for procedure Consulta Médica (check_field=cm_atendimento_dt, date_field=cm_atendimento_dt). Skipping sync.
2026-09-11 10:49:48,987 - INFO - No date found in REDCap for procedure Módulo Saúde (check_field=s0, date_field=s0). Skipping sync.
2026-09-11 10:49:48,990 - INFO - No procedures to sync for pattern: M[oóOÓ]dulo\s+Menopausa
2026-09-11 10:49:48,997 - INFO - No date found in REDCap for procedure Questionário da Saúde da Mulher - WHQ	 (check_field=whq0, date_field=whq0). Skipping sync.
2026-09-11 10:49:49,000 - INFO - No procedures to sync for pattern: Question[aáAÁ]rio\s+Short\s+Form\s+SF-36
2026-09-11 10:49:49,005 - INFO - No date found in REDCap for procedure Questionário PHQ9 (check_field=phq9_0, date_field=phq9_0). Skipping sync.
2026-09-11 10:49:49,009 - INFO - No date found in REDCap for procedure Questionário WPAI (check_field=wpai0, date_field=wpai0). Skipping sync.
2026-09-11 10:49:49,012 - INFO - No date found in REDCap for procedure Questionário GAD-7 (check_field=gad7_0, date_field=gad7_0). Skipping sync.
2026-09-11 10:49:49,013 - INFO - Unique visit procedures synchronization completed. Total procedures synced: 0/9
2026-09-11 10:49:49,014 - INFO - Executor name from REDCap: 
2026-09-11 10:49:49,015 - INFO - No executor name provided in REDCap payload. Skipping executor synchronization.
2026-09-11 10:49:49,016 - INFO - Unique visit synchronization completed for record_id=240-4, event_name=visita_unica_arm_1
2026-09-11 10:49:49,017 - INFO - Successfully dispatched event: record_id=240-4, event_name=visita_unica_arm_1, repeat_instance=None
2026-09-11 10:50:00,593 - INFO - Participant visits retrieved: 1, for participant ID: 3316
2026-09-11 10:50:00,597 - INFO - Looking for unique visit with name: Visita única among: ['Visita única']
2026-09-11 10:50:00,600 - INFO - Participant visit found: Visita única with ID: 40710
2026-09-11 10:50:00,776 - INFO - Unique visit already up to date (id=40710).
2026-09-11 10:50:01,022 - INFO - DEBUG: Available procedures in PoloTrial for unique visit: ['Consulta Médica', 'Módulo Saúde', 'Módulo Identificação da Paciente', 'Módulo Menopausa', 'Questionário da Saúde da Mulher - WHQ\t', 'Questionário GAD-7', 'Questionário PHQ9', 'Questionário WPAI', 'Questionário Short Form - SF-36']
2026-09-11 10:50:01,024 - INFO -  - ID: 652384 | Procedure: Consulta Médica | Appointment date: nan | Check field: cm_atendimento_dt=N/A | Date field: cm_atendimento_dt=N/A
2026-09-11 10:50:01,026 - INFO -  - ID: 652385 | Procedure: Módulo Saúde | Appointment date: nan | Check field: s0=N/A | Date field: s0=N/A
2026-09-11 10:50:01,027 - INFO -  - ID: 652386 | Procedure: Módulo Identificação da Paciente | Appointment date: 2026-09-11T00:00:00.000Z | Check field: idp3=240-3 | Date field: idp4=2026-09-11
2026-09-11 10:50:01,030 - INFO -  - ID: 652387 | Procedure: Módulo Menopausa | Appointment date: 2026-09-11T00:00:00.000Z | Check field: pm0=2026-09-11 | Date field: pm0=2026-09-11
2026-09-11 10:50:01,032 - INFO -  - ID: 652388 | Procedure: Questionário da Saúde da Mulher - WHQ	 | Appointment date: nan | Check field: whq0=N/A | Date field: whq0=N/A
2026-09-11 10:50:01,033 - INFO -  - ID: 652389 | Procedure: Questionário GAD-7 | Appointment date: nan | Check field: gad7_0=N/A | Date field: gad7_0=N/A
2026-09-11 10:50:01,035 - INFO -  - ID: 652390 | Procedure: Questionário PHQ9 | Appointment date: nan | Check field: phq9_0=N/A | Date field: phq9_0=N/A
2026-09-11 10:50:01,036 - INFO -  - ID: 652391 | Procedure: Questionário WPAI | Appointment date: nan | Check field: wpai0=N/A | Date field: wpai0=N/A
2026-09-11 10:50:01,037 - INFO -  - ID: 652392 | Procedure: Questionário Short Form - SF-36 | Appointment date: nan | Check field: None=N/A | Date field: None=N/A
2026-09-11 10:50:01,038 - INFO - DEBUG: Procedure mapping summary:
2026-09-11 10:50:01,039 - INFO -  1. Total procedures in PoloTrial for unique visit: 9
2026-09-11 10:50:01,040 - INFO -  2. Matched with REDCap mapping: 8
2026-09-11 10:50:01,041 - INFO -  3. Unmatched procedures: 1
2026-09-11 10:50:01,042 - WARNING - DEBUG: Unmatched procedures (no mapping found in POLOTRIAL_UNIQUE_EVENT_PROCEDURES_MAP): ['Questionário Short Form - SF-36']
2026-09-11 10:50:01,043 - WARNING -  - 'Questionário Short Form - SF-36'
2026-09-11 10:50:01,047 - INFO - No procedures to sync for pattern: M[oóOÓ]dulo\s+Identifica[cçCÇ][aãAÃ]o\s+da\s+Paciente
2026-09-11 10:50:01,053 - INFO - No date found in REDCap for procedure Consulta Médica (check_field=cm_atendimento_dt, date_field=cm_atendimento_dt). Skipping sync.
2026-09-11 10:50:01,058 - INFO - No date found in REDCap for procedure Módulo Saúde (check_field=s0, date_field=s0). Skipping sync.
2026-09-11 10:50:01,065 - INFO - No procedures to sync for pattern: M[oóOÓ]dulo\s+Menopausa
2026-09-11 10:50:01,072 - INFO - No date found in REDCap for procedure Questionário da Saúde da Mulher - WHQ	 (check_field=whq0, date_field=whq0). Skipping sync.
2026-09-11 10:50:01,075 - INFO - No procedures to sync for pattern: Question[aáAÁ]rio\s+Short\s+Form\s+SF-36
2026-09-11 10:50:01,079 - INFO - No date found in REDCap for procedure Questionário PHQ9 (check_field=phq9_0, date_field=phq9_0). Skipping sync.
2026-09-11 10:50:01,083 - INFO - No date found in REDCap for procedure Questionário WPAI (check_field=wpai0, date_field=wpai0). Skipping sync.
2026-09-11 10:50:01,090 - INFO - No date found in REDCap for procedure Questionário GAD-7 (check_field=gad7_0, date_field=gad7_0). Skipping sync.
2026-09-11 10:50:01,091 - INFO - Unique visit procedures synchronization completed. Total procedures synced: 0/9
2026-09-11 10:50:01,092 - INFO - Executor name from REDCap: 
2026-09-11 10:50:01,093 - INFO - No executor name provided in REDCap payload. Skipping executor synchronization.
2026-09-11 10:50:01,094 - INFO - Unique visit synchronization completed for record_id=240-3, event_name=visita_unica_arm_1
2026-09-11 10:50:01,095 - INFO - Successfully dispatched event: record_id=240-3, event_name=visita_unica_arm_1, repeat_instance=None
2026-09-11 10:50:01,555 - INFO - Participant visits retrieved: 1, for participant ID: 3315
2026-09-11 10:50:01,556 - INFO - Looking for unique visit with name: Visita única among: ['Visita única']
2026-09-11 10:50:01,558 - INFO - Participant visit found: Visita única with ID: 40709
2026-09-11 10:50:01,764 - INFO - Unique visit already up to date (id=40709).
2026-09-11 10:50:01,981 - INFO - DEBUG: Available procedures in PoloTrial for unique visit: ['Consulta Médica', 'Módulo Saúde', 'Módulo Identificação da Paciente', 'Módulo Menopausa', 'Questionário da Saúde da Mulher - WHQ\t', 'Questionário GAD-7', 'Questionário PHQ9', 'Questionário WPAI', 'Questionário Short Form - SF-36']
2026-09-11 10:50:01,984 - INFO -  - ID: 652369 | Procedure: Consulta Médica | Appointment date: nan | Check field: cm_atendimento_dt=N/A | Date field: cm_atendimento_dt=N/A
2026-09-11 10:50:01,987 - INFO -  - ID: 652370 | Procedure: Módulo Saúde | Appointment date: nan | Check field: s0=N/A | Date field: s0=N/A
2026-09-11 10:50:01,988 - INFO -  - ID: 652371 | Procedure: Módulo Identificação da Paciente | Appointment date: 2026-09-11T00:00:00.000Z | Check field: idp3=240-2 | Date field: idp4=2026-09-11
2026-09-11 10:50:01,990 - INFO -  - ID: 652372 | Procedure: Módulo Menopausa | Appointment date: 2026-09-11T00:00:00.000Z | Check field: pm0=2026-09-11 | Date field: pm0=2026-09-11
2026-09-11 10:50:01,992 - INFO -  - ID: 652373 | Procedure: Questionário da Saúde da Mulher - WHQ	 | Appointment date: nan | Check field: whq0=N/A | Date field: whq0=N/A
2026-09-11 10:50:01,994 - INFO -  - ID: 652374 | Procedure: Questionário GAD-7 | Appointment date: nan | Check field: gad7_0=N/A | Date field: gad7_0=N/A
2026-09-11 10:50:01,996 - INFO -  - ID: 652375 | Procedure: Questionário PHQ9 | Appointment date: nan | Check field: phq9_0=N/A | Date field: phq9_0=N/A
2026-09-11 10:50:01,997 - INFO -  - ID: 652376 | Procedure: Questionário WPAI | Appointment date: nan | Check field: wpai0=N/A | Date field: wpai0=N/A
2026-09-11 10:50:01,998 - INFO -  - ID: 652377 | Procedure: Questionário Short Form - SF-36 | Appointment date: nan | Check field: None=N/A | Date field: None=N/A
2026-09-11 10:50:01,999 - INFO - DEBUG: Procedure mapping summary:
2026-09-11 10:50:02,003 - INFO -  1. Total procedures in PoloTrial for unique visit: 9
2026-09-11 10:50:02,004 - INFO -  2. Matched with REDCap mapping: 8
2026-09-11 10:50:02,006 - INFO -  3. Unmatched procedures: 1
2026-09-11 10:50:02,007 - WARNING - DEBUG: Unmatched procedures (no mapping found in POLOTRIAL_UNIQUE_EVENT_PROCEDURES_MAP): ['Questionário Short Form - SF-36']
2026-09-11 10:50:02,009 - WARNING -  - 'Questionário Short Form - SF-36'
2026-09-11 10:50:02,015 - INFO - No procedures to sync for pattern: M[oóOÓ]dulo\s+Identifica[cçCÇ][aãAÃ]o\s+da\s+Paciente
2026-09-11 10:50:02,020 - INFO - No date found in REDCap for procedure Consulta Médica (check_field=cm_atendimento_dt, date_field=cm_atendimento_dt). Skipping sync.
2026-09-11 10:50:02,025 - INFO - No date found in REDCap for procedure Módulo Saúde (check_field=s0, date_field=s0). Skipping sync.
2026-09-11 10:50:02,029 - INFO - No procedures to sync for pattern: M[oóOÓ]dulo\s+Menopausa
2026-09-11 10:50:02,035 - INFO - No date found in REDCap for procedure Questionário da Saúde da Mulher - WHQ	 (check_field=whq0, date_field=whq0). Skipping sync.
2026-09-11 10:50:02,040 - INFO - No procedures to sync for pattern: Question[aáAÁ]rio\s+Short\s+Form\s+SF-36
2026-09-11 10:50:02,044 - INFO - No date found in REDCap for procedure Questionário PHQ9 (check_field=phq9_0, date_field=phq9_0). Skipping sync.
2026-09-11 10:50:02,049 - INFO - No date found in REDCap for procedure Questionário WPAI (check_field=wpai0, date_field=wpai0). Skipping sync.
2026-09-11 10:50:02,055 - INFO - No date found in REDCap for procedure Questionário GAD-7 (check_field=gad7_0, date_field=gad7_0). Skipping sync.
2026-09-11 10:50:02,056 - INFO - Unique visit procedures synchronization completed. Total procedures synced: 0/9
2026-09-11 10:50:02,057 - INFO - Executor name from REDCap: 
2026-09-11 10:50:02,058 - INFO - No executor name provided in REDCap payload. Skipping executor synchronization.
2026-09-11 10:50:02,059 - INFO - Unique visit synchronization completed for record_id=240-2, event_name=visita_unica_arm_1
2026-09-11 10:50:02,061 - INFO - Successfully dispatched event: record_id=240-2, event_name=visita_unica_arm_1, repeat_instance=None
2026-09-11 10:52:30,766 - INFO - Received webhook from REDCap DET: project_id=68, username=danielepokessvri, instrument=modulo_whq_questionario_da_saude_da_mulher, record=240-4, redcap_event_name=visita_unica_arm_1, redcap_data_acess_group=, redcap_repeat_instance=None, redcap_repeat_instrument=None, redcap_url=https://svriglobal.org/redcap/, project_url=https://svriglobal.org/redcap/redcap_v17.3.10/index.php?pid=68
2026-09-11 10:52:30,769 - INFO - Dispatch runtime: pid=18671, module=/mnt/c/Users/Science/Documents/Python/integracao_embrace/src/integracao_embrace/dispatch.py, event_name='visita_unica_arm_1', instrument='modulo_whq_questionario_da_saude_da_mulher'
2026-09-11 10:52:30,770 - INFO - Dispatching to unique visit handles: visita_unica_arm_1
2026-09-11 10:52:31,414 - INFO - Debug redcap url: https://svriglobal.org/redcap/api/
2026-09-11 10:52:31,415 - INFO - Debug redcaptoken (First 3 chars): E6B...
2026-09-11 10:52:31,415 - INFO - Debug redcap status: 200
2026-09-11 10:52:31,416 - INFO - Debug redcap response (first 30 chars): [{"record":"240-4","redcap_eve
2026-09-11 10:52:31,417 - INFO - REDCap: filtering event=visita_unica_arm_1 by repeat_instance=None; response instances=[]
2026-09-11 10:52:31,417 - INFO - REDCap: exported record 240-4 for event visita_unica_arm_1, repeat_instance=None, with 52 fields from 52 entries
2026-09-11 10:52:31,418 - INFO - Mapped gender:  ➡ None
2026-09-11 10:52:31,419 - INFO - Mapped site: SVRI Clínica Morumbi ➡ 47
2026-09-11 10:52:31,420 - INFO - Volunteer payload prepared: {'nome': '240-4', 'iniciais': 'Luana Batista Fernandes', 'data_nascimento': '2026-05-31', 'sexo': None, 'email': '', 'data_inclusao': '1972-09-05', 'centro': '47', 'contatos': '11111111111'}
2026-09-11 10:52:31,597 - INFO - Volunteer 240-4 already exists in PoloTrial with ID: 3342
2026-09-11 10:52:31,598 - INFO - DEBUG: Searching protocol Embrace for site 47
2026-09-11 10:52:31,985 - INFO - Protocol found: Embrace with ID: 2381 (site=47)
2026-09-11 10:52:32,177 - INFO - DEBUG: Protocol Arm founded for the unique visit: ['Embrace']
2026-09-11 10:52:32,178 - INFO - Arm matched: Embrace with ID: 283
2026-09-11 10:52:32,723 - INFO - Participant found in PoloTrial with ID: 3317
2026-09-11 10:52:53,266 - INFO - Participant visits retrieved: 1, for participant ID: 3317
2026-09-11 10:52:53,267 - INFO - Looking for unique visit with name: Visita única among: ['Visita única']
2026-09-11 10:52:53,268 - INFO - Participant visit found: Visita única with ID: 40711
2026-09-11 10:52:53,433 - INFO - Unique visit already up to date (id=40711).
2026-09-11 10:52:53,614 - INFO - DEBUG: Available procedures in PoloTrial for unique visit: ['Consulta Médica', 'Módulo Saúde', 'Módulo Identificação da Paciente', 'Módulo Menopausa', 'Questionário da Saúde da Mulher - WHQ\t', 'Questionário GAD-7', 'Questionário PHQ9', 'Questionário WPAI', 'Questionário Short Form - SF-36']
2026-09-11 10:52:53,615 - INFO -  - ID: 652399 | Procedure: Consulta Médica | Appointment date: nan | Check field: cm_atendimento_dt=N/A | Date field: cm_atendimento_dt=N/A
2026-09-11 10:52:53,617 - INFO -  - ID: 652400 | Procedure: Módulo Saúde | Appointment date: nan | Check field: s0=N/A | Date field: s0=N/A
2026-09-11 10:52:53,618 - INFO -  - ID: 652401 | Procedure: Módulo Identificação da Paciente | Appointment date: 2026-09-11T00:00:00.000Z | Check field: idp3=240-4 | Date field: idp4=1972-09-05
2026-09-11 10:52:53,619 - INFO -  - ID: 652402 | Procedure: Módulo Menopausa | Appointment date: 2026-09-11T00:00:00.000Z | Check field: pm0=2026-09-11 | Date field: pm0=2026-09-11
2026-09-11 10:52:53,620 - INFO -  - ID: 652403 | Procedure: Questionário da Saúde da Mulher - WHQ	 | Appointment date: nan | Check field: whq0=N/A | Date field: whq0=N/A
2026-09-11 10:52:53,620 - INFO -  - ID: 652404 | Procedure: Questionário GAD-7 | Appointment date: nan | Check field: gad7_0=N/A | Date field: gad7_0=N/A
2026-09-11 10:52:53,621 - INFO -  - ID: 652405 | Procedure: Questionário PHQ9 | Appointment date: nan | Check field: phq9_0=N/A | Date field: phq9_0=N/A
2026-09-11 10:52:53,622 - INFO -  - ID: 652406 | Procedure: Questionário WPAI | Appointment date: nan | Check field: wpai0=N/A | Date field: wpai0=N/A
2026-09-11 10:52:53,623 - INFO -  - ID: 652407 | Procedure: Questionário Short Form - SF-36 | Appointment date: nan | Check field: None=N/A | Date field: None=N/A
2026-09-11 10:52:53,624 - INFO - DEBUG: Procedure mapping summary:
2026-09-11 10:52:53,625 - INFO -  1. Total procedures in PoloTrial for unique visit: 9
2026-09-11 10:52:53,625 - INFO -  2. Matched with REDCap mapping: 8
2026-09-11 10:52:53,626 - INFO -  3. Unmatched procedures: 1
2026-09-11 10:52:53,626 - WARNING - DEBUG: Unmatched procedures (no mapping found in POLOTRIAL_UNIQUE_EVENT_PROCEDURES_MAP): ['Questionário Short Form - SF-36']
2026-09-11 10:52:53,627 - WARNING -  - 'Questionário Short Form - SF-36'
2026-09-11 10:52:53,631 - INFO - No procedures to sync for pattern: M[oóOÓ]dulo\s+Identifica[cçCÇ][aãAÃ]o\s+da\s+Paciente
2026-09-11 10:52:53,634 - INFO - No date found in REDCap for procedure Consulta Médica (check_field=cm_atendimento_dt, date_field=cm_atendimento_dt). Skipping sync.
2026-09-11 10:52:53,636 - INFO - No date found in REDCap for procedure Módulo Saúde (check_field=s0, date_field=s0). Skipping sync.
2026-09-11 10:52:53,638 - INFO - No procedures to sync for pattern: M[oóOÓ]dulo\s+Menopausa
2026-09-11 10:52:53,641 - INFO - No date found in REDCap for procedure Questionário da Saúde da Mulher - WHQ	 (check_field=whq0, date_field=whq0). Skipping sync.
2026-09-11 10:52:53,644 - INFO - No procedures to sync for pattern: Question[aáAÁ]rio\s+Short\s+Form\s+SF-36
2026-09-11 10:52:53,647 - INFO - No date found in REDCap for procedure Questionário PHQ9 (check_field=phq9_0, date_field=phq9_0). Skipping sync.
2026-09-11 10:52:53,649 - INFO - No date found in REDCap for procedure Questionário WPAI (check_field=wpai0, date_field=wpai0). Skipping sync.
2026-09-11 10:52:53,651 - INFO - No date found in REDCap for procedure Questionário GAD-7 (check_field=gad7_0, date_field=gad7_0). Skipping sync.
2026-09-11 10:52:53,652 - INFO - Unique visit procedures synchronization completed. Total procedures synced: 0/9
2026-09-11 10:52:53,652 - INFO - Executor name from REDCap: 
2026-09-11 10:52:53,653 - INFO - No executor name provided in REDCap payload. Skipping executor synchronization.
2026-09-11 10:52:53,654 - INFO - Unique visit synchronization completed for record_id=240-4, event_name=visita_unica_arm_1
2026-09-11 10:52:53,654 - INFO - Successfully dispatched event: record_id=240-4, event_name=visita_unica_arm_1, repeat_instance=None
2026-09-11 10:53:41,723 - INFO - Received webhook from REDCap DET: project_id=68, username=[survey respondent], instrument=modulo_do_participante, record=240-4, redcap_event_name=visita_unica_arm_1, redcap_data_acess_group=, redcap_repeat_instance=None, redcap_repeat_instrument=None, redcap_url=https://svriglobal.org/redcap/, project_url=https://svriglobal.org/redcap/redcap_v17.3.10/index.php?pid=68
2026-09-11 10:53:41,727 - INFO - Dispatch runtime: pid=18671, module=/mnt/c/Users/Science/Documents/Python/integracao_embrace/src/integracao_embrace/dispatch.py, event_name='visita_unica_arm_1', instrument='modulo_do_participante'
2026-09-11 10:53:41,728 - INFO - Dispatching to unique visit handles: visita_unica_arm_1
2026-09-11 10:53:42,396 - INFO - Debug redcap url: https://svriglobal.org/redcap/api/
2026-09-11 10:53:42,397 - INFO - Debug redcaptoken (First 3 chars): E6B...
2026-09-11 10:53:42,398 - INFO - Debug redcap status: 200
2026-09-11 10:53:42,399 - INFO - Debug redcap response (first 30 chars): [{"record":"240-4","redcap_eve
2026-09-11 10:53:42,401 - INFO - REDCap: filtering event=visita_unica_arm_1 by repeat_instance=None; response instances=[]
2026-09-11 10:53:42,402 - INFO - REDCap: exported record 240-4 for event visita_unica_arm_1, repeat_instance=None, with 54 fields from 54 entries
2026-09-11 10:53:42,403 - INFO - Mapped gender:  ➡ None
2026-09-11 10:53:42,404 - INFO - Mapped site: SVRI Clínica Morumbi ➡ 47
2026-09-11 10:53:42,404 - INFO - Volunteer payload prepared: {'nome': '240-4', 'iniciais': 'Luana Batista Fernandes', 'data_nascimento': '2026-05-31', 'sexo': None, 'email': '', 'data_inclusao': '1972-09-05', 'centro': '47', 'contatos': '11111111111'}
2026-09-11 10:53:42,575 - INFO - Volunteer 240-4 already exists in PoloTrial with ID: 3342
2026-09-11 10:53:42,576 - INFO - DEBUG: Searching protocol Embrace for site 47
2026-09-11 10:53:42,979 - INFO - Protocol found: Embrace with ID: 2381 (site=47)
2026-09-11 10:53:43,184 - INFO - DEBUG: Protocol Arm founded for the unique visit: ['Embrace']
2026-09-11 10:53:43,185 - INFO - Arm matched: Embrace with ID: 283
2026-09-11 10:53:43,736 - INFO - Participant found in PoloTrial with ID: 3317
2026-09-11 10:53:43,764 - INFO - Received webhook from REDCap DET: project_id=68, username=[survey respondent], instrument=modulo_do_participante, record=240-4, redcap_event_name=visita_unica_arm_1, redcap_data_acess_group=, redcap_repeat_instance=None, redcap_repeat_instrument=None, redcap_url=https://svriglobal.org/redcap/, project_url=https://svriglobal.org/redcap/redcap_v17.3.10/index.php?pid=68
2026-09-11 10:53:43,769 - INFO - Dispatch runtime: pid=18671, module=/mnt/c/Users/Science/Documents/Python/integracao_embrace/src/integracao_embrace/dispatch.py, event_name='visita_unica_arm_1', instrument='modulo_do_participante'
2026-09-11 10:53:43,770 - INFO - Dispatching to unique visit handles: visita_unica_arm_1
2026-09-11 10:53:44,087 - INFO - Debug redcap url: https://svriglobal.org/redcap/api/
2026-09-11 10:53:44,088 - INFO - Debug redcaptoken (First 3 chars): E6B...
2026-09-11 10:53:44,089 - INFO - Debug redcap status: 200
2026-09-11 10:53:44,089 - INFO - Debug redcap response (first 30 chars): [{"record":"240-4","redcap_eve
2026-09-11 10:53:44,090 - INFO - REDCap: filtering event=visita_unica_arm_1 by repeat_instance=None; response instances=[]
2026-09-11 10:53:44,091 - INFO - REDCap: exported record 240-4 for event visita_unica_arm_1, repeat_instance=None, with 54 fields from 54 entries
2026-09-11 10:53:44,092 - INFO - Mapped gender:  ➡ None
2026-09-11 10:53:44,093 - INFO - Mapped site: SVRI Clínica Morumbi ➡ 47
2026-09-11 10:53:44,094 - INFO - Volunteer payload prepared: {'nome': '240-4', 'iniciais': 'Luana Batista Fernandes', 'data_nascimento': '2026-05-31', 'sexo': None, 'email': '', 'data_inclusao': '1972-09-05', 'centro': '47', 'contatos': '11111111111'}
2026-09-11 10:53:44,270 - INFO - Volunteer 240-4 already exists in PoloTrial with ID: 3342
2026-09-11 10:53:44,271 - INFO - DEBUG: Searching protocol Embrace for site 47
2026-09-11 10:53:44,676 - INFO - Protocol found: Embrace with ID: 2381 (site=47)
2026-09-11 10:53:44,875 - INFO - DEBUG: Protocol Arm founded for the unique visit: ['Embrace']
2026-09-11 10:53:44,876 - INFO - Arm matched: Embrace with ID: 283
2026-09-11 10:53:45,370 - INFO - Participant found in PoloTrial with ID: 3317
2026-09-11 10:53:51,392 - INFO - Received webhook from REDCap DET: project_id=68, username=[survey respondent], instrument=modulo_do_participante, record=240-3, redcap_event_name=visita_unica_arm_1, redcap_data_acess_group=, redcap_repeat_instance=None, redcap_repeat_instrument=None, redcap_url=https://svriglobal.org/redcap/, project_url=https://svriglobal.org/redcap/redcap_v17.3.10/index.php?pid=68
2026-09-11 10:53:51,401 - INFO - Dispatch runtime: pid=18671, module=/mnt/c/Users/Science/Documents/Python/integracao_embrace/src/integracao_embrace/dispatch.py, event_name='visita_unica_arm_1', instrument='modulo_do_participante'
2026-09-11 10:53:51,401 - INFO - Dispatching to unique visit handles: visita_unica_arm_1
2026-09-11 10:53:52,028 - INFO - Debug redcap url: https://svriglobal.org/redcap/api/
2026-09-11 10:53:52,029 - INFO - Debug redcaptoken (First 3 chars): E6B...
2026-09-11 10:53:52,030 - INFO - Debug redcap status: 200
2026-09-11 10:53:52,031 - INFO - Debug redcap response (first 30 chars): [{"record":"240-3","redcap_eve
2026-09-11 10:53:52,032 - INFO - REDCap: filtering event=visita_unica_arm_1 by repeat_instance=None; response instances=[]
2026-09-11 10:53:52,033 - INFO - REDCap: exported record 240-3 for event visita_unica_arm_1, repeat_instance=None, with 58 fields from 58 entries
2026-09-11 10:53:52,033 - INFO - Mapped gender:  ➡ None
2026-09-11 10:53:52,034 - INFO - Mapped site: SVRI Clínica Morumbi ➡ 47
2026-09-11 10:53:52,035 - INFO - Volunteer payload prepared: {'nome': '240-3', 'iniciais': 'Larissa Matias ', 'data_nascimento': '1970-10-29', 'sexo': None, 'email': '', 'data_inclusao': '2026-09-11', 'centro': '47', 'contatos': '11111111111'}
2026-09-11 10:53:52,221 - INFO - Volunteer 240-3 already exists in PoloTrial with ID: 3341
2026-09-11 10:53:52,222 - INFO - DEBUG: Searching protocol Embrace for site 47
2026-09-11 10:53:52,609 - INFO - Protocol found: Embrace with ID: 2381 (site=47)
2026-09-11 10:53:52,794 - INFO - DEBUG: Protocol Arm founded for the unique visit: ['Embrace']
2026-09-11 10:53:52,794 - INFO - Arm matched: Embrace with ID: 283
2026-09-11 10:53:53,271 - INFO - Participant found in PoloTrial with ID: 3316
2026-09-11 10:54:04,297 - INFO - Participant visits retrieved: 1, for participant ID: 3317
2026-09-11 10:54:04,298 - INFO - Looking for unique visit with name: Visita única among: ['Visita única']
2026-09-11 10:54:04,299 - INFO - Participant visit found: Visita única with ID: 40711
2026-09-11 10:54:04,459 - INFO - Unique visit already up to date (id=40711).
2026-09-11 10:54:04,673 - INFO - DEBUG: Available procedures in PoloTrial for unique visit: ['Consulta Médica', 'Módulo Saúde', 'Módulo Identificação da Paciente', 'Módulo Menopausa', 'Questionário da Saúde da Mulher - WHQ\t', 'Questionário GAD-7', 'Questionário PHQ9', 'Questionário WPAI', 'Questionário Short Form - SF-36']
2026-09-11 10:54:04,675 - INFO -  - ID: 652399 | Procedure: Consulta Médica | Appointment date: nan | Check field: cm_atendimento_dt=N/A | Date field: cm_atendimento_dt=N/A
2026-09-11 10:54:04,676 - INFO -  - ID: 652400 | Procedure: Módulo Saúde | Appointment date: nan | Check field: s0=N/A | Date field: s0=N/A
2026-09-11 10:54:04,676 - INFO -  - ID: 652401 | Procedure: Módulo Identificação da Paciente | Appointment date: 2026-09-11T00:00:00.000Z | Check field: idp3=240-4 | Date field: idp4=1972-09-05
2026-09-11 10:54:04,678 - INFO -  - ID: 652402 | Procedure: Módulo Menopausa | Appointment date: 2026-09-11T00:00:00.000Z | Check field: pm0=2026-09-11 | Date field: pm0=2026-09-11
2026-09-11 10:54:04,678 - INFO -  - ID: 652403 | Procedure: Questionário da Saúde da Mulher - WHQ	 | Appointment date: nan | Check field: whq0=N/A | Date field: whq0=N/A
2026-09-11 10:54:04,679 - INFO -  - ID: 652404 | Procedure: Questionário GAD-7 | Appointment date: nan | Check field: gad7_0=N/A | Date field: gad7_0=N/A
2026-09-11 10:54:04,680 - INFO -  - ID: 652405 | Procedure: Questionário PHQ9 | Appointment date: nan | Check field: phq9_0=N/A | Date field: phq9_0=N/A
2026-09-11 10:54:04,681 - INFO -  - ID: 652406 | Procedure: Questionário WPAI | Appointment date: nan | Check field: wpai0=N/A | Date field: wpai0=N/A
2026-09-11 10:54:04,682 - INFO -  - ID: 652407 | Procedure: Questionário Short Form - SF-36 | Appointment date: nan | Check field: None=N/A | Date field: None=N/A
2026-09-11 10:54:04,683 - INFO - DEBUG: Procedure mapping summary:
2026-09-11 10:54:04,685 - INFO -  1. Total procedures in PoloTrial for unique visit: 9
2026-09-11 10:54:04,686 - INFO -  2. Matched with REDCap mapping: 8
2026-09-11 10:54:04,687 - INFO -  3. Unmatched procedures: 1
2026-09-11 10:54:04,688 - WARNING - DEBUG: Unmatched procedures (no mapping found in POLOTRIAL_UNIQUE_EVENT_PROCEDURES_MAP): ['Questionário Short Form - SF-36']
2026-09-11 10:54:04,689 - WARNING -  - 'Questionário Short Form - SF-36'
2026-09-11 10:54:04,693 - INFO - No procedures to sync for pattern: M[oóOÓ]dulo\s+Identifica[cçCÇ][aãAÃ]o\s+da\s+Paciente
2026-09-11 10:54:04,696 - INFO - No date found in REDCap for procedure Consulta Médica (check_field=cm_atendimento_dt, date_field=cm_atendimento_dt). Skipping sync.
2026-09-11 10:54:04,699 - INFO - No date found in REDCap for procedure Módulo Saúde (check_field=s0, date_field=s0). Skipping sync.
2026-09-11 10:54:04,703 - INFO - No procedures to sync for pattern: M[oóOÓ]dulo\s+Menopausa
2026-09-11 10:54:04,706 - INFO - No date found in REDCap for procedure Questionário da Saúde da Mulher - WHQ	 (check_field=whq0, date_field=whq0). Skipping sync.
2026-09-11 10:54:04,709 - INFO - No procedures to sync for pattern: Question[aáAÁ]rio\s+Short\s+Form\s+SF-36
2026-09-11 10:54:04,715 - INFO - No date found in REDCap for procedure Questionário PHQ9 (check_field=phq9_0, date_field=phq9_0). Skipping sync.
2026-09-11 10:54:04,719 - INFO - No date found in REDCap for procedure Questionário WPAI (check_field=wpai0, date_field=wpai0). Skipping sync.
2026-09-11 10:54:04,723 - INFO - No date found in REDCap for procedure Questionário GAD-7 (check_field=gad7_0, date_field=gad7_0). Skipping sync.
2026-09-11 10:54:04,723 - INFO - Unique visit procedures synchronization completed. Total procedures synced: 0/9
2026-09-11 10:54:04,725 - INFO - Executor name from REDCap: 
2026-09-11 10:54:04,726 - INFO - No executor name provided in REDCap payload. Skipping executor synchronization.
2026-09-11 10:54:04,726 - INFO - Unique visit synchronization completed for record_id=240-4, event_name=visita_unica_arm_1
2026-09-11 10:54:04,727 - INFO - Successfully dispatched event: record_id=240-4, event_name=visita_unica_arm_1, repeat_instance=None
2026-09-11 10:54:05,935 - INFO - Participant visits retrieved: 1, for participant ID: 3317
2026-09-11 10:54:05,936 - INFO - Looking for unique visit with name: Visita única among: ['Visita única']
2026-09-11 10:54:05,937 - INFO - Participant visit found: Visita única with ID: 40711
2026-09-11 10:54:06,097 - INFO - Unique visit already up to date (id=40711).
2026-09-11 10:54:06,290 - INFO - DEBUG: Available procedures in PoloTrial for unique visit: ['Consulta Médica', 'Módulo Saúde', 'Módulo Identificação da Paciente', 'Módulo Menopausa', 'Questionário da Saúde da Mulher - WHQ\t', 'Questionário GAD-7', 'Questionário PHQ9', 'Questionário WPAI', 'Questionário Short Form - SF-36']
2026-09-11 10:54:06,293 - INFO -  - ID: 652399 | Procedure: Consulta Médica | Appointment date: nan | Check field: cm_atendimento_dt=N/A | Date field: cm_atendimento_dt=N/A
2026-09-11 10:54:06,297 - INFO -  - ID: 652400 | Procedure: Módulo Saúde | Appointment date: nan | Check field: s0=N/A | Date field: s0=N/A
2026-09-11 10:54:06,298 - INFO -  - ID: 652401 | Procedure: Módulo Identificação da Paciente | Appointment date: 2026-09-11T00:00:00.000Z | Check field: idp3=240-4 | Date field: idp4=1972-09-05
2026-09-11 10:54:06,300 - INFO -  - ID: 652402 | Procedure: Módulo Menopausa | Appointment date: 2026-09-11T00:00:00.000Z | Check field: pm0=2026-09-11 | Date field: pm0=2026-09-11
2026-09-11 10:54:06,301 - INFO -  - ID: 652403 | Procedure: Questionário da Saúde da Mulher - WHQ	 | Appointment date: nan | Check field: whq0=N/A | Date field: whq0=N/A
2026-09-11 10:54:06,302 - INFO -  - ID: 652404 | Procedure: Questionário GAD-7 | Appointment date: nan | Check field: gad7_0=N/A | Date field: gad7_0=N/A
2026-09-11 10:54:06,303 - INFO -  - ID: 652405 | Procedure: Questionário PHQ9 | Appointment date: nan | Check field: phq9_0=N/A | Date field: phq9_0=N/A
2026-09-11 10:54:06,311 - INFO -  - ID: 652406 | Procedure: Questionário WPAI | Appointment date: nan | Check field: wpai0=N/A | Date field: wpai0=N/A
2026-09-11 10:54:06,312 - INFO -  - ID: 652407 | Procedure: Questionário Short Form - SF-36 | Appointment date: nan | Check field: None=N/A | Date field: None=N/A
2026-09-11 10:54:06,313 - INFO - DEBUG: Procedure mapping summary:
2026-09-11 10:54:06,314 - INFO -  1. Total procedures in PoloTrial for unique visit: 9
2026-09-11 10:54:06,314 - INFO -  2. Matched with REDCap mapping: 8
2026-09-11 10:54:06,315 - INFO -  3. Unmatched procedures: 1
2026-09-11 10:54:06,316 - WARNING - DEBUG: Unmatched procedures (no mapping found in POLOTRIAL_UNIQUE_EVENT_PROCEDURES_MAP): ['Questionário Short Form - SF-36']
2026-09-11 10:54:06,317 - WARNING -  - 'Questionário Short Form - SF-36'
2026-09-11 10:54:06,323 - INFO - No procedures to sync for pattern: M[oóOÓ]dulo\s+Identifica[cçCÇ][aãAÃ]o\s+da\s+Paciente
2026-09-11 10:54:06,326 - INFO - No date found in REDCap for procedure Consulta Médica (check_field=cm_atendimento_dt, date_field=cm_atendimento_dt). Skipping sync.
2026-09-11 10:54:06,329 - INFO - No date found in REDCap for procedure Módulo Saúde (check_field=s0, date_field=s0). Skipping sync.
2026-09-11 10:54:06,332 - INFO - No procedures to sync for pattern: M[oóOÓ]dulo\s+Menopausa
2026-09-11 10:54:06,335 - INFO - No date found in REDCap for procedure Questionário da Saúde da Mulher - WHQ	 (check_field=whq0, date_field=whq0). Skipping sync.
2026-09-11 10:54:06,338 - INFO - No procedures to sync for pattern: Question[aáAÁ]rio\s+Short\s+Form\s+SF-36
2026-09-11 10:54:06,342 - INFO - No date found in REDCap for procedure Questionário PHQ9 (check_field=phq9_0, date_field=phq9_0). Skipping sync.
2026-09-11 10:54:06,345 - INFO - No date found in REDCap for procedure Questionário WPAI (check_field=wpai0, date_field=wpai0). Skipping sync.
2026-09-11 10:54:06,348 - INFO - No date found in REDCap for procedure Questionário GAD-7 (check_field=gad7_0, date_field=gad7_0). Skipping sync.
2026-09-11 10:54:06,351 - INFO - Unique visit procedures synchronization completed. Total procedures synced: 0/9
2026-09-11 10:54:06,352 - INFO - Executor name from REDCap: 
2026-09-11 10:54:06,354 - INFO - No executor name provided in REDCap payload. Skipping executor synchronization.
2026-09-11 10:54:06,354 - INFO - Unique visit synchronization completed for record_id=240-4, event_name=visita_unica_arm_1
2026-09-11 10:54:06,355 - INFO - Successfully dispatched event: record_id=240-4, event_name=visita_unica_arm_1, repeat_instance=None
2026-09-11 10:54:17,420 - INFO - Participant visits retrieved: 1, for participant ID: 3316
2026-09-11 10:54:17,421 - INFO - Looking for unique visit with name: Visita única among: ['Visita única']
2026-09-11 10:54:17,422 - INFO - Participant visit found: Visita única with ID: 40710
2026-09-11 10:54:17,583 - INFO - Unique visit already up to date (id=40710).
2026-09-11 10:54:17,798 - INFO - DEBUG: Available procedures in PoloTrial for unique visit: ['Consulta Médica', 'Módulo Saúde', 'Módulo Identificação da Paciente', 'Módulo Menopausa', 'Questionário da Saúde da Mulher - WHQ\t', 'Questionário GAD-7', 'Questionário PHQ9', 'Questionário WPAI', 'Questionário Short Form - SF-36']
2026-09-11 10:54:17,804 - INFO -  - ID: 652384 | Procedure: Consulta Médica | Appointment date: nan | Check field: cm_atendimento_dt=N/A | Date field: cm_atendimento_dt=N/A
2026-09-11 10:54:17,806 - INFO -  - ID: 652385 | Procedure: Módulo Saúde | Appointment date: nan | Check field: s0=N/A | Date field: s0=N/A
2026-09-11 10:54:17,807 - INFO -  - ID: 652386 | Procedure: Módulo Identificação da Paciente | Appointment date: 2026-09-11T00:00:00.000Z | Check field: idp3=240-3 | Date field: idp4=2026-09-11
2026-09-11 10:54:17,809 - INFO -  - ID: 652387 | Procedure: Módulo Menopausa | Appointment date: 2026-09-11T00:00:00.000Z | Check field: pm0=2026-09-11 | Date field: pm0=2026-09-11
2026-09-11 10:54:17,810 - INFO -  - ID: 652388 | Procedure: Questionário da Saúde da Mulher - WHQ	 | Appointment date: nan | Check field: whq0=N/A | Date field: whq0=N/A
2026-09-11 10:54:17,811 - INFO -  - ID: 652389 | Procedure: Questionário GAD-7 | Appointment date: nan | Check field: gad7_0=N/A | Date field: gad7_0=N/A
2026-09-11 10:54:17,812 - INFO -  - ID: 652390 | Procedure: Questionário PHQ9 | Appointment date: nan | Check field: phq9_0=N/A | Date field: phq9_0=N/A
2026-09-11 10:54:17,813 - INFO -  - ID: 652391 | Procedure: Questionário WPAI | Appointment date: nan | Check field: wpai0=N/A | Date field: wpai0=N/A
2026-09-11 10:54:17,814 - INFO -  - ID: 652392 | Procedure: Questionário Short Form - SF-36 | Appointment date: nan | Check field: None=N/A | Date field: None=N/A
2026-09-11 10:54:17,814 - INFO - DEBUG: Procedure mapping summary:
2026-09-11 10:54:17,815 - INFO -  1. Total procedures in PoloTrial for unique visit: 9
2026-09-11 10:54:17,816 - INFO -  2. Matched with REDCap mapping: 8
2026-09-11 10:54:17,817 - INFO -  3. Unmatched procedures: 1
2026-09-11 10:54:17,818 - WARNING - DEBUG: Unmatched procedures (no mapping found in POLOTRIAL_UNIQUE_EVENT_PROCEDURES_MAP): ['Questionário Short Form - SF-36']
2026-09-11 10:54:17,819 - WARNING -  - 'Questionário Short Form - SF-36'
2026-09-11 10:54:17,821 - INFO - No procedures to sync for pattern: M[oóOÓ]dulo\s+Identifica[cçCÇ][aãAÃ]o\s+da\s+Paciente
2026-09-11 10:54:17,825 - INFO - No date found in REDCap for procedure Consulta Médica (check_field=cm_atendimento_dt, date_field=cm_atendimento_dt). Skipping sync.
2026-09-11 10:54:17,829 - INFO - No date found in REDCap for procedure Módulo Saúde (check_field=s0, date_field=s0). Skipping sync.
2026-09-11 10:54:17,834 - INFO - No procedures to sync for pattern: M[oóOÓ]dulo\s+Menopausa
2026-09-11 10:54:17,843 - INFO - No date found in REDCap for procedure Questionário da Saúde da Mulher - WHQ	 (check_field=whq0, date_field=whq0). Skipping sync.
2026-09-11 10:54:17,851 - INFO - No procedures to sync for pattern: Question[aáAÁ]rio\s+Short\s+Form\s+SF-36
2026-09-11 10:54:17,858 - INFO - No date found in REDCap for procedure Questionário PHQ9 (check_field=phq9_0, date_field=phq9_0). Skipping sync.
2026-09-11 10:54:17,863 - INFO - No date found in REDCap for procedure Questionário WPAI (check_field=wpai0, date_field=wpai0). Skipping sync.
2026-09-11 10:54:17,872 - INFO - No date found in REDCap for procedure Questionário GAD-7 (check_field=gad7_0, date_field=gad7_0). Skipping sync.
2026-09-11 10:54:17,873 - INFO - Unique visit procedures synchronization completed. Total procedures synced: 0/9
2026-09-11 10:54:17,874 - INFO - Executor name from REDCap: 
2026-09-11 10:54:17,875 - INFO - No executor name provided in REDCap payload. Skipping executor synchronization.
2026-09-11 10:54:17,876 - INFO - Unique visit synchronization completed for record_id=240-3, event_name=visita_unica_arm_1
2026-09-11 10:54:17,877 - INFO - Successfully dispatched event: record_id=240-3, event_name=visita_unica_arm_1, repeat_instance=None
2026-09-11 10:54:38,099 - INFO - Received webhook from REDCap DET: project_id=68, username=[survey respondent], instrument=modulo_do_participante, record=240-3, redcap_event_name=visita_unica_arm_1, redcap_data_acess_group=, redcap_repeat_instance=None, redcap_repeat_instrument=None, redcap_url=https://svriglobal.org/redcap/, project_url=https://svriglobal.org/redcap/redcap_v17.3.10/index.php?pid=68
2026-09-11 10:54:38,123 - INFO - Dispatch runtime: pid=18671, module=/mnt/c/Users/Science/Documents/Python/integracao_embrace/src/integracao_embrace/dispatch.py, event_name='visita_unica_arm_1', instrument='modulo_do_participante'
2026-09-11 10:54:38,136 - INFO - Dispatching to unique visit handles: visita_unica_arm_1
2026-09-11 10:54:39,733 - INFO - Debug redcap url: https://svriglobal.org/redcap/api/
2026-09-11 10:54:39,747 - INFO - Debug redcaptoken (First 3 chars): E6B...
2026-09-11 10:54:39,751 - INFO - Debug redcap status: 200
2026-09-11 10:54:39,753 - INFO - Debug redcap response (first 30 chars): [{"record":"240-3","redcap_eve
2026-09-11 10:54:39,756 - INFO - REDCap: filtering event=visita_unica_arm_1 by repeat_instance=None; response instances=[]
2026-09-11 10:54:39,758 - INFO - REDCap: exported record 240-3 for event visita_unica_arm_1, repeat_instance=None, with 59 fields from 59 entries
2026-09-11 10:54:39,762 - INFO - Mapped gender:  ➡ None
2026-09-11 10:54:39,765 - INFO - Mapped site: SVRI Clínica Morumbi ➡ 47
2026-09-11 10:54:39,769 - INFO - Volunteer payload prepared: {'nome': '240-3', 'iniciais': 'Larissa Matias ', 'data_nascimento': '1970-10-29', 'sexo': None, 'email': '', 'data_inclusao': '2026-09-11', 'centro': '47', 'contatos': '11111111111'}
2026-09-11 10:54:39,973 - INFO - Volunteer 240-3 already exists in PoloTrial with ID: 3341
2026-09-11 10:54:39,979 - INFO - DEBUG: Searching protocol Embrace for site 47
2026-09-11 10:54:40,409 - INFO - Protocol found: Embrace with ID: 2381 (site=47)
2026-09-11 10:54:40,594 - INFO - DEBUG: Protocol Arm founded for the unique visit: ['Embrace']
2026-09-11 10:54:40,595 - INFO - Arm matched: Embrace with ID: 283
2026-09-11 10:54:41,085 - INFO - Participant found in PoloTrial with ID: 3316
2026-09-11 10:55:05,215 - INFO - Participant visits retrieved: 1, for participant ID: 3316
2026-09-11 10:55:05,216 - INFO - Looking for unique visit with name: Visita única among: ['Visita única']
2026-09-11 10:55:05,216 - INFO - Participant visit found: Visita única with ID: 40710
2026-09-11 10:55:05,380 - INFO - Unique visit already up to date (id=40710).
2026-09-11 10:55:05,596 - INFO - DEBUG: Available procedures in PoloTrial for unique visit: ['Consulta Médica', 'Módulo Saúde', 'Módulo Identificação da Paciente', 'Módulo Menopausa', 'Questionário da Saúde da Mulher - WHQ\t', 'Questionário GAD-7', 'Questionário PHQ9', 'Questionário WPAI', 'Questionário Short Form - SF-36']
2026-09-11 10:55:05,598 - INFO -  - ID: 652384 | Procedure: Consulta Médica | Appointment date: nan | Check field: cm_atendimento_dt=N/A | Date field: cm_atendimento_dt=N/A
2026-09-11 10:55:05,599 - INFO -  - ID: 652385 | Procedure: Módulo Saúde | Appointment date: nan | Check field: s0=N/A | Date field: s0=N/A
2026-09-11 10:55:05,600 - INFO -  - ID: 652386 | Procedure: Módulo Identificação da Paciente | Appointment date: 2026-09-11T00:00:00.000Z | Check field: idp3=240-3 | Date field: idp4=2026-09-11
2026-09-11 10:55:05,602 - INFO -  - ID: 652387 | Procedure: Módulo Menopausa | Appointment date: 2026-09-11T00:00:00.000Z | Check field: pm0=2026-09-11 | Date field: pm0=2026-09-11
2026-09-11 10:55:05,604 - INFO -  - ID: 652388 | Procedure: Questionário da Saúde da Mulher - WHQ	 | Appointment date: nan | Check field: whq0=N/A | Date field: whq0=N/A
2026-09-11 10:55:05,605 - INFO -  - ID: 652389 | Procedure: Questionário GAD-7 | Appointment date: nan | Check field: gad7_0=N/A | Date field: gad7_0=N/A
2026-09-11 10:55:05,606 - INFO -  - ID: 652390 | Procedure: Questionário PHQ9 | Appointment date: nan | Check field: phq9_0=N/A | Date field: phq9_0=N/A
2026-09-11 10:55:05,607 - INFO -  - ID: 652391 | Procedure: Questionário WPAI | Appointment date: nan | Check field: wpai0=N/A | Date field: wpai0=N/A
2026-09-11 10:55:05,608 - INFO -  - ID: 652392 | Procedure: Questionário Short Form - SF-36 | Appointment date: nan | Check field: None=N/A | Date field: None=N/A
2026-09-11 10:55:05,609 - INFO - DEBUG: Procedure mapping summary:
2026-09-11 10:55:05,610 - INFO -  1. Total procedures in PoloTrial for unique visit: 9
2026-09-11 10:55:05,610 - INFO -  2. Matched with REDCap mapping: 8
2026-09-11 10:55:05,611 - INFO -  3. Unmatched procedures: 1
2026-09-11 10:55:05,612 - WARNING - DEBUG: Unmatched procedures (no mapping found in POLOTRIAL_UNIQUE_EVENT_PROCEDURES_MAP): ['Questionário Short Form - SF-36']
2026-09-11 10:55:05,612 - WARNING -  - 'Questionário Short Form - SF-36'
2026-09-11 10:55:05,617 - INFO - No procedures to sync for pattern: M[oóOÓ]dulo\s+Identifica[cçCÇ][aãAÃ]o\s+da\s+Paciente
2026-09-11 10:55:05,623 - INFO - No date found in REDCap for procedure Consulta Médica (check_field=cm_atendimento_dt, date_field=cm_atendimento_dt). Skipping sync.
2026-09-11 10:55:05,629 - INFO - No date found in REDCap for procedure Módulo Saúde (check_field=s0, date_field=s0). Skipping sync.
2026-09-11 10:55:05,633 - INFO - No procedures to sync for pattern: M[oóOÓ]dulo\s+Menopausa
2026-09-11 10:55:05,639 - INFO - No date found in REDCap for procedure Questionário da Saúde da Mulher - WHQ	 (check_field=whq0, date_field=whq0). Skipping sync.
2026-09-11 10:55:05,643 - INFO - No procedures to sync for pattern: Question[aáAÁ]rio\s+Short\s+Form\s+SF-36
2026-09-11 10:55:05,653 - INFO - No date found in REDCap for procedure Questionário PHQ9 (check_field=phq9_0, date_field=phq9_0). Skipping sync.
2026-09-11 10:55:05,657 - INFO - No date found in REDCap for procedure Questionário WPAI (check_field=wpai0, date_field=wpai0). Skipping sync.
2026-09-11 10:55:05,661 - INFO - No date found in REDCap for procedure Questionário GAD-7 (check_field=gad7_0, date_field=gad7_0). Skipping sync.
2026-09-11 10:55:05,663 - INFO - Unique visit procedures synchronization completed. Total procedures synced: 0/9
2026-09-11 10:55:05,664 - INFO - Executor name from REDCap: 
2026-09-11 10:55:05,667 - INFO - No executor name provided in REDCap payload. Skipping executor synchronization.
2026-09-11 10:55:05,668 - INFO - Unique visit synchronization completed for record_id=240-3, event_name=visita_unica_arm_1
2026-09-11 10:55:05,670 - INFO - Successfully dispatched event: record_id=240-3, event_name=visita_unica_arm_1, repeat_instance=None
2026-09-11 10:55:31,467 - INFO - Received webhook from REDCap DET: project_id=68, username=larissa.matias, instrument=status_do_participante, record=240-3, redcap_event_name=visita_unica_arm_1, redcap_data_acess_group=, redcap_repeat_instance=None, redcap_repeat_instrument=None, redcap_url=https://svriglobal.org/redcap/, project_url=https://svriglobal.org/redcap/redcap_v17.3.10/index.php?pid=68
2026-09-11 10:55:31,471 - INFO - Dispatch runtime: pid=18671, module=/mnt/c/Users/Science/Documents/Python/integracao_embrace/src/integracao_embrace/dispatch.py, event_name='visita_unica_arm_1', instrument='status_do_participante'
2026-09-11 10:55:31,472 - INFO - Dispatching to unique visit handles: visita_unica_arm_1
2026-09-11 10:55:32,149 - INFO - Debug redcap url: https://svriglobal.org/redcap/api/
2026-09-11 10:55:32,150 - INFO - Debug redcaptoken (First 3 chars): E6B...
2026-09-11 10:55:32,151 - INFO - Debug redcap status: 200
2026-09-11 10:55:32,152 - INFO - Debug redcap response (first 30 chars): [{"record":"240-3","redcap_eve
2026-09-11 10:55:32,154 - INFO - REDCap: filtering event=visita_unica_arm_1 by repeat_instance=None; response instances=[]
2026-09-11 10:55:32,155 - INFO - REDCap: exported record 240-3 for event visita_unica_arm_1, repeat_instance=None, with 62 fields from 62 entries
2026-09-11 10:55:32,156 - INFO - Mapped gender:  ➡ None
2026-09-11 10:55:32,157 - INFO - Mapped site: SVRI Clínica Morumbi ➡ 47
2026-09-11 10:55:32,157 - INFO - Volunteer payload prepared: {'nome': '240-3', 'iniciais': 'Larissa Matias ', 'data_nascimento': '1970-10-29', 'sexo': None, 'email': '', 'data_inclusao': '2026-09-11', 'centro': '47', 'contatos': '11111111111'}
2026-09-11 10:55:32,343 - INFO - Volunteer 240-3 already exists in PoloTrial with ID: 3341
2026-09-11 10:55:32,344 - INFO - DEBUG: Searching protocol Embrace for site 47
2026-09-11 10:55:32,756 - INFO - Protocol found: Embrace with ID: 2381 (site=47)
2026-09-11 10:55:32,958 - INFO - DEBUG: Protocol Arm founded for the unique visit: ['Embrace']
2026-09-11 10:55:32,959 - INFO - Arm matched: Embrace with ID: 283
2026-09-11 10:55:33,525 - INFO - Participant found in PoloTrial with ID: 3316
2026-09-11 10:55:54,109 - INFO - Participant visits retrieved: 1, for participant ID: 3316
2026-09-11 10:55:54,109 - INFO - Looking for unique visit with name: Visita única among: ['Visita única']
2026-09-11 10:55:54,110 - INFO - Participant visit found: Visita única with ID: 40710
2026-09-11 10:55:54,263 - INFO - Unique visit already up to date (id=40710).
2026-09-11 10:55:54,479 - INFO - DEBUG: Available procedures in PoloTrial for unique visit: ['Consulta Médica', 'Módulo Saúde', 'Módulo Identificação da Paciente', 'Módulo Menopausa', 'Questionário da Saúde da Mulher - WHQ\t', 'Questionário GAD-7', 'Questionário PHQ9', 'Questionário WPAI', 'Questionário Short Form - SF-36']
2026-09-11 10:55:54,480 - INFO -  - ID: 652384 | Procedure: Consulta Médica | Appointment date: nan | Check field: cm_atendimento_dt=N/A | Date field: cm_atendimento_dt=N/A
2026-09-11 10:55:54,481 - INFO -  - ID: 652385 | Procedure: Módulo Saúde | Appointment date: nan | Check field: s0=N/A | Date field: s0=N/A
2026-09-11 10:55:54,482 - INFO -  - ID: 652386 | Procedure: Módulo Identificação da Paciente | Appointment date: 2026-09-11T00:00:00.000Z | Check field: idp3=240-3 | Date field: idp4=2026-09-11
2026-09-11 10:55:54,483 - INFO -  - ID: 652387 | Procedure: Módulo Menopausa | Appointment date: 2026-09-11T00:00:00.000Z | Check field: pm0=2026-09-11 | Date field: pm0=2026-09-11
2026-09-11 10:55:54,484 - INFO -  - ID: 652388 | Procedure: Questionário da Saúde da Mulher - WHQ	 | Appointment date: nan | Check field: whq0=N/A | Date field: whq0=N/A
2026-09-11 10:55:54,485 - INFO -  - ID: 652389 | Procedure: Questionário GAD-7 | Appointment date: nan | Check field: gad7_0=N/A | Date field: gad7_0=N/A
2026-09-11 10:55:54,485 - INFO -  - ID: 652390 | Procedure: Questionário PHQ9 | Appointment date: nan | Check field: phq9_0=N/A | Date field: phq9_0=N/A
2026-09-11 10:55:54,486 - INFO -  - ID: 652391 | Procedure: Questionário WPAI | Appointment date: nan | Check field: wpai0=N/A | Date field: wpai0=N/A
2026-09-11 10:55:54,488 - INFO -  - ID: 652392 | Procedure: Questionário Short Form - SF-36 | Appointment date: nan | Check field: None=N/A | Date field: None=N/A
2026-09-11 10:55:54,488 - INFO - DEBUG: Procedure mapping summary:
2026-09-11 10:55:54,489 - INFO -  1. Total procedures in PoloTrial for unique visit: 9
2026-09-11 10:55:54,489 - INFO -  2. Matched with REDCap mapping: 8
2026-09-11 10:55:54,490 - INFO -  3. Unmatched procedures: 1
2026-09-11 10:55:54,491 - WARNING - DEBUG: Unmatched procedures (no mapping found in POLOTRIAL_UNIQUE_EVENT_PROCEDURES_MAP): ['Questionário Short Form - SF-36']
2026-09-11 10:55:54,491 - WARNING -  - 'Questionário Short Form - SF-36'
2026-09-11 10:55:54,495 - INFO - No procedures to sync for pattern: M[oóOÓ]dulo\s+Identifica[cçCÇ][aãAÃ]o\s+da\s+Paciente
2026-09-11 10:55:54,497 - INFO - No date found in REDCap for procedure Consulta Médica (check_field=cm_atendimento_dt, date_field=cm_atendimento_dt). Skipping sync.
2026-09-11 10:55:54,499 - INFO - No date found in REDCap for procedure Módulo Saúde (check_field=s0, date_field=s0). Skipping sync.
2026-09-11 10:55:54,501 - INFO - No procedures to sync for pattern: M[oóOÓ]dulo\s+Menopausa
2026-09-11 10:55:54,504 - INFO - No date found in REDCap for procedure Questionário da Saúde da Mulher - WHQ	 (check_field=whq0, date_field=whq0). Skipping sync.
2026-09-11 10:55:54,510 - INFO - No procedures to sync for pattern: Question[aáAÁ]rio\s+Short\s+Form\s+SF-36
2026-09-11 10:55:54,512 - INFO - No date found in REDCap for procedure Questionário PHQ9 (check_field=phq9_0, date_field=phq9_0). Skipping sync.
2026-09-11 10:55:54,514 - INFO - No date found in REDCap for procedure Questionário WPAI (check_field=wpai0, date_field=wpai0). Skipping sync.
2026-09-11 10:55:54,517 - INFO - No date found in REDCap for procedure Questionário GAD-7 (check_field=gad7_0, date_field=gad7_0). Skipping sync.
2026-09-11 10:55:54,518 - INFO - Unique visit procedures synchronization completed. Total procedures synced: 0/9
2026-09-11 10:55:54,519 - INFO - Executor name from REDCap: 
2026-09-11 10:55:54,519 - INFO - No executor name provided in REDCap payload. Skipping executor synchronization.
2026-09-11 10:55:54,521 - INFO - Unique visit synchronization completed for record_id=240-3, event_name=visita_unica_arm_1
2026-09-11 10:55:54,523 - INFO - Successfully dispatched event: record_id=240-3, event_name=visita_unica_arm_1, repeat_instance=None
2026-09-11 11:01:10,502 - INFO - Received webhook from REDCap DET: project_id=68, username=danielepokessvri, instrument=status_do_participante, record=240-4, redcap_event_name=visita_unica_arm_1, redcap_data_acess_group=, redcap_repeat_instance=None, redcap_repeat_instrument=None, redcap_url=https://svriglobal.org/redcap/, project_url=https://svriglobal.org/redcap/redcap_v17.3.10/index.php?pid=68
2026-09-11 11:01:10,506 - INFO - Dispatch runtime: pid=18671, module=/mnt/c/Users/Science/Documents/Python/integracao_embrace/src/integracao_embrace/dispatch.py, event_name='visita_unica_arm_1', instrument='status_do_participante'
2026-09-11 11:01:10,506 - INFO - Dispatching to unique visit handles: visita_unica_arm_1
2026-09-11 11:01:11,172 - INFO - Debug redcap url: https://svriglobal.org/redcap/api/
2026-09-11 11:01:11,173 - INFO - Debug redcaptoken (First 3 chars): E6B...
2026-09-11 11:01:11,174 - INFO - Debug redcap status: 200
2026-09-11 11:01:11,175 - INFO - Debug redcap response (first 30 chars): [{"record":"240-4","redcap_eve
2026-09-11 11:01:11,176 - INFO - REDCap: filtering event=visita_unica_arm_1 by repeat_instance=None; response instances=[]
2026-09-11 11:01:11,177 - INFO - REDCap: exported record 240-4 for event visita_unica_arm_1, repeat_instance=None, with 57 fields from 57 entries
2026-09-11 11:01:11,178 - INFO - Mapped gender:  ➡ None
2026-09-11 11:01:11,179 - INFO - Mapped site: SVRI Clínica Morumbi ➡ 47
2026-09-11 11:01:11,179 - INFO - Volunteer payload prepared: {'nome': '240-4', 'iniciais': 'Luana Batista Fernandes', 'data_nascimento': '2026-05-31', 'sexo': None, 'email': '', 'data_inclusao': '1972-09-05', 'centro': '47', 'contatos': '11111111111'}
2026-09-11 11:01:11,351 - INFO - Volunteer 240-4 already exists in PoloTrial with ID: 3342
2026-09-11 11:01:11,352 - INFO - DEBUG: Searching protocol Embrace for site 47
2026-09-11 11:01:11,746 - INFO - Protocol found: Embrace with ID: 2381 (site=47)
2026-09-11 11:01:11,951 - INFO - DEBUG: Protocol Arm founded for the unique visit: ['Embrace']
2026-09-11 11:01:11,952 - INFO - Arm matched: Embrace with ID: 283
2026-09-11 11:01:12,417 - INFO - Participant found in PoloTrial with ID: 3317
2026-09-11 11:01:36,534 - INFO - Participant visits retrieved: 1, for participant ID: 3317
2026-09-11 11:01:36,535 - INFO - Looking for unique visit with name: Visita única among: ['Visita única']
2026-09-11 11:01:36,535 - INFO - Participant visit found: Visita única with ID: 40711
2026-09-11 11:01:36,697 - INFO - Unique visit already up to date (id=40711).
2026-09-11 11:01:36,936 - INFO - DEBUG: Available procedures in PoloTrial for unique visit: ['Consulta Médica', 'Módulo Saúde', 'Módulo Identificação da Paciente', 'Módulo Menopausa', 'Questionário da Saúde da Mulher - WHQ\t', 'Questionário GAD-7', 'Questionário PHQ9', 'Questionário WPAI', 'Questionário Short Form - SF-36']
2026-09-11 11:01:36,937 - INFO -  - ID: 652399 | Procedure: Consulta Médica | Appointment date: nan | Check field: cm_atendimento_dt=N/A | Date field: cm_atendimento_dt=N/A
2026-09-11 11:01:36,938 - INFO -  - ID: 652400 | Procedure: Módulo Saúde | Appointment date: nan | Check field: s0=N/A | Date field: s0=N/A
2026-09-11 11:01:36,939 - INFO -  - ID: 652401 | Procedure: Módulo Identificação da Paciente | Appointment date: 2026-09-11T00:00:00.000Z | Check field: idp3=240-4 | Date field: idp4=1972-09-05
2026-09-11 11:01:36,940 - INFO -  - ID: 652402 | Procedure: Módulo Menopausa | Appointment date: 2026-09-11T00:00:00.000Z | Check field: pm0=2026-09-11 | Date field: pm0=2026-09-11
2026-09-11 11:01:36,941 - INFO -  - ID: 652403 | Procedure: Questionário da Saúde da Mulher - WHQ	 | Appointment date: nan | Check field: whq0=N/A | Date field: whq0=N/A
2026-09-11 11:01:36,942 - INFO -  - ID: 652404 | Procedure: Questionário GAD-7 | Appointment date: nan | Check field: gad7_0=N/A | Date field: gad7_0=N/A
2026-09-11 11:01:36,943 - INFO -  - ID: 652405 | Procedure: Questionário PHQ9 | Appointment date: nan | Check field: phq9_0=N/A | Date field: phq9_0=N/A
2026-09-11 11:01:36,944 - INFO -  - ID: 652406 | Procedure: Questionário WPAI | Appointment date: nan | Check field: wpai0=N/A | Date field: wpai0=N/A
2026-09-11 11:01:36,945 - INFO -  - ID: 652407 | Procedure: Questionário Short Form - SF-36 | Appointment date: nan | Check field: None=N/A | Date field: None=N/A
2026-09-11 11:01:36,945 - INFO - DEBUG: Procedure mapping summary:
2026-09-11 11:01:36,946 - INFO -  1. Total procedures in PoloTrial for unique visit: 9
2026-09-11 11:01:36,946 - INFO -  2. Matched with REDCap mapping: 8
2026-09-11 11:01:36,947 - INFO -  3. Unmatched procedures: 1
2026-09-11 11:01:36,947 - WARNING - DEBUG: Unmatched procedures (no mapping found in POLOTRIAL_UNIQUE_EVENT_PROCEDURES_MAP): ['Questionário Short Form - SF-36']
2026-09-11 11:01:36,948 - WARNING -  - 'Questionário Short Form - SF-36'
2026-09-11 11:01:36,951 - INFO - No procedures to sync for pattern: M[oóOÓ]dulo\s+Identifica[cçCÇ][aãAÃ]o\s+da\s+Paciente
2026-09-11 11:01:36,954 - INFO - No date found in REDCap for procedure Consulta Médica (check_field=cm_atendimento_dt, date_field=cm_atendimento_dt). Skipping sync.
2026-09-11 11:01:36,956 - INFO - No date found in REDCap for procedure Módulo Saúde (check_field=s0, date_field=s0). Skipping sync.
2026-09-11 11:01:36,958 - INFO - No procedures to sync for pattern: M[oóOÓ]dulo\s+Menopausa
2026-09-11 11:01:36,961 - INFO - No date found in REDCap for procedure Questionário da Saúde da Mulher - WHQ	 (check_field=whq0, date_field=whq0). Skipping sync.
2026-09-11 11:01:36,963 - INFO - No procedures to sync for pattern: Question[aáAÁ]rio\s+Short\s+Form\s+SF-36
2026-09-11 11:01:36,966 - INFO - No date found in REDCap for procedure Questionário PHQ9 (check_field=phq9_0, date_field=phq9_0). Skipping sync.
2026-09-11 11:01:36,968 - INFO - No date found in REDCap for procedure Questionário WPAI (check_field=wpai0, date_field=wpai0). Skipping sync.
2026-09-11 11:01:36,971 - INFO - No date found in REDCap for procedure Questionário GAD-7 (check_field=gad7_0, date_field=gad7_0). Skipping sync.
2026-09-11 11:01:36,972 - INFO - Unique visit procedures synchronization completed. Total procedures synced: 0/9
2026-09-11 11:01:36,972 - INFO - Executor name from REDCap: 
2026-09-11 11:01:36,973 - INFO - No executor name provided in REDCap payload. Skipping executor synchronization.
2026-09-11 11:01:36,974 - INFO - Unique visit synchronization completed for record_id=240-4, event_name=visita_unica_arm_1
2026-09-11 11:01:36,974 - INFO - Successfully dispatched event: record_id=240-4, event_name=visita_unica_arm_1, repeat_instance=None
2026-09-11 11:53:47,218 - INFO - Received webhook from REDCap DET: project_id=68, username=eduardosoccasvri, instrument=modulo_idp_identificacao_da_paciente, record=240-1, redcap_event_name=visita_unica_arm_1, redcap_data_acess_group=, redcap_repeat_instance=None, redcap_repeat_instrument=None, redcap_url=https://svriglobal.org/redcap/, project_url=https://svriglobal.org/redcap/redcap_v17.3.10/index.php?pid=68
2026-09-11 11:53:47,233 - INFO - Dispatch runtime: pid=18671, module=/mnt/c/Users/Science/Documents/Python/integracao_embrace/src/integracao_embrace/dispatch.py, event_name='visita_unica_arm_1', instrument='modulo_idp_identificacao_da_paciente'
2026-09-11 11:53:47,237 - INFO - Dispatching to unique visit handles: visita_unica_arm_1
2026-09-11 11:53:48,138 - INFO - Debug redcap url: https://svriglobal.org/redcap/api/
2026-09-11 11:53:48,139 - INFO - Debug redcaptoken (First 3 chars): E6B...
2026-09-11 11:53:48,139 - INFO - Debug redcap status: 200
2026-09-11 11:53:48,141 - INFO - Debug redcap response (first 30 chars): [{"record":"240-1","redcap_eve
2026-09-11 11:53:48,143 - INFO - REDCap: filtering event=visita_unica_arm_1 by repeat_instance=None; response instances=[]
2026-09-11 11:53:48,159 - INFO - REDCap: exported record 240-1 for event visita_unica_arm_1, repeat_instance=None, with 11 fields from 11 entries
2026-09-11 11:53:48,161 - INFO - Mapped gender: Mulher ("Cisgênero") ➡ None
2026-09-11 11:53:48,162 - INFO - Mapped site: SVRI Clínica Morumbi ➡ 47
2026-09-11 11:53:48,163 - INFO - Volunteer payload prepared: {'nome': '240-1', 'iniciais': 'Teste 2-1', 'data_nascimento': '1990-01-01', 'sexo': None, 'email': '', 'data_inclusao': '2026-09-10', 'centro': '47', 'contatos': '11111111111'}
2026-09-11 11:53:48,890 - INFO - Volunteer 240-1 already exists in PoloTrial with ID: 3339
2026-09-11 11:53:48,891 - INFO - DEBUG: Searching protocol Embrace for site 47
2026-09-11 11:53:49,489 - INFO - Protocol found: Embrace with ID: 2381 (site=47)
2026-09-11 11:53:49,695 - INFO - DEBUG: Protocol Arm founded for the unique visit: ['Embrace']
2026-09-11 11:53:49,695 - INFO - Arm matched: Embrace with ID: 283
2026-09-11 11:53:53,958 - INFO - Participant found in PoloTrial with ID: 3314
2026-09-11 11:54:15,552 - INFO - Participant visits retrieved: 1, for participant ID: 3314
2026-09-11 11:54:15,553 - INFO - Looking for unique visit with name: Visita única among: ['Visita única']
2026-09-11 11:54:15,553 - INFO - Participant visit found: Visita única with ID: 40708
2026-09-11 11:54:15,713 - INFO - Unique visit already up to date (id=40708).
2026-09-11 11:54:15,994 - INFO - DEBUG: Available procedures in PoloTrial for unique visit: ['Consulta Médica', 'Módulo Saúde', 'Módulo Identificação da Paciente', 'Módulo Menopausa', 'Questionário da Saúde da Mulher - WHQ\t', 'Questionário GAD-7', 'Questionário PHQ9', 'Questionário WPAI', 'Questionário Short Form - SF-36']
2026-09-11 11:54:15,996 - INFO -  - ID: 652354 | Procedure: Consulta Médica | Appointment date: nan | Check field: cm_atendimento_dt=N/A | Date field: cm_atendimento_dt=N/A
2026-09-11 11:54:15,997 - INFO -  - ID: 652355 | Procedure: Módulo Saúde | Appointment date: nan | Check field: s0=N/A | Date field: s0=N/A
2026-09-11 11:54:15,998 - INFO -  - ID: 652356 | Procedure: Módulo Identificação da Paciente | Appointment date: 2026-09-10T00:00:00.000Z | Check field: idp3=240-1 | Date field: idp4=2026-09-10
2026-09-11 11:54:15,999 - INFO -  - ID: 652357 | Procedure: Módulo Menopausa | Appointment date: nan | Check field: pm0=N/A | Date field: pm0=N/A
2026-09-11 11:54:16,000 - INFO -  - ID: 652358 | Procedure: Questionário da Saúde da Mulher - WHQ	 | Appointment date: nan | Check field: whq0=N/A | Date field: whq0=N/A
2026-09-11 11:54:16,002 - INFO -  - ID: 652359 | Procedure: Questionário GAD-7 | Appointment date: nan | Check field: gad7_0=N/A | Date field: gad7_0=N/A
2026-09-11 11:54:16,002 - INFO -  - ID: 652360 | Procedure: Questionário PHQ9 | Appointment date: nan | Check field: phq9_0=N/A | Date field: phq9_0=N/A
2026-09-11 11:54:16,004 - INFO -  - ID: 652361 | Procedure: Questionário WPAI | Appointment date: nan | Check field: wpai0=N/A | Date field: wpai0=N/A
2026-09-11 11:54:16,005 - INFO -  - ID: 652362 | Procedure: Questionário Short Form - SF-36 | Appointment date: nan | Check field: None=N/A | Date field: None=N/A
2026-09-11 11:54:16,005 - INFO - DEBUG: Procedure mapping summary:
2026-09-11 11:54:16,006 - INFO -  1. Total procedures in PoloTrial for unique visit: 9
2026-09-11 11:54:16,007 - INFO -  2. Matched with REDCap mapping: 8
2026-09-11 11:54:16,007 - INFO -  3. Unmatched procedures: 1
2026-09-11 11:54:16,008 - WARNING - DEBUG: Unmatched procedures (no mapping found in POLOTRIAL_UNIQUE_EVENT_PROCEDURES_MAP): ['Questionário Short Form - SF-36']
2026-09-11 11:54:16,009 - WARNING -  - 'Questionário Short Form - SF-36'
2026-09-11 11:54:16,014 - INFO - No procedures to sync for pattern: M[oóOÓ]dulo\s+Identifica[cçCÇ][aãAÃ]o\s+da\s+Paciente
2026-09-11 11:54:16,017 - INFO - No date found in REDCap for procedure Consulta Médica (check_field=cm_atendimento_dt, date_field=cm_atendimento_dt). Skipping sync.
2026-09-11 11:54:16,020 - INFO - No date found in REDCap for procedure Módulo Saúde (check_field=s0, date_field=s0). Skipping sync.
2026-09-11 11:54:16,025 - INFO - No date found in REDCap for procedure Módulo Menopausa (check_field=pm0, date_field=pm0). Skipping sync.
2026-09-11 11:54:16,027 - INFO - No date found in REDCap for procedure Questionário da Saúde da Mulher - WHQ	 (check_field=whq0, date_field=whq0). Skipping sync.
2026-09-11 11:54:16,030 - INFO - No procedures to sync for pattern: Question[aáAÁ]rio\s+Short\s+Form\s+SF-36
2026-09-11 11:54:16,033 - INFO - No date found in REDCap for procedure Questionário PHQ9 (check_field=phq9_0, date_field=phq9_0). Skipping sync.
2026-09-11 11:54:16,035 - INFO - No date found in REDCap for procedure Questionário WPAI (check_field=wpai0, date_field=wpai0). Skipping sync.
2026-09-11 11:54:16,039 - INFO - No date found in REDCap for procedure Questionário GAD-7 (check_field=gad7_0, date_field=gad7_0). Skipping sync.
2026-09-11 11:54:16,040 - INFO - Unique visit procedures synchronization completed. Total procedures synced: 0/9
2026-09-11 11:54:16,041 - INFO - Executor name from REDCap: 
2026-09-11 11:54:16,041 - INFO - No executor name provided in REDCap payload. Skipping executor synchronization.
2026-09-11 11:54:16,042 - INFO - Unique visit synchronization completed for record_id=240-1, event_name=visita_unica_arm_1
2026-09-11 11:54:16,043 - INFO - Successfully dispatched event: record_id=240-1, event_name=visita_unica_arm_1, repeat_instance=None
2026-09-11 11:55:05,981 - INFO - Received webhook from REDCap DET: project_id=68, username=eduardosoccasvri, instrument=mdulo_cm_consulta_mdica, record=240-1, redcap_event_name=visita_unica_arm_1, redcap_data_acess_group=, redcap_repeat_instance=1, redcap_repeat_instrument=mdulo_cm_consulta_mdica, redcap_url=https://svriglobal.org/redcap/, project_url=https://svriglobal.org/redcap/redcap_v17.3.10/index.php?pid=68
2026-09-11 11:55:05,983 - INFO - Dispatch runtime: pid=18671, module=/mnt/c/Users/Science/Documents/Python/integracao_embrace/src/integracao_embrace/dispatch.py, event_name='visita_unica_arm_1', instrument='mdulo_cm_consulta_mdica'
2026-09-11 11:55:05,984 - INFO - Dispatching to unique visit handles: visita_unica_arm_1
2026-09-11 11:55:06,668 - INFO - Debug redcap url: https://svriglobal.org/redcap/api/
2026-09-11 11:55:06,668 - INFO - Debug redcaptoken (First 3 chars): E6B...
2026-09-11 11:55:06,669 - INFO - Debug redcap status: 200
2026-09-11 11:55:06,669 - INFO - Debug redcap response (first 30 chars): [{"record":"240-1","redcap_eve
2026-09-11 11:55:06,672 - INFO - REDCap: filtering event=visita_unica_arm_1 by repeat_instance=None; response instances=['', '1']
2026-09-11 11:55:06,673 - INFO - REDCap: exported record 240-1 for event visita_unica_arm_1, repeat_instance=None, with 33 fields from 33 entries
2026-09-11 11:55:06,673 - INFO - Mapped gender: Mulher ("Cisgênero") ➡ None
2026-09-11 11:55:06,674 - INFO - Mapped site: SVRI Clínica Morumbi ➡ 47
2026-09-11 11:55:06,674 - INFO - Volunteer payload prepared: {'nome': '240-1', 'iniciais': 'Teste 2-1', 'data_nascimento': '1990-01-01', 'sexo': None, 'email': '', 'data_inclusao': '2026-09-10', 'centro': '47', 'contatos': '11111111111'}
2026-09-11 11:55:06,865 - INFO - Volunteer 240-1 already exists in PoloTrial with ID: 3339
2026-09-11 11:55:06,866 - INFO - DEBUG: Searching protocol Embrace for site 47
2026-09-11 11:55:07,281 - INFO - Protocol found: Embrace with ID: 2381 (site=47)
2026-09-11 11:55:07,488 - INFO - DEBUG: Protocol Arm founded for the unique visit: ['Embrace']
2026-09-11 11:55:07,489 - INFO - Arm matched: Embrace with ID: 283
2026-09-11 11:55:08,102 - INFO - Participant found in PoloTrial with ID: 3314
2026-09-11 11:55:30,567 - INFO - Participant visits retrieved: 1, for participant ID: 3314
2026-09-11 11:55:30,568 - INFO - Looking for unique visit with name: Visita única among: ['Visita única']
2026-09-11 11:55:30,568 - INFO - Participant visit found: Visita única with ID: 40708
2026-09-11 11:55:30,726 - INFO - Unique visit already up to date (id=40708).
2026-09-11 11:55:30,921 - INFO - DEBUG: Available procedures in PoloTrial for unique visit: ['Consulta Médica', 'Módulo Saúde', 'Módulo Identificação da Paciente', 'Módulo Menopausa', 'Questionário da Saúde da Mulher - WHQ\t', 'Questionário GAD-7', 'Questionário PHQ9', 'Questionário WPAI', 'Questionário Short Form - SF-36']
2026-09-11 11:55:30,923 - INFO -  - ID: 652354 | Procedure: Consulta Médica | Appointment date: nan | Check field: cm_atendimento_dt=2026-09-11 | Date field: cm_atendimento_dt=2026-09-11
2026-09-11 11:55:30,923 - INFO -  - ID: 652355 | Procedure: Módulo Saúde | Appointment date: nan | Check field: s0=N/A | Date field: s0=N/A
2026-09-11 11:55:30,924 - INFO -  - ID: 652356 | Procedure: Módulo Identificação da Paciente | Appointment date: 2026-09-10T00:00:00.000Z | Check field: idp3=240-1 | Date field: idp4=2026-09-10
2026-09-11 11:55:30,925 - INFO -  - ID: 652357 | Procedure: Módulo Menopausa | Appointment date: nan | Check field: pm0=N/A | Date field: pm0=N/A
2026-09-11 11:55:30,926 - INFO -  - ID: 652358 | Procedure: Questionário da Saúde da Mulher - WHQ	 | Appointment date: nan | Check field: whq0=N/A | Date field: whq0=N/A
2026-09-11 11:55:30,927 - INFO -  - ID: 652359 | Procedure: Questionário GAD-7 | Appointment date: nan | Check field: gad7_0=N/A | Date field: gad7_0=N/A
2026-09-11 11:55:30,927 - INFO -  - ID: 652360 | Procedure: Questionário PHQ9 | Appointment date: nan | Check field: phq9_0=N/A | Date field: phq9_0=N/A
2026-09-11 11:55:30,928 - INFO -  - ID: 652361 | Procedure: Questionário WPAI | Appointment date: nan | Check field: wpai0=N/A | Date field: wpai0=N/A
2026-09-11 11:55:30,928 - INFO -  - ID: 652362 | Procedure: Questionário Short Form - SF-36 | Appointment date: nan | Check field: None=N/A | Date field: None=N/A
2026-09-11 11:55:30,929 - INFO - DEBUG: Procedure mapping summary:
2026-09-11 11:55:30,929 - INFO -  1. Total procedures in PoloTrial for unique visit: 9
2026-09-11 11:55:30,930 - INFO -  2. Matched with REDCap mapping: 8
2026-09-11 11:55:30,930 - INFO -  3. Unmatched procedures: 1
2026-09-11 11:55:30,931 - WARNING - DEBUG: Unmatched procedures (no mapping found in POLOTRIAL_UNIQUE_EVENT_PROCEDURES_MAP): ['Questionário Short Form - SF-36']
2026-09-11 11:55:30,931 - WARNING -  - 'Questionário Short Form - SF-36'
2026-09-11 11:55:30,933 - INFO - No procedures to sync for pattern: M[oóOÓ]dulo\s+Identifica[cçCÇ][aãAÃ]o\s+da\s+Paciente
2026-09-11 11:55:31,237 - INFO - ✅ Synced procedure 'Consulta Médica' (ID: 652354) with date: 2026-09-11
2026-09-11 11:55:31,241 - INFO - No date found in REDCap for procedure Módulo Saúde (check_field=s0, date_field=s0). Skipping sync.
2026-09-11 11:55:31,244 - INFO - No date found in REDCap for procedure Módulo Menopausa (check_field=pm0, date_field=pm0). Skipping sync.
2026-09-11 11:55:31,246 - INFO - No date found in REDCap for procedure Questionário da Saúde da Mulher - WHQ	 (check_field=whq0, date_field=whq0). Skipping sync.
2026-09-11 11:55:31,247 - INFO - No procedures to sync for pattern: Question[aáAÁ]rio\s+Short\s+Form\s+SF-36
2026-09-11 11:55:31,249 - INFO - No date found in REDCap for procedure Questionário PHQ9 (check_field=phq9_0, date_field=phq9_0). Skipping sync.
2026-09-11 11:55:31,251 - INFO - No date found in REDCap for procedure Questionário WPAI (check_field=wpai0, date_field=wpai0). Skipping sync.
2026-09-11 11:55:31,253 - INFO - No date found in REDCap for procedure Questionário GAD-7 (check_field=gad7_0, date_field=gad7_0). Skipping sync.
2026-09-11 11:55:31,253 - INFO - Unique visit procedures synchronization completed. Total procedures synced: 1/9
2026-09-11 11:55:31,254 - INFO - Executor name from REDCap: Eduardo Augusto Rabelo Socca
2026-09-11 11:55:31,511 - ERROR - Error dispatching event: record_id=240-1, event_name=visita_unica_arm_1, repeat_instance=1, error=PoloTrialClient.list_procedure_executors() got an unexpected keyword argument 'procedure_id'
Traceback (most recent call last):
  File "/mnt/c/Users/Science/Documents/Python/integracao_embrace/src/integracao_embrace/webhook.py", line 213, in _run_sync
    dispatch_event(
    ~~~~~~~~~~~~~~^
        record_id=record_id,
        ^^^^^^^^^^^^^^^^^^^^
    ...<5 lines>...
        repeat_instance=repeat_instance
        ^^^^^^^^^^^^^^^^^^^^^^^^^^^^^^^
    )
    ^
  File "/mnt/c/Users/Science/Documents/Python/integracao_embrace/src/integracao_embrace/dispatch.py", line 58, in dispatch_event
    sync_unique_event(
    ~~~~~~~~~~~~~~~~~^
        record_id=record_id,
        ^^^^^^^^^^^^^^^^^^^^
    ...<3 lines>...
        protocol_nickname=protocol_nickname,
        ^^^^^^^^^^^^^^^^^^^^^^^^^^^^^^^^^^^^
    )
    ^
  File "/mnt/c/Users/Science/Documents/Python/integracao_embrace/src/integracao_embrace/events/unique_visit.py", line 253, in sync_unique_event
    sync_executor(
    ~~~~~~~~~~~~~^
        merged_procedures_df=pvp_df,
        ^^^^^^^^^^^^^^^^^^^^^^^^^^^^
        volunteer_payload=redcap_payload,
        ^^^^^^^^^^^^^^^^^^^^^^^^^^^^^^^^^
        polotrial=polotrial,
        ^^^^^^^^^^^^^^^^^^^^
    )
    ^
  File "/mnt/c/Users/Science/Documents/Python/integracao_embrace/src/integracao_embrace/events/unique_visit.py", line 481, in sync_executor
    existing_links = polotrial.list_procedure_executors(procedure_id=procedure_id)
TypeError: PoloTrialClient.list_procedure_executors() got an unexpected keyword argument 'procedure_id'
2026-09-11 11:59:22,929 - INFO - Shutting down webhooks for protocol Embrace
2026-09-11 12:09:15,103 - INFO - Webhook initialized for protocol Embrace
2026-09-11 12:10:38,541 - INFO - Received webhook from REDCap DET: project_id=68, username=eduardosoccasvri, instrument=modulo_idp_identificacao_da_paciente, record=240-1, redcap_event_name=visita_unica_arm_1, redcap_data_acess_group=, redcap_repeat_instance=None, redcap_repeat_instrument=None, redcap_url=https://svriglobal.org/redcap/, project_url=https://svriglobal.org/redcap/redcap_v17.3.10/index.php?pid=68
2026-09-11 12:10:38,688 - INFO - Dispatch runtime: pid=134337, module=/mnt/c/Users/Science/Documents/Python/integracao_embrace/src/integracao_embrace/dispatch.py, event_name='visita_unica_arm_1', instrument='modulo_idp_identificacao_da_paciente'
2026-09-11 12:10:38,689 - INFO - Dispatching to unique visit handles: visita_unica_arm_1
2026-09-11 12:10:39,387 - INFO - Debug redcap url: https://svriglobal.org/redcap/api/
2026-09-11 12:10:39,388 - INFO - Debug redcaptoken (First 3 chars): E6B...
2026-09-11 12:10:39,390 - INFO - Debug redcap status: 200
2026-09-11 12:10:39,391 - INFO - Debug redcap response (first 30 chars): [{"record":"240-1","redcap_eve
2026-09-11 12:10:39,397 - INFO - REDCap: filtering event=visita_unica_arm_1 by repeat_instance=None; response instances=['', '1']
2026-09-11 12:10:39,402 - INFO - REDCap: exported record 240-1 for event visita_unica_arm_1, repeat_instance=None, with 33 fields from 33 entries
2026-09-11 12:10:39,404 - INFO - Mapped gender: Mulher ("Cisgênero") ➡ None
2026-09-11 12:10:39,405 - INFO - Mapped site: SVRI Clínica Morumbi ➡ 47
2026-09-11 12:10:39,406 - INFO - Volunteer payload prepared: {'nome': '240-1', 'iniciais': 'Teste 2-1', 'data_nascimento': '1990-01-01', 'sexo': None, 'email': '', 'data_inclusao': '2026-09-10', 'centro': '47', 'contatos': '11111111111'}
2026-09-11 12:10:40,130 - INFO - Polotrial: authentication succsssful
2026-09-11 12:10:40,309 - INFO - Volunteer 240-1 already exists in PoloTrial with ID: 3339
2026-09-11 12:10:40,310 - INFO - DEBUG: Searching protocol Embrace for site 47
2026-09-11 12:10:40,708 - INFO - Protocol found: Embrace with ID: 2381 (site=47)
2026-09-11 12:10:41,246 - INFO - DEBUG: Protocol Arm founded for the unique visit: ['Embrace']
2026-09-11 12:10:41,246 - INFO - Arm matched: Embrace with ID: 283
2026-09-11 12:10:41,782 - INFO - Participant found in PoloTrial with ID: 3314
2026-09-11 12:11:02,432 - INFO - Participant visits retrieved: 1, for participant ID: 3314
2026-09-11 12:11:02,433 - INFO - Looking for unique visit with name: Visita única among: ['Visita única']
2026-09-11 12:11:02,434 - INFO - Participant visit found: Visita única with ID: 40708
2026-09-11 12:11:02,606 - INFO - Unique visit already up to date (id=40708).
2026-09-11 12:11:02,908 - INFO - DEBUG: Available procedures in PoloTrial for unique visit: ['Consulta Médica', 'Módulo Saúde', 'Módulo Identificação da Paciente', 'Módulo Menopausa', 'Questionário da Saúde da Mulher - WHQ\t', 'Questionário GAD-7', 'Questionário PHQ9', 'Questionário WPAI', 'Questionário Short Form - SF-36']
2026-09-11 12:11:02,910 - INFO -  - ID: 652354 | Procedure: Consulta Médica | Appointment date: 2026-09-11T00:00:00.000Z | Check field: cm_atendimento_dt=2026-09-11 | Date field: cm_atendimento_dt=2026-09-11
2026-09-11 12:11:02,911 - INFO -  - ID: 652355 | Procedure: Módulo Saúde | Appointment date: nan | Check field: s0=N/A | Date field: s0=N/A
2026-09-11 12:11:02,912 - INFO -  - ID: 652356 | Procedure: Módulo Identificação da Paciente | Appointment date: 2026-09-10T00:00:00.000Z | Check field: idp3=240-1 | Date field: idp4=2026-09-10
2026-09-11 12:11:02,914 - INFO -  - ID: 652357 | Procedure: Módulo Menopausa | Appointment date: nan | Check field: pm0=N/A | Date field: pm0=N/A
2026-09-11 12:11:02,915 - INFO -  - ID: 652358 | Procedure: Questionário da Saúde da Mulher - WHQ	 | Appointment date: nan | Check field: whq0=N/A | Date field: whq0=N/A
2026-09-11 12:11:02,917 - INFO -  - ID: 652359 | Procedure: Questionário GAD-7 | Appointment date: nan | Check field: gad7_0=N/A | Date field: gad7_0=N/A
2026-09-11 12:11:02,918 - INFO -  - ID: 652360 | Procedure: Questionário PHQ9 | Appointment date: nan | Check field: phq9_0=N/A | Date field: phq9_0=N/A
2026-09-11 12:11:02,919 - INFO -  - ID: 652361 | Procedure: Questionário WPAI | Appointment date: nan | Check field: wpai0=N/A | Date field: wpai0=N/A
2026-09-11 12:11:02,920 - INFO -  - ID: 652362 | Procedure: Questionário Short Form - SF-36 | Appointment date: nan | Check field: None=N/A | Date field: None=N/A
2026-09-11 12:11:02,921 - INFO - DEBUG: Procedure mapping summary:
2026-09-11 12:11:02,922 - INFO -  1. Total procedures in PoloTrial for unique visit: 9
2026-09-11 12:11:02,923 - INFO -  2. Matched with REDCap mapping: 8
2026-09-11 12:11:02,926 - INFO -  3. Unmatched procedures: 1
2026-09-11 12:11:02,928 - WARNING - DEBUG: Unmatched procedures (no mapping found in POLOTRIAL_UNIQUE_EVENT_PROCEDURES_MAP): ['Questionário Short Form - SF-36']
2026-09-11 12:11:02,928 - WARNING -  - 'Questionário Short Form - SF-36'
2026-09-11 12:11:02,943 - INFO - No procedures to sync for pattern: M[oóOÓ]dulo\s+Identifica[cçCÇ][aãAÃ]o\s+da\s+Paciente
2026-09-11 12:11:02,950 - INFO - No procedures to sync for pattern: Consulta\s+M[eéEÉ]dica
2026-09-11 12:11:02,958 - INFO - No date found in REDCap for procedure Módulo Saúde (check_field=s0, date_field=s0). Skipping sync.
2026-09-11 12:11:02,962 - INFO - No date found in REDCap for procedure Módulo Menopausa (check_field=pm0, date_field=pm0). Skipping sync.
2026-09-11 12:11:02,968 - INFO - No date found in REDCap for procedure Questionário da Saúde da Mulher - WHQ	 (check_field=whq0, date_field=whq0). Skipping sync.
2026-09-11 12:11:02,974 - INFO - No procedures to sync for pattern: Question[aáAÁ]rio\s+Short\s+Form\s+SF-36
2026-09-11 12:11:02,979 - INFO - No date found in REDCap for procedure Questionário PHQ9 (check_field=phq9_0, date_field=phq9_0). Skipping sync.
2026-09-11 12:11:02,983 - INFO - No date found in REDCap for procedure Questionário WPAI (check_field=wpai0, date_field=wpai0). Skipping sync.
2026-09-11 12:11:02,990 - INFO - No date found in REDCap for procedure Questionário GAD-7 (check_field=gad7_0, date_field=gad7_0). Skipping sync.
2026-09-11 12:11:02,992 - INFO - Unique visit procedures synchronization completed. Total procedures synced: 0/9
2026-09-11 12:11:02,993 - INFO - Executor name from REDCap: Eduardo Augusto Rabelo Socca
2026-09-11 12:11:03,662 - ERROR - Error dispatching event: record_id=240-1, event_name=visita_unica_arm_1, repeat_instance=None, error=Error creating procedure executor: 201 - {"id":17896,"observacoes":"","valor_total_procedimento":"","valor":"","executor":2761,"co_participante_visita_procedimento":652354,"data_realizada":"2026-09-11T00:00:00.000Z","data_previsto_pagamento":null,"user_id_log":4593}
Traceback (most recent call last):
  File "/mnt/c/Users/Science/Documents/Python/integracao_embrace/src/integracao_embrace/webhook.py", line 213, in _run_sync
    dispatch_event(
    ~~~~~~~~~~~~~~^
        record_id=record_id,
        ^^^^^^^^^^^^^^^^^^^^
    ...<5 lines>...
        repeat_instance=repeat_instance
        ^^^^^^^^^^^^^^^^^^^^^^^^^^^^^^^
    )
    ^
  File "/mnt/c/Users/Science/Documents/Python/integracao_embrace/src/integracao_embrace/dispatch.py", line 58, in dispatch_event
    sync_unique_event(
    ~~~~~~~~~~~~~~~~~^
        record_id=record_id,
        ^^^^^^^^^^^^^^^^^^^^
    ...<3 lines>...
        protocol_nickname=protocol_nickname,
        ^^^^^^^^^^^^^^^^^^^^^^^^^^^^^^^^^^^^
    )
    ^
  File "/mnt/c/Users/Science/Documents/Python/integracao_embrace/src/integracao_embrace/events/unique_visit.py", line 253, in sync_unique_event
    sync_executor(
    ~~~~~~~~~~~~~^
        merged_procedures_df=pvp_df,
        ^^^^^^^^^^^^^^^^^^^^^^^^^^^^
        volunteer_payload=redcap_payload,
        ^^^^^^^^^^^^^^^^^^^^^^^^^^^^^^^^^
        polotrial=polotrial,
        ^^^^^^^^^^^^^^^^^^^^
    )
    ^
  File "/mnt/c/Users/Science/Documents/Python/integracao_embrace/src/integracao_embrace/events/unique_visit.py", line 503, in sync_executor
    created = polotrial.create_procedure_executor(payload)
  File "/mnt/c/Users/Science/Documents/Python/integracao_embrace/src/integracao_embrace/polotrial_client.py", line 560, in create_procedure_executor
    raise RuntimeError(f"Error creating procedure executor: {executor_request.status_code} - {executor_request.text}")
RuntimeError: Error creating procedure executor: 201 - {"id":17896,"observacoes":"","valor_total_procedimento":"","valor":"","executor":2761,"co_participante_visita_procedimento":652354,"data_realizada":"2026-09-11T00:00:00.000Z","data_previsto_pagamento":null,"user_id_log":4593}
2026-09-11 12:11:26,346 - INFO - Received webhook from REDCap DET: project_id=68, username=eduardosoccasvri, instrument=modulo_idp_identificacao_da_paciente, record=240-1, redcap_event_name=visita_unica_arm_1, redcap_data_acess_group=, redcap_repeat_instance=None, redcap_repeat_instrument=None, redcap_url=https://svriglobal.org/redcap/, project_url=https://svriglobal.org/redcap/redcap_v17.3.10/index.php?pid=68
2026-09-11 12:11:26,350 - INFO - Dispatch runtime: pid=134337, module=/mnt/c/Users/Science/Documents/Python/integracao_embrace/src/integracao_embrace/dispatch.py, event_name='visita_unica_arm_1', instrument='modulo_idp_identificacao_da_paciente'
2026-09-11 12:11:26,351 - INFO - Dispatching to unique visit handles: visita_unica_arm_1
2026-09-11 12:11:27,058 - INFO - Debug redcap url: https://svriglobal.org/redcap/api/
2026-09-11 12:11:27,059 - INFO - Debug redcaptoken (First 3 chars): E6B...
2026-09-11 12:11:27,060 - INFO - Debug redcap status: 200
2026-09-11 12:11:27,060 - INFO - Debug redcap response (first 30 chars): [{"record":"240-1","redcap_eve
2026-09-11 12:11:27,062 - INFO - REDCap: filtering event=visita_unica_arm_1 by repeat_instance=None; response instances=['', '1']
2026-09-11 12:11:27,062 - INFO - REDCap: exported record 240-1 for event visita_unica_arm_1, repeat_instance=None, with 33 fields from 33 entries
2026-09-11 12:11:27,063 - INFO - Mapped gender: Mulher ("Cisgênero") ➡ None
2026-09-11 12:11:27,064 - INFO - Mapped site: SVRI Clínica Morumbi ➡ 47
2026-09-11 12:11:27,064 - INFO - Volunteer payload prepared: {'nome': '240-1', 'iniciais': 'Teste 2-1', 'data_nascimento': '1990-01-01', 'sexo': None, 'email': '', 'data_inclusao': '2026-09-10', 'centro': '47', 'contatos': '11111111111'}
2026-09-11 12:11:27,249 - INFO - Volunteer 240-1 already exists in PoloTrial with ID: 3339
2026-09-11 12:11:27,251 - INFO - DEBUG: Searching protocol Embrace for site 47
2026-09-11 12:11:27,660 - INFO - Protocol found: Embrace with ID: 2381 (site=47)
2026-09-11 12:11:27,921 - INFO - DEBUG: Protocol Arm founded for the unique visit: ['Embrace']
2026-09-11 12:11:27,922 - INFO - Arm matched: Embrace with ID: 283
2026-09-11 12:11:28,463 - INFO - Participant found in PoloTrial with ID: 3314
2026-09-11 12:11:52,644 - INFO - Participant visits retrieved: 1, for participant ID: 3314
2026-09-11 12:11:52,645 - INFO - Looking for unique visit with name: Visita única among: ['Visita única']
2026-09-11 12:11:52,646 - INFO - Participant visit found: Visita única with ID: 40708
2026-09-11 12:11:52,808 - INFO - Unique visit already up to date (id=40708).
2026-09-11 12:11:53,080 - INFO - DEBUG: Available procedures in PoloTrial for unique visit: ['Consulta Médica', 'Módulo Saúde', 'Módulo Identificação da Paciente', 'Módulo Menopausa', 'Questionário da Saúde da Mulher - WHQ\t', 'Questionário GAD-7', 'Questionário PHQ9', 'Questionário WPAI', 'Questionário Short Form - SF-36']
2026-09-11 12:11:53,082 - INFO -  - ID: 652354 | Procedure: Consulta Médica | Appointment date: 2026-09-11T00:00:00.000Z | Check field: cm_atendimento_dt=2026-09-11 | Date field: cm_atendimento_dt=2026-09-11
2026-09-11 12:11:53,083 - INFO -  - ID: 652355 | Procedure: Módulo Saúde | Appointment date: nan | Check field: s0=N/A | Date field: s0=N/A
2026-09-11 12:11:53,084 - INFO -  - ID: 652356 | Procedure: Módulo Identificação da Paciente | Appointment date: 2026-09-10T00:00:00.000Z | Check field: idp3=240-1 | Date field: idp4=2026-09-10
2026-09-11 12:11:53,085 - INFO -  - ID: 652357 | Procedure: Módulo Menopausa | Appointment date: nan | Check field: pm0=N/A | Date field: pm0=N/A
2026-09-11 12:11:53,086 - INFO -  - ID: 652358 | Procedure: Questionário da Saúde da Mulher - WHQ	 | Appointment date: nan | Check field: whq0=N/A | Date field: whq0=N/A
2026-09-11 12:11:53,087 - INFO -  - ID: 652359 | Procedure: Questionário GAD-7 | Appointment date: nan | Check field: gad7_0=N/A | Date field: gad7_0=N/A
2026-09-11 12:11:53,088 - INFO -  - ID: 652360 | Procedure: Questionário PHQ9 | Appointment date: nan | Check field: phq9_0=N/A | Date field: phq9_0=N/A
2026-09-11 12:11:53,089 - INFO -  - ID: 652361 | Procedure: Questionário WPAI | Appointment date: nan | Check field: wpai0=N/A | Date field: wpai0=N/A
2026-09-11 12:11:53,090 - INFO -  - ID: 652362 | Procedure: Questionário Short Form - SF-36 | Appointment date: nan | Check field: None=N/A | Date field: None=N/A
2026-09-11 12:11:53,092 - INFO - DEBUG: Procedure mapping summary:
2026-09-11 12:11:53,094 - INFO -  1. Total procedures in PoloTrial for unique visit: 9
2026-09-11 12:11:53,096 - INFO -  2. Matched with REDCap mapping: 8
2026-09-11 12:11:53,096 - INFO -  3. Unmatched procedures: 1
2026-09-11 12:11:53,097 - WARNING - DEBUG: Unmatched procedures (no mapping found in POLOTRIAL_UNIQUE_EVENT_PROCEDURES_MAP): ['Questionário Short Form - SF-36']
2026-09-11 12:11:53,098 - WARNING -  - 'Questionário Short Form - SF-36'
2026-09-11 12:11:53,102 - INFO - No procedures to sync for pattern: M[oóOÓ]dulo\s+Identifica[cçCÇ][aãAÃ]o\s+da\s+Paciente
2026-09-11 12:11:53,106 - INFO - No procedures to sync for pattern: Consulta\s+M[eéEÉ]dica
2026-09-11 12:11:53,110 - INFO - No date found in REDCap for procedure Módulo Saúde (check_field=s0, date_field=s0). Skipping sync.
2026-09-11 12:11:53,115 - INFO - No date found in REDCap for procedure Módulo Menopausa (check_field=pm0, date_field=pm0). Skipping sync.
2026-09-11 12:11:53,120 - INFO - No date found in REDCap for procedure Questionário da Saúde da Mulher - WHQ	 (check_field=whq0, date_field=whq0). Skipping sync.
2026-09-11 12:11:53,124 - INFO - No procedures to sync for pattern: Question[aáAÁ]rio\s+Short\s+Form\s+SF-36
2026-09-11 12:11:53,127 - INFO - No date found in REDCap for procedure Questionário PHQ9 (check_field=phq9_0, date_field=phq9_0). Skipping sync.
2026-09-11 12:11:53,131 - INFO - No date found in REDCap for procedure Questionário WPAI (check_field=wpai0, date_field=wpai0). Skipping sync.
2026-09-11 12:11:53,139 - INFO - No date found in REDCap for procedure Questionário GAD-7 (check_field=gad7_0, date_field=gad7_0). Skipping sync.
2026-09-11 12:11:53,140 - INFO - Unique visit procedures synchronization completed. Total procedures synced: 0/9
2026-09-11 12:11:53,141 - INFO - Executor name from REDCap: Eduardo Augusto Rabelo Socca
2026-09-11 12:11:53,644 - INFO - Executor 'Eduardo Augusto Rabelo Socca' (ID: 2761) is already linked to procedure ID: 652354. No action needed.
2026-09-11 12:11:53,645 - INFO - Unique visit synchronization completed for record_id=240-1, event_name=visita_unica_arm_1
2026-09-11 12:11:53,646 - INFO - Successfully dispatched event: record_id=240-1, event_name=visita_unica_arm_1, repeat_instance=None
2026-09-11 12:16:28,986 - INFO - Received webhook from REDCap DET: project_id=68, username=eduardosoccasvri, instrument=mdulo_cm_consulta_mdica, record=240-1, redcap_event_name=visita_unica_arm_1, redcap_data_acess_group=, redcap_repeat_instance=1, redcap_repeat_instrument=mdulo_cm_consulta_mdica, redcap_url=https://svriglobal.org/redcap/, project_url=https://svriglobal.org/redcap/redcap_v17.3.10/index.php?pid=68
2026-09-11 12:16:28,990 - INFO - Dispatch runtime: pid=134337, module=/mnt/c/Users/Science/Documents/Python/integracao_embrace/src/integracao_embrace/dispatch.py, event_name='visita_unica_arm_1', instrument='mdulo_cm_consulta_mdica'
2026-09-11 12:16:28,992 - INFO - Dispatching to unique visit handles: visita_unica_arm_1
2026-09-11 12:16:29,660 - INFO - Debug redcap url: https://svriglobal.org/redcap/api/
2026-09-11 12:16:29,660 - INFO - Debug redcaptoken (First 3 chars): E6B...
2026-09-11 12:16:29,661 - INFO - Debug redcap status: 200
2026-09-11 12:16:29,662 - INFO - Debug redcap response (first 30 chars): [{"record":"240-1","redcap_eve
2026-09-11 12:16:29,663 - INFO - REDCap: filtering event=visita_unica_arm_1 by repeat_instance=None; response instances=['', '1']
2026-09-11 12:16:29,664 - INFO - REDCap: exported record 240-1 for event visita_unica_arm_1, repeat_instance=None, with 33 fields from 33 entries
2026-09-11 12:16:29,665 - INFO - Mapped gender: Mulher ("Cisgênero") ➡ None
2026-09-11 12:16:29,666 - INFO - Mapped site: SVRI Clínica Morumbi ➡ 47
2026-09-11 12:16:29,667 - INFO - Volunteer payload prepared: {'nome': '240-1', 'iniciais': 'Teste 2-1', 'data_nascimento': '1990-01-01', 'sexo': None, 'email': '', 'data_inclusao': '2026-09-10', 'centro': '47', 'contatos': '11111111111'}
2026-09-11 12:16:29,895 - INFO - Volunteer 240-1 already exists in PoloTrial with ID: 3339
2026-09-11 12:16:29,896 - INFO - DEBUG: Searching protocol Embrace for site 47
2026-09-11 12:16:30,358 - INFO - Protocol found: Embrace with ID: 2381 (site=47)
2026-09-11 12:16:30,631 - INFO - DEBUG: Protocol Arm founded for the unique visit: ['Embrace']
2026-09-11 12:16:30,632 - INFO - Arm matched: Embrace with ID: 283
2026-09-11 12:16:31,297 - INFO - Participant found in PoloTrial with ID: 3314
2026-09-11 12:16:55,509 - INFO - Participant visits retrieved: 1, for participant ID: 3314
2026-09-11 12:16:55,510 - INFO - Looking for unique visit with name: Visita única among: ['Visita única']
2026-09-11 12:16:55,511 - INFO - Participant visit found: Visita única with ID: 40708
2026-09-11 12:16:55,701 - INFO - Unique visit already up to date (id=40708).
2026-09-11 12:16:55,920 - INFO - DEBUG: Available procedures in PoloTrial for unique visit: ['Consulta Médica', 'Módulo Saúde', 'Módulo Identificação da Paciente', 'Módulo Menopausa', 'Questionário da Saúde da Mulher - WHQ\t', 'Questionário GAD-7', 'Questionário PHQ9', 'Questionário WPAI', 'Questionário Short Form - SF-36']
2026-09-11 12:16:55,923 - INFO -  - ID: 652354 | Procedure: Consulta Médica | Appointment date: 2026-09-11T00:00:00.000Z | Check field: cm_atendimento_dt=2026-09-11 | Date field: cm_atendimento_dt=2026-09-11
2026-09-11 12:16:55,925 - INFO -  - ID: 652355 | Procedure: Módulo Saúde | Appointment date: nan | Check field: s0=N/A | Date field: s0=N/A
2026-09-11 12:16:55,926 - INFO -  - ID: 652356 | Procedure: Módulo Identificação da Paciente | Appointment date: 2026-09-10T00:00:00.000Z | Check field: idp3=240-1 | Date field: idp4=2026-09-10
2026-09-11 12:16:55,928 - INFO -  - ID: 652357 | Procedure: Módulo Menopausa | Appointment date: nan | Check field: pm0=N/A | Date field: pm0=N/A
2026-09-11 12:16:55,931 - INFO -  - ID: 652358 | Procedure: Questionário da Saúde da Mulher - WHQ	 | Appointment date: nan | Check field: whq0=N/A | Date field: whq0=N/A
2026-09-11 12:16:55,934 - INFO -  - ID: 652359 | Procedure: Questionário GAD-7 | Appointment date: nan | Check field: gad7_0=N/A | Date field: gad7_0=N/A
2026-09-11 12:16:55,936 - INFO -  - ID: 652360 | Procedure: Questionário PHQ9 | Appointment date: nan | Check field: phq9_0=N/A | Date field: phq9_0=N/A
2026-09-11 12:16:55,937 - INFO -  - ID: 652361 | Procedure: Questionário WPAI | Appointment date: nan | Check field: wpai0=N/A | Date field: wpai0=N/A
2026-09-11 12:16:55,940 - INFO -  - ID: 652362 | Procedure: Questionário Short Form - SF-36 | Appointment date: nan | Check field: None=N/A | Date field: None=N/A
2026-09-11 12:16:55,941 - INFO - DEBUG: Procedure mapping summary:
2026-09-11 12:16:55,942 - INFO -  1. Total procedures in PoloTrial for unique visit: 9
2026-09-11 12:16:55,943 - INFO -  2. Matched with REDCap mapping: 8
2026-09-11 12:16:55,944 - INFO -  3. Unmatched procedures: 1
2026-09-11 12:16:55,945 - WARNING - DEBUG: Unmatched procedures (no mapping found in POLOTRIAL_UNIQUE_EVENT_PROCEDURES_MAP): ['Questionário Short Form - SF-36']
2026-09-11 12:16:55,946 - WARNING -  - 'Questionário Short Form - SF-36'
2026-09-11 12:16:55,953 - INFO - No procedures to sync for pattern: M[oóOÓ]dulo\s+Identifica[cçCÇ][aãAÃ]o\s+da\s+Paciente
2026-09-11 12:16:55,958 - INFO - No procedures to sync for pattern: Consulta\s+M[eéEÉ]dica
2026-09-11 12:16:55,965 - INFO - No date found in REDCap for procedure Módulo Saúde (check_field=s0, date_field=s0). Skipping sync.
2026-09-11 12:16:55,971 - INFO - No date found in REDCap for procedure Módulo Menopausa (check_field=pm0, date_field=pm0). Skipping sync.
2026-09-11 12:16:55,977 - INFO - No date found in REDCap for procedure Questionário da Saúde da Mulher - WHQ	 (check_field=whq0, date_field=whq0). Skipping sync.
2026-09-11 12:16:55,981 - INFO - No procedures to sync for pattern: Question[aáAÁ]rio\s+Short\s+Form\s+SF-36
2026-09-11 12:16:55,988 - INFO - No date found in REDCap for procedure Questionário PHQ9 (check_field=phq9_0, date_field=phq9_0). Skipping sync.
2026-09-11 12:16:55,992 - INFO - No date found in REDCap for procedure Questionário WPAI (check_field=wpai0, date_field=wpai0). Skipping sync.
2026-09-11 12:16:55,996 - INFO - No date found in REDCap for procedure Questionário GAD-7 (check_field=gad7_0, date_field=gad7_0). Skipping sync.
2026-09-11 12:16:55,997 - INFO - Unique visit procedures synchronization completed. Total procedures synced: 0/9
2026-09-11 12:16:56,000 - INFO - Executor name from REDCap: Eduardo Augusto Rabelo Socca
2026-09-11 12:16:56,463 - INFO - Executor 'Eduardo Augusto Rabelo Socca' (ID: 2761) is already linked to procedure ID: 652354. No action needed.
2026-09-11 12:16:56,463 - INFO - Unique visit synchronization completed for record_id=240-1, event_name=visita_unica_arm_1
2026-09-11 12:16:56,464 - INFO - Successfully dispatched event: record_id=240-1, event_name=visita_unica_arm_1, repeat_instance=1
2026-09-11 12:18:24,478 - INFO - Received webhook from REDCap DET: project_id=68, username=eduardosoccasvri, instrument=mdulo_cm_consulta_mdica, record=240-2, redcap_event_name=visita_unica_arm_1, redcap_data_acess_group=, redcap_repeat_instance=1, redcap_repeat_instrument=mdulo_cm_consulta_mdica, redcap_url=https://svriglobal.org/redcap/, project_url=https://svriglobal.org/redcap/redcap_v17.3.10/index.php?pid=68
2026-09-11 12:18:24,485 - INFO - Dispatch runtime: pid=134337, module=/mnt/c/Users/Science/Documents/Python/integracao_embrace/src/integracao_embrace/dispatch.py, event_name='visita_unica_arm_1', instrument='mdulo_cm_consulta_mdica'
2026-09-11 12:18:24,486 - INFO - Dispatching to unique visit handles: visita_unica_arm_1
2026-09-11 12:18:25,353 - INFO - Debug redcap url: https://svriglobal.org/redcap/api/
2026-09-11 12:18:25,354 - INFO - Debug redcaptoken (First 3 chars): E6B...
2026-09-11 12:18:25,355 - INFO - Debug redcap status: 200
2026-09-11 12:18:25,356 - INFO - Debug redcap response (first 30 chars): [{"record":"240-2","redcap_eve
2026-09-11 12:18:25,358 - INFO - REDCap: filtering event=visita_unica_arm_1 by repeat_instance=None; response instances=['', '1']
2026-09-11 12:18:25,359 - INFO - REDCap: exported record 240-2 for event visita_unica_arm_1, repeat_instance=None, with 79 fields from 80 entries
2026-09-11 12:18:25,360 - INFO - Mapped gender: Mulher ("Cisgênero") ➡ None
2026-09-11 12:18:25,361 - INFO - Mapped site: SVRI Clínica Morumbi ➡ 47
2026-09-11 12:18:25,362 - INFO - Volunteer payload prepared: {'nome': '240-2', 'iniciais': 'Daniele Komar', 'data_nascimento': '1978-11-24', 'sexo': None, 'email': '', 'data_inclusao': '2026-09-11', 'centro': '47', 'contatos': '11111111111'}
2026-09-11 12:18:25,561 - INFO - Volunteer 240-2 already exists in PoloTrial with ID: 3340
2026-09-11 12:18:25,565 - INFO - DEBUG: Searching protocol Embrace for site 47
2026-09-11 12:18:25,999 - INFO - Protocol found: Embrace with ID: 2381 (site=47)
2026-09-11 12:18:26,253 - INFO - DEBUG: Protocol Arm founded for the unique visit: ['Embrace']
2026-09-11 12:18:26,257 - INFO - Arm matched: Embrace with ID: 283
2026-09-11 12:18:26,896 - INFO - Participant found in PoloTrial with ID: 3315
2026-09-11 12:18:47,456 - INFO - Participant visits retrieved: 1, for participant ID: 3315
2026-09-11 12:18:47,457 - INFO - Looking for unique visit with name: Visita única among: ['Visita única']
2026-09-11 12:18:47,457 - INFO - Participant visit found: Visita única with ID: 40709
2026-09-11 12:18:47,631 - INFO - Unique visit already up to date (id=40709).
2026-09-11 12:18:47,856 - INFO - DEBUG: Available procedures in PoloTrial for unique visit: ['Consulta Médica', 'Módulo Saúde', 'Módulo Identificação da Paciente', 'Módulo Menopausa', 'Questionário da Saúde da Mulher - WHQ\t', 'Questionário GAD-7', 'Questionário PHQ9', 'Questionário WPAI', 'Questionário Short Form - SF-36']
2026-09-11 12:18:47,858 - INFO -  - ID: 652369 | Procedure: Consulta Médica | Appointment date: nan | Check field: cm_atendimento_dt=2026-09-11 | Date field: cm_atendimento_dt=2026-09-11
2026-09-11 12:18:47,860 - INFO -  - ID: 652370 | Procedure: Módulo Saúde | Appointment date: nan | Check field: s0=N/A | Date field: s0=N/A
2026-09-11 12:18:47,861 - INFO -  - ID: 652371 | Procedure: Módulo Identificação da Paciente | Appointment date: 2026-09-11T00:00:00.000Z | Check field: idp3=240-2 | Date field: idp4=2026-09-11
2026-09-11 12:18:47,862 - INFO -  - ID: 652372 | Procedure: Módulo Menopausa | Appointment date: 2026-09-11T00:00:00.000Z | Check field: pm0=2026-09-11 | Date field: pm0=2026-09-11
2026-09-11 12:18:47,863 - INFO -  - ID: 652373 | Procedure: Questionário da Saúde da Mulher - WHQ	 | Appointment date: nan | Check field: whq0=N/A | Date field: whq0=N/A
2026-09-11 12:18:47,864 - INFO -  - ID: 652374 | Procedure: Questionário GAD-7 | Appointment date: nan | Check field: gad7_0=N/A | Date field: gad7_0=N/A
2026-09-11 12:18:47,865 - INFO -  - ID: 652375 | Procedure: Questionário PHQ9 | Appointment date: nan | Check field: phq9_0=N/A | Date field: phq9_0=N/A
2026-09-11 12:18:47,866 - INFO -  - ID: 652376 | Procedure: Questionário WPAI | Appointment date: nan | Check field: wpai0=N/A | Date field: wpai0=N/A
2026-09-11 12:18:47,868 - INFO -  - ID: 652377 | Procedure: Questionário Short Form - SF-36 | Appointment date: nan | Check field: None=N/A | Date field: None=N/A
2026-09-11 12:18:47,868 - INFO - DEBUG: Procedure mapping summary:
2026-09-11 12:18:47,869 - INFO -  1. Total procedures in PoloTrial for unique visit: 9
2026-09-11 12:18:47,870 - INFO -  2. Matched with REDCap mapping: 8
2026-09-11 12:18:47,870 - INFO -  3. Unmatched procedures: 1
2026-09-11 12:18:47,871 - WARNING - DEBUG: Unmatched procedures (no mapping found in POLOTRIAL_UNIQUE_EVENT_PROCEDURES_MAP): ['Questionário Short Form - SF-36']
2026-09-11 12:18:47,872 - WARNING -  - 'Questionário Short Form - SF-36'
2026-09-11 12:18:47,877 - INFO - No procedures to sync for pattern: M[oóOÓ]dulo\s+Identifica[cçCÇ][aãAÃ]o\s+da\s+Paciente
2026-09-11 12:18:48,080 - INFO - ✅ Synced procedure 'Consulta Médica' (ID: 652369) with date: 2026-09-11
2026-09-11 12:18:48,083 - INFO - No date found in REDCap for procedure Módulo Saúde (check_field=s0, date_field=s0). Skipping sync.
2026-09-11 12:18:48,087 - INFO - No procedures to sync for pattern: M[oóOÓ]dulo\s+Menopausa
2026-09-11 12:18:48,089 - INFO - No date found in REDCap for procedure Questionário da Saúde da Mulher - WHQ	 (check_field=whq0, date_field=whq0). Skipping sync.
2026-09-11 12:18:48,092 - INFO - No procedures to sync for pattern: Question[aáAÁ]rio\s+Short\s+Form\s+SF-36
2026-09-11 12:18:48,096 - INFO - No date found in REDCap for procedure Questionário PHQ9 (check_field=phq9_0, date_field=phq9_0). Skipping sync.
2026-09-11 12:18:48,101 - INFO - No date found in REDCap for procedure Questionário WPAI (check_field=wpai0, date_field=wpai0). Skipping sync.
2026-09-11 12:18:48,105 - INFO - No date found in REDCap for procedure Questionário GAD-7 (check_field=gad7_0, date_field=gad7_0). Skipping sync.
2026-09-11 12:18:48,106 - INFO - Unique visit procedures synchronization completed. Total procedures synced: 1/9
2026-09-11 12:18:48,106 - INFO - Executor name from REDCap: Eduardo Augusto Rabelo Socca
2026-09-11 12:18:48,816 - ERROR - Error dispatching event: record_id=240-2, event_name=visita_unica_arm_1, repeat_instance=1, error=Error creating procedure executor: 201 - {"id":17897,"observacoes":"","valor_total_procedimento":"","valor":"","executor":2761,"co_participante_visita_procedimento":652369,"data_realizada":"2026-09-11T00:00:00.000Z","data_previsto_pagamento":null,"user_id_log":4593}
Traceback (most recent call last):
  File "/mnt/c/Users/Science/Documents/Python/integracao_embrace/src/integracao_embrace/webhook.py", line 213, in _run_sync
    dispatch_event(
    ~~~~~~~~~~~~~~^
        record_id=record_id,
        ^^^^^^^^^^^^^^^^^^^^
    ...<5 lines>...
        repeat_instance=repeat_instance
        ^^^^^^^^^^^^^^^^^^^^^^^^^^^^^^^
    )
    ^
  File "/mnt/c/Users/Science/Documents/Python/integracao_embrace/src/integracao_embrace/dispatch.py", line 58, in dispatch_event
    sync_unique_event(
    ~~~~~~~~~~~~~~~~~^
        record_id=record_id,
        ^^^^^^^^^^^^^^^^^^^^
    ...<3 lines>...
        protocol_nickname=protocol_nickname,
        ^^^^^^^^^^^^^^^^^^^^^^^^^^^^^^^^^^^^
    )
    ^
  File "/mnt/c/Users/Science/Documents/Python/integracao_embrace/src/integracao_embrace/events/unique_visit.py", line 253, in sync_unique_event
    sync_executor(
    ~~~~~~~~~~~~~^
        merged_procedures_df=pvp_df,
        ^^^^^^^^^^^^^^^^^^^^^^^^^^^^
        volunteer_payload=redcap_payload,
        ^^^^^^^^^^^^^^^^^^^^^^^^^^^^^^^^^
        polotrial=polotrial,
        ^^^^^^^^^^^^^^^^^^^^
    )
    ^
  File "/mnt/c/Users/Science/Documents/Python/integracao_embrace/src/integracao_embrace/events/unique_visit.py", line 503, in sync_executor
    created = polotrial.create_procedure_executor(payload)
  File "/mnt/c/Users/Science/Documents/Python/integracao_embrace/src/integracao_embrace/polotrial_client.py", line 560, in create_procedure_executor
    raise RuntimeError(f"Error creating procedure executor: {executor_request.status_code} - {executor_request.text}")
RuntimeError: Error creating procedure executor: 201 - {"id":17897,"observacoes":"","valor_total_procedimento":"","valor":"","executor":2761,"co_participante_visita_procedimento":652369,"data_realizada":"2026-09-11T00:00:00.000Z","data_previsto_pagamento":null,"user_id_log":4593}
2026-09-11 12:25:06,704 - INFO - Shutting down webhooks for protocol Embrace
2026-09-11 12:25:56,425 - INFO - Webhook initialized for protocol Embrace
2026-09-11 12:25:56,495 - INFO - Received webhook from REDCap DET: project_id=68, username=eduardosoccasvri, instrument=mdulo_cm_consulta_mdica, record=240-3, redcap_event_name=visita_unica_arm_1, redcap_data_acess_group=, redcap_repeat_instance=1, redcap_repeat_instrument=mdulo_cm_consulta_mdica, redcap_url=https://svriglobal.org/redcap/, project_url=https://svriglobal.org/redcap/redcap_v17.3.10/index.php?pid=68
2026-09-11 12:25:56,638 - INFO - Dispatch runtime: pid=136344, module=/mnt/c/Users/Science/Documents/Python/integracao_embrace/src/integracao_embrace/dispatch.py, event_name='visita_unica_arm_1', instrument='mdulo_cm_consulta_mdica'
2026-09-11 12:25:56,640 - INFO - Dispatching to unique visit handles: visita_unica_arm_1
2026-09-11 12:25:57,369 - INFO - Debug redcap url: https://svriglobal.org/redcap/api/
2026-09-11 12:25:57,372 - INFO - Debug redcaptoken (First 3 chars): E6B...
2026-09-11 12:25:57,374 - INFO - Debug redcap status: 200
2026-09-11 12:25:57,376 - INFO - Debug redcap response (first 30 chars): [{"record":"240-3","redcap_eve
2026-09-11 12:25:57,380 - INFO - REDCap: filtering event=visita_unica_arm_1 by repeat_instance=None; response instances=['', '1']
2026-09-11 12:25:57,382 - INFO - REDCap: exported record 240-3 for event visita_unica_arm_1, repeat_instance=None, with 84 fields from 84 entries
2026-09-11 12:25:57,385 - INFO - Mapped gender:  ➡ None
2026-09-11 12:25:57,386 - INFO - Mapped site: SVRI Clínica Morumbi ➡ 47
2026-09-11 12:25:57,390 - INFO - Volunteer payload prepared: {'nome': '240-3', 'iniciais': 'Larissa Matias ', 'data_nascimento': '1970-10-29', 'sexo': None, 'email': '', 'data_inclusao': '2026-09-11', 'centro': '47', 'contatos': '11111111111'}
2026-09-11 12:25:58,076 - INFO - Polotrial: authentication succsssful
2026-09-11 12:25:58,264 - INFO - Volunteer 240-3 already exists in PoloTrial with ID: 3341
2026-09-11 12:25:58,265 - INFO - DEBUG: Searching protocol Embrace for site 47
2026-09-11 12:25:58,658 - INFO - Protocol found: Embrace with ID: 2381 (site=47)
2026-09-11 12:25:58,861 - INFO - DEBUG: Protocol Arm founded for the unique visit: ['Embrace']
2026-09-11 12:25:58,861 - INFO - Arm matched: Embrace with ID: 283
2026-09-11 12:25:59,409 - INFO - Participant found in PoloTrial with ID: 3316
2026-09-11 12:26:23,595 - INFO - Participant visits retrieved: 1, for participant ID: 3316
2026-09-11 12:26:23,596 - INFO - Looking for unique visit with name: Visita única among: ['Visita única']
2026-09-11 12:26:23,597 - INFO - Participant visit found: Visita única with ID: 40710
2026-09-11 12:26:23,766 - INFO - Unique visit already up to date (id=40710).
2026-09-11 12:26:24,068 - INFO - DEBUG: Available procedures in PoloTrial for unique visit: ['Consulta Médica', 'Módulo Saúde', 'Módulo Identificação da Paciente', 'Módulo Menopausa', 'Questionário da Saúde da Mulher - WHQ\t', 'Questionário GAD-7', 'Questionário PHQ9', 'Questionário WPAI', 'Questionário Short Form - SF-36']
2026-09-11 12:26:24,070 - INFO -  - ID: 652384 | Procedure: Consulta Médica | Appointment date: nan | Check field: cm_atendimento_dt=2026-09-11 | Date field: cm_atendimento_dt=2026-09-11
2026-09-11 12:26:24,071 - INFO -  - ID: 652385 | Procedure: Módulo Saúde | Appointment date: nan | Check field: s0=N/A | Date field: s0=N/A
2026-09-11 12:26:24,072 - INFO -  - ID: 652386 | Procedure: Módulo Identificação da Paciente | Appointment date: 2026-09-11T00:00:00.000Z | Check field: idp3=240-3 | Date field: idp4=2026-09-11
2026-09-11 12:26:24,073 - INFO -  - ID: 652387 | Procedure: Módulo Menopausa | Appointment date: 2026-09-11T00:00:00.000Z | Check field: pm0=2026-09-11 | Date field: pm0=2026-09-11
2026-09-11 12:26:24,074 - INFO -  - ID: 652388 | Procedure: Questionário da Saúde da Mulher - WHQ	 | Appointment date: nan | Check field: whq0=N/A | Date field: whq0=N/A
2026-09-11 12:26:24,075 - INFO -  - ID: 652389 | Procedure: Questionário GAD-7 | Appointment date: nan | Check field: gad7_0=N/A | Date field: gad7_0=N/A
2026-09-11 12:26:24,076 - INFO -  - ID: 652390 | Procedure: Questionário PHQ9 | Appointment date: nan | Check field: phq9_0=N/A | Date field: phq9_0=N/A
2026-09-11 12:26:24,077 - INFO -  - ID: 652391 | Procedure: Questionário WPAI | Appointment date: nan | Check field: wpai0=N/A | Date field: wpai0=N/A
2026-09-11 12:26:24,078 - INFO -  - ID: 652392 | Procedure: Questionário Short Form - SF-36 | Appointment date: nan | Check field: None=N/A | Date field: None=N/A
2026-09-11 12:26:24,079 - INFO - DEBUG: Procedure mapping summary:
2026-09-11 12:26:24,079 - INFO -  1. Total procedures in PoloTrial for unique visit: 9
2026-09-11 12:26:24,080 - INFO -  2. Matched with REDCap mapping: 8
2026-09-11 12:26:24,080 - INFO -  3. Unmatched procedures: 1
2026-09-11 12:26:24,081 - WARNING - DEBUG: Unmatched procedures (no mapping found in POLOTRIAL_UNIQUE_EVENT_PROCEDURES_MAP): ['Questionário Short Form - SF-36']
2026-09-11 12:26:24,082 - WARNING -  - 'Questionário Short Form - SF-36'
2026-09-11 12:26:24,094 - INFO - No procedures to sync for pattern: M[oóOÓ]dulo\s+Identifica[cçCÇ][aãAÃ]o\s+da\s+Paciente
2026-09-11 12:26:24,298 - INFO - ✅ Synced procedure 'Consulta Médica' (ID: 652384) with date: 2026-09-11
2026-09-11 12:26:24,302 - INFO - No date found in REDCap for procedure Módulo Saúde (check_field=s0, date_field=s0). Skipping sync.
2026-09-11 12:26:24,305 - INFO - No procedures to sync for pattern: M[oóOÓ]dulo\s+Menopausa
2026-09-11 12:26:24,309 - INFO - No date found in REDCap for procedure Questionário da Saúde da Mulher - WHQ	 (check_field=whq0, date_field=whq0). Skipping sync.
2026-09-11 12:26:24,314 - INFO - No procedures to sync for pattern: Question[aáAÁ]rio\s+Short\s+Form\s+SF-36
2026-09-11 12:26:24,317 - INFO - No date found in REDCap for procedure Questionário PHQ9 (check_field=phq9_0, date_field=phq9_0). Skipping sync.
2026-09-11 12:26:24,321 - INFO - No date found in REDCap for procedure Questionário WPAI (check_field=wpai0, date_field=wpai0). Skipping sync.
2026-09-11 12:26:24,325 - INFO - No date found in REDCap for procedure Questionário GAD-7 (check_field=gad7_0, date_field=gad7_0). Skipping sync.
2026-09-11 12:26:24,326 - INFO - Unique visit procedures synchronization completed. Total procedures synced: 1/9
2026-09-11 12:26:24,327 - INFO - Executor name from REDCap: Eduardo Augusto Rabelo Socca
2026-09-11 12:26:24,991 - INFO - Unique visit: Executor 'Eduardo Augusto Rabelo Socca' (ID: 2761) linked to procedure ID: 652384 with payload: {
  "co_participante_visita_procedimento": 652384,
  "executor": 2761,
  "data_realizada": "2026-09-11",
  "data_previsto_pagamento": "",
  "data_pagamento_realizado": "",
  "valor": "",
  "valor_total_procedimento": "",
  "observacoes": ""
}. Response: {
  "id": 17898,
  "observacoes": "",
  "valor_total_procedimento": "",
  "valor": "",
  "executor": 2761,
  "co_participante_visita_procedimento": 652384,
  "data_realizada": "2026-09-11T00:00:00.000Z",
  "data_previsto_pagamento": null,
  "user_id_log": 4593
}
2026-09-11 12:26:24,992 - INFO - Unique visit synchronization completed for record_id=240-3, event_name=visita_unica_arm_1
2026-09-11 12:26:24,993 - INFO - Successfully dispatched event: record_id=240-3, event_name=visita_unica_arm_1, repeat_instance=1
2026-09-11 14:03:55,061 - INFO - Received webhook from REDCap DET: project_id=68, username=eduardosoccasvri, instrument=modulo_s_saude, record=240-3, redcap_event_name=visita_unica_arm_1, redcap_data_acess_group=, redcap_repeat_instance=None, redcap_repeat_instrument=None, redcap_url=https://svriglobal.org/redcap/, project_url=https://svriglobal.org/redcap/redcap_v17.3.10/index.php?pid=68
2026-09-11 14:03:55,109 - INFO - Dispatch runtime: pid=136344, module=/mnt/c/Users/Science/Documents/Python/integracao_embrace/src/integracao_embrace/dispatch.py, event_name='visita_unica_arm_1', instrument='modulo_s_saude'
2026-09-11 14:03:55,112 - INFO - Dispatching to unique visit handles: visita_unica_arm_1
2026-09-11 14:03:56,049 - INFO - Debug redcap url: https://svriglobal.org/redcap/api/
2026-09-11 14:03:56,050 - INFO - Debug redcaptoken (First 3 chars): E6B...
2026-09-11 14:03:56,051 - INFO - Debug redcap status: 200
2026-09-11 14:03:56,057 - INFO - Debug redcap response (first 30 chars): [{"record":"240-3","redcap_eve
2026-09-11 14:03:56,065 - INFO - REDCap: filtering event=visita_unica_arm_1 by repeat_instance=None; response instances=['', '1']
2026-09-11 14:03:56,066 - INFO - REDCap: exported record 240-3 for event visita_unica_arm_1, repeat_instance=None, with 123 fields from 123 entries
2026-09-11 14:03:56,068 - INFO - Mapped gender:  ➡ None
2026-09-11 14:03:56,069 - INFO - Mapped site: SVRI Clínica Morumbi ➡ 47
2026-09-11 14:03:56,071 - INFO - Volunteer payload prepared: {'nome': '240-3', 'iniciais': 'Larissa Matias ', 'data_nascimento': '1970-10-29', 'sexo': None, 'email': '', 'data_inclusao': '2026-09-11', 'centro': '47', 'contatos': '11111111111'}
2026-09-11 14:03:56,750 - INFO - Volunteer 240-3 already exists in PoloTrial with ID: 3341
2026-09-11 14:03:56,751 - INFO - DEBUG: Searching protocol Embrace for site 47
2026-09-11 14:03:57,327 - INFO - Protocol found: Embrace with ID: 2381 (site=47)
2026-09-11 14:03:57,524 - INFO - DEBUG: Protocol Arm founded for the unique visit: ['Embrace']
2026-09-11 14:03:57,525 - INFO - Arm matched: Embrace with ID: 283
2026-09-11 14:03:58,171 - INFO - Participant found in PoloTrial with ID: 3316
2026-09-11 14:04:23,275 - INFO - Participant visits retrieved: 1, for participant ID: 3316
2026-09-11 14:04:23,276 - INFO - Looking for unique visit with name: Visita única among: ['Visita única']
2026-09-11 14:04:23,277 - INFO - Participant visit found: Visita única with ID: 40710
2026-09-11 14:04:23,461 - INFO - Unique visit already up to date (id=40710).
2026-09-11 14:04:23,801 - INFO - DEBUG: Available procedures in PoloTrial for unique visit: ['Consulta Médica', 'Módulo Saúde', 'Módulo Identificação da Paciente', 'Módulo Menopausa', 'Questionário da Saúde da Mulher - WHQ\t', 'Questionário GAD-7', 'Questionário PHQ9', 'Questionário WPAI', 'Questionário Short Form - SF-36']
2026-09-11 14:04:23,803 - INFO -  - ID: 652384 | Procedure: Consulta Médica | Appointment date: 2026-09-11T00:00:00.000Z | Check field: cm_atendimento_dt=2026-09-11 | Date field: cm_atendimento_dt=2026-09-11
2026-09-11 14:04:23,805 - INFO -  - ID: 652385 | Procedure: Módulo Saúde | Appointment date: nan | Check field: s0=2026-09-11 | Date field: s0=2026-09-11
2026-09-11 14:04:23,806 - INFO -  - ID: 652386 | Procedure: Módulo Identificação da Paciente | Appointment date: 2026-09-11T00:00:00.000Z | Check field: idp3=240-3 | Date field: idp4=2026-09-11
2026-09-11 14:04:23,807 - INFO -  - ID: 652387 | Procedure: Módulo Menopausa | Appointment date: 2026-09-11T00:00:00.000Z | Check field: pm0=2026-09-11 | Date field: pm0=2026-09-11
2026-09-11 14:04:23,809 - INFO -  - ID: 652388 | Procedure: Questionário da Saúde da Mulher - WHQ	 | Appointment date: nan | Check field: whq0=N/A | Date field: whq0=N/A
2026-09-11 14:04:23,810 - INFO -  - ID: 652389 | Procedure: Questionário GAD-7 | Appointment date: nan | Check field: gad7_0=N/A | Date field: gad7_0=N/A
2026-09-11 14:04:23,814 - INFO -  - ID: 652390 | Procedure: Questionário PHQ9 | Appointment date: nan | Check field: phq9_0=N/A | Date field: phq9_0=N/A
2026-09-11 14:04:23,816 - INFO -  - ID: 652391 | Procedure: Questionário WPAI | Appointment date: nan | Check field: wpai0=N/A | Date field: wpai0=N/A
2026-09-11 14:04:23,818 - INFO -  - ID: 652392 | Procedure: Questionário Short Form - SF-36 | Appointment date: nan | Check field: None=N/A | Date field: None=N/A
2026-09-11 14:04:23,822 - INFO - DEBUG: Procedure mapping summary:
2026-09-11 14:04:23,827 - INFO -  1. Total procedures in PoloTrial for unique visit: 9
2026-09-11 14:04:23,829 - INFO -  2. Matched with REDCap mapping: 8
2026-09-11 14:04:23,830 - INFO -  3. Unmatched procedures: 1
2026-09-11 14:04:23,831 - WARNING - DEBUG: Unmatched procedures (no mapping found in POLOTRIAL_UNIQUE_EVENT_PROCEDURES_MAP): ['Questionário Short Form - SF-36']
2026-09-11 14:04:23,832 - WARNING -  - 'Questionário Short Form - SF-36'
2026-09-11 14:04:23,863 - INFO - No procedures to sync for pattern: M[oóOÓ]dulo\s+Identifica[cçCÇ][aãAÃ]o\s+da\s+Paciente
2026-09-11 14:04:23,868 - INFO - No procedures to sync for pattern: Consulta\s+M[eéEÉ]dica
2026-09-11 14:04:24,071 - INFO - ✅ Synced procedure 'Módulo Saúde' (ID: 652385) with date: 2026-09-11
2026-09-11 14:04:24,074 - INFO - No procedures to sync for pattern: M[oóOÓ]dulo\s+Menopausa
2026-09-11 14:04:24,078 - INFO - No date found in REDCap for procedure Questionário da Saúde da Mulher - WHQ	 (check_field=whq0, date_field=whq0). Skipping sync.
2026-09-11 14:04:24,084 - INFO - No procedures to sync for pattern: Question[aáAÁ]rio\s+Short\s+Form\s+SF-36
2026-09-11 14:04:24,088 - INFO - No date found in REDCap for procedure Questionário PHQ9 (check_field=phq9_0, date_field=phq9_0). Skipping sync.
2026-09-11 14:04:24,092 - INFO - No date found in REDCap for procedure Questionário WPAI (check_field=wpai0, date_field=wpai0). Skipping sync.
2026-09-11 14:04:24,110 - INFO - No date found in REDCap for procedure Questionário GAD-7 (check_field=gad7_0, date_field=gad7_0). Skipping sync.
2026-09-11 14:04:24,111 - INFO - Unique visit procedures synchronization completed. Total procedures synced: 1/9
2026-09-11 14:04:24,112 - INFO - Executor name from REDCap: Eduardo Augusto Rabelo Socca
2026-09-11 14:04:24,595 - INFO - Executor 'Eduardo Augusto Rabelo Socca' (ID: 2761) is already linked to procedure ID: 652384. No action needed.
2026-09-11 14:04:24,597 - INFO - Unique visit synchronization completed for record_id=240-3, event_name=visita_unica_arm_1
2026-09-11 14:04:24,599 - INFO - Successfully dispatched event: record_id=240-3, event_name=visita_unica_arm_1, repeat_instance=None
2026-09-11 14:07:12,135 - INFO - Received webhook from REDCap DET: project_id=68, username=eduardosoccasvri, instrument=modulo_whq_questionario_da_saude_da_mulher, record=240-3, redcap_event_name=visita_unica_arm_1, redcap_data_acess_group=, redcap_repeat_instance=None, redcap_repeat_instrument=None, redcap_url=https://svriglobal.org/redcap/, project_url=https://svriglobal.org/redcap/redcap_v17.3.10/index.php?pid=68
2026-09-11 14:07:12,143 - INFO - Dispatch runtime: pid=136344, module=/mnt/c/Users/Science/Documents/Python/integracao_embrace/src/integracao_embrace/dispatch.py, event_name='visita_unica_arm_1', instrument='modulo_whq_questionario_da_saude_da_mulher'
2026-09-11 14:07:12,144 - INFO - Dispatching to unique visit handles: visita_unica_arm_1
2026-09-11 14:07:12,851 - INFO - Debug redcap url: https://svriglobal.org/redcap/api/
2026-09-11 14:07:12,851 - INFO - Debug redcaptoken (First 3 chars): E6B...
2026-09-11 14:07:12,852 - INFO - Debug redcap status: 200
2026-09-11 14:07:12,853 - INFO - Debug redcap response (first 30 chars): [{"record":"240-3","redcap_eve
2026-09-11 14:07:12,855 - INFO - REDCap: filtering event=visita_unica_arm_1 by repeat_instance=None; response instances=['', '1']
2026-09-11 14:07:12,857 - INFO - REDCap: exported record 240-3 for event visita_unica_arm_1, repeat_instance=None, with 162 fields from 162 entries
2026-09-11 14:07:12,859 - INFO - Mapped gender:  ➡ None
2026-09-11 14:07:12,860 - INFO - Mapped site: SVRI Clínica Morumbi ➡ 47
2026-09-11 14:07:12,863 - INFO - Volunteer payload prepared: {'nome': '240-3', 'iniciais': 'Larissa Matias ', 'data_nascimento': '1970-10-29', 'sexo': None, 'email': '', 'data_inclusao': '2026-09-11', 'centro': '47', 'contatos': '11111111111'}
2026-09-11 14:07:13,054 - INFO - Volunteer 240-3 already exists in PoloTrial with ID: 3341
2026-09-11 14:07:13,056 - INFO - DEBUG: Searching protocol Embrace for site 47
2026-09-11 14:07:13,491 - INFO - Protocol found: Embrace with ID: 2381 (site=47)
2026-09-11 14:07:13,709 - INFO - DEBUG: Protocol Arm founded for the unique visit: ['Embrace']
2026-09-11 14:07:13,710 - INFO - Arm matched: Embrace with ID: 283
2026-09-11 14:07:14,227 - INFO - Participant found in PoloTrial with ID: 3316
2026-09-11 14:07:38,374 - INFO - Participant visits retrieved: 1, for participant ID: 3316
2026-09-11 14:07:38,375 - INFO - Looking for unique visit with name: Visita única among: ['Visita única']
2026-09-11 14:07:38,375 - INFO - Participant visit found: Visita única with ID: 40710
2026-09-11 14:07:38,546 - INFO - Unique visit already up to date (id=40710).
2026-09-11 14:07:38,788 - INFO - DEBUG: Available procedures in PoloTrial for unique visit: ['Consulta Médica', 'Módulo Saúde', 'Módulo Identificação da Paciente', 'Módulo Menopausa', 'Questionário da Saúde da Mulher - WHQ\t', 'Questionário GAD-7', 'Questionário PHQ9', 'Questionário WPAI', 'Questionário Short Form - SF-36']
2026-09-11 14:07:38,789 - INFO -  - ID: 652384 | Procedure: Consulta Médica | Appointment date: 2026-09-11T00:00:00.000Z | Check field: cm_atendimento_dt=2026-09-11 | Date field: cm_atendimento_dt=2026-09-11
2026-09-11 14:07:38,789 - INFO -  - ID: 652385 | Procedure: Módulo Saúde | Appointment date: 2026-09-11T00:00:00.000Z | Check field: s0=2026-09-11 | Date field: s0=2026-09-11
2026-09-11 14:07:38,790 - INFO -  - ID: 652386 | Procedure: Módulo Identificação da Paciente | Appointment date: 2026-09-11T00:00:00.000Z | Check field: idp3=240-3 | Date field: idp4=2026-09-11
2026-09-11 14:07:38,791 - INFO -  - ID: 652387 | Procedure: Módulo Menopausa | Appointment date: 2026-09-11T00:00:00.000Z | Check field: pm0=2026-09-11 | Date field: pm0=2026-09-11
2026-09-11 14:07:38,791 - INFO -  - ID: 652388 | Procedure: Questionário da Saúde da Mulher - WHQ	 | Appointment date: nan | Check field: whq0=2026-09-11 | Date field: whq0=2026-09-11
2026-09-11 14:07:38,793 - INFO -  - ID: 652389 | Procedure: Questionário GAD-7 | Appointment date: nan | Check field: gad7_0=N/A | Date field: gad7_0=N/A
2026-09-11 14:07:38,793 - INFO -  - ID: 652390 | Procedure: Questionário PHQ9 | Appointment date: nan | Check field: phq9_0=N/A | Date field: phq9_0=N/A
2026-09-11 14:07:38,794 - INFO -  - ID: 652391 | Procedure: Questionário WPAI | Appointment date: nan | Check field: wpai0=N/A | Date field: wpai0=N/A
2026-09-11 14:07:38,795 - INFO -  - ID: 652392 | Procedure: Questionário Short Form - SF-36 | Appointment date: nan | Check field: None=N/A | Date field: None=N/A
2026-09-11 14:07:38,795 - INFO - DEBUG: Procedure mapping summary:
2026-09-11 14:07:38,795 - INFO -  1. Total procedures in PoloTrial for unique visit: 9
2026-09-11 14:07:38,796 - INFO -  2. Matched with REDCap mapping: 8
2026-09-11 14:07:38,796 - INFO -  3. Unmatched procedures: 1
2026-09-11 14:07:38,797 - WARNING - DEBUG: Unmatched procedures (no mapping found in POLOTRIAL_UNIQUE_EVENT_PROCEDURES_MAP): ['Questionário Short Form - SF-36']
2026-09-11 14:07:38,798 - WARNING -  - 'Questionário Short Form - SF-36'
2026-09-11 14:07:38,801 - INFO - No procedures to sync for pattern: M[oóOÓ]dulo\s+Identifica[cçCÇ][aãAÃ]o\s+da\s+Paciente
2026-09-11 14:07:38,803 - INFO - No procedures to sync for pattern: Consulta\s+M[eéEÉ]dica
2026-09-11 14:07:38,805 - INFO - No procedures to sync for pattern: M[oóOÓ]dulo\s+Sa[uúUÚ]de
2026-09-11 14:07:38,807 - INFO - No procedures to sync for pattern: M[oóOÓ]dulo\s+Menopausa
2026-09-11 14:07:38,992 - INFO - ✅ Synced procedure 'Questionário da Saúde da Mulher - WHQ	' (ID: 652388) with date: 2026-09-11
2026-09-11 14:07:38,995 - INFO - No procedures to sync for pattern: Question[aáAÁ]rio\s+Short\s+Form\s+SF-36
2026-09-11 14:07:38,997 - INFO - No date found in REDCap for procedure Questionário PHQ9 (check_field=phq9_0, date_field=phq9_0). Skipping sync.
2026-09-11 14:07:39,002 - INFO - No date found in REDCap for procedure Questionário WPAI (check_field=wpai0, date_field=wpai0). Skipping sync.
2026-09-11 14:07:39,007 - INFO - No date found in REDCap for procedure Questionário GAD-7 (check_field=gad7_0, date_field=gad7_0). Skipping sync.
2026-09-11 14:07:39,008 - INFO - Unique visit procedures synchronization completed. Total procedures synced: 1/9
2026-09-11 14:07:39,009 - INFO - Executor name from REDCap: Eduardo Augusto Rabelo Socca
2026-09-11 14:07:39,454 - INFO - Executor 'Eduardo Augusto Rabelo Socca' (ID: 2761) is already linked to procedure ID: 652384. No action needed.
2026-09-11 14:07:39,454 - INFO - Unique visit synchronization completed for record_id=240-3, event_name=visita_unica_arm_1
2026-09-11 14:07:39,458 - INFO - Successfully dispatched event: record_id=240-3, event_name=visita_unica_arm_1, repeat_instance=None
2026-09-11 14:10:50,870 - INFO - Received webhook from REDCap DET: project_id=68, username=[survey respondent], instrument=modulo_do_participante, record=240-3, redcap_event_name=visita_unica_arm_1, redcap_data_acess_group=, redcap_repeat_instance=None, redcap_repeat_instrument=None, redcap_url=https://svriglobal.org/redcap/, project_url=https://svriglobal.org/redcap/redcap_v17.3.10/index.php?pid=68
2026-09-11 14:10:50,876 - INFO - Dispatch runtime: pid=136344, module=/mnt/c/Users/Science/Documents/Python/integracao_embrace/src/integracao_embrace/dispatch.py, event_name='visita_unica_arm_1', instrument='modulo_do_participante'
2026-09-11 14:10:50,877 - INFO - Dispatching to unique visit handles: visita_unica_arm_1
2026-09-11 14:10:51,530 - INFO - Debug redcap url: https://svriglobal.org/redcap/api/
2026-09-11 14:10:51,531 - INFO - Debug redcaptoken (First 3 chars): E6B...
2026-09-11 14:10:51,533 - INFO - Debug redcap status: 200
2026-09-11 14:10:51,534 - INFO - Debug redcap response (first 30 chars): [{"record":"240-3","redcap_eve
2026-09-11 14:10:51,536 - INFO - REDCap: filtering event=visita_unica_arm_1 by repeat_instance=None; response instances=['', '1']
2026-09-11 14:10:51,537 - INFO - REDCap: exported record 240-3 for event visita_unica_arm_1, repeat_instance=None, with 168 fields from 168 entries
2026-09-11 14:10:51,538 - INFO - Mapped gender:  ➡ None
2026-09-11 14:10:51,538 - INFO - Mapped site: SVRI Clínica Morumbi ➡ 47
2026-09-11 14:10:51,539 - INFO - Volunteer payload prepared: {'nome': '240-3', 'iniciais': 'Larissa Matias ', 'data_nascimento': '1970-10-29', 'sexo': None, 'email': '', 'data_inclusao': '2026-09-11', 'centro': '47', 'contatos': '11111111111'}
2026-09-11 14:10:51,716 - INFO - Volunteer 240-3 already exists in PoloTrial with ID: 3341
2026-09-11 14:10:51,717 - INFO - DEBUG: Searching protocol Embrace for site 47
2026-09-11 14:10:52,119 - INFO - Protocol found: Embrace with ID: 2381 (site=47)
2026-09-11 14:10:52,312 - INFO - DEBUG: Protocol Arm founded for the unique visit: ['Embrace']
2026-09-11 14:10:52,313 - INFO - Arm matched: Embrace with ID: 283
2026-09-11 14:10:56,418 - INFO - Participant found in PoloTrial with ID: 3316
2026-09-11 14:11:17,017 - INFO - Participant visits retrieved: 1, for participant ID: 3316
2026-09-11 14:11:17,018 - INFO - Looking for unique visit with name: Visita única among: ['Visita única']
2026-09-11 14:11:17,019 - INFO - Participant visit found: Visita única with ID: 40710
2026-09-11 14:11:17,210 - INFO - Unique visit already up to date (id=40710).
2026-09-11 14:11:17,454 - INFO - DEBUG: Available procedures in PoloTrial for unique visit: ['Consulta Médica', 'Módulo Saúde', 'Módulo Identificação da Paciente', 'Módulo Menopausa', 'Questionário da Saúde da Mulher - WHQ\t', 'Questionário GAD-7', 'Questionário PHQ9', 'Questionário WPAI', 'Questionário Short Form - SF-36']
2026-09-11 14:11:17,456 - INFO -  - ID: 652384 | Procedure: Consulta Médica | Appointment date: 2026-09-11T00:00:00.000Z | Check field: cm_atendimento_dt=2026-09-11 | Date field: cm_atendimento_dt=2026-09-11
2026-09-11 14:11:17,457 - INFO -  - ID: 652385 | Procedure: Módulo Saúde | Appointment date: 2026-09-11T00:00:00.000Z | Check field: s0=2026-09-11 | Date field: s0=2026-09-11
2026-09-11 14:11:17,458 - INFO -  - ID: 652386 | Procedure: Módulo Identificação da Paciente | Appointment date: 2026-09-11T00:00:00.000Z | Check field: idp3=240-3 | Date field: idp4=2026-09-11
2026-09-11 14:11:17,459 - INFO -  - ID: 652387 | Procedure: Módulo Menopausa | Appointment date: 2026-09-11T00:00:00.000Z | Check field: pm0=2026-09-11 | Date field: pm0=2026-09-11
2026-09-11 14:11:17,461 - INFO -  - ID: 652388 | Procedure: Questionário da Saúde da Mulher - WHQ	 | Appointment date: 2026-09-11T00:00:00.000Z | Check field: whq0=2026-09-11 | Date field: whq0=2026-09-11
2026-09-11 14:11:17,462 - INFO -  - ID: 652389 | Procedure: Questionário GAD-7 | Appointment date: nan | Check field: gad7_0=N/A | Date field: gad7_0=N/A
2026-09-11 14:11:17,463 - INFO -  - ID: 652390 | Procedure: Questionário PHQ9 | Appointment date: nan | Check field: phq9_0=N/A | Date field: phq9_0=N/A
2026-09-11 14:11:17,464 - INFO -  - ID: 652391 | Procedure: Questionário WPAI | Appointment date: nan | Check field: wpai0=N/A | Date field: wpai0=N/A
2026-09-11 14:11:17,465 - INFO -  - ID: 652392 | Procedure: Questionário Short Form - SF-36 | Appointment date: nan | Check field: None=N/A | Date field: None=N/A
2026-09-11 14:11:17,465 - INFO - DEBUG: Procedure mapping summary:
2026-09-11 14:11:17,466 - INFO -  1. Total procedures in PoloTrial for unique visit: 9
2026-09-11 14:11:17,467 - INFO -  2. Matched with REDCap mapping: 8
2026-09-11 14:11:17,467 - INFO -  3. Unmatched procedures: 1
2026-09-11 14:11:17,468 - WARNING - DEBUG: Unmatched procedures (no mapping found in POLOTRIAL_UNIQUE_EVENT_PROCEDURES_MAP): ['Questionário Short Form - SF-36']
2026-09-11 14:11:17,468 - WARNING -  - 'Questionário Short Form - SF-36'
2026-09-11 14:11:17,471 - INFO - No procedures to sync for pattern: M[oóOÓ]dulo\s+Identifica[cçCÇ][aãAÃ]o\s+da\s+Paciente
2026-09-11 14:11:17,474 - INFO - No procedures to sync for pattern: Consulta\s+M[eéEÉ]dica
2026-09-11 14:11:17,476 - INFO - No procedures to sync for pattern: M[oóOÓ]dulo\s+Sa[uúUÚ]de
2026-09-11 14:11:17,479 - INFO - No procedures to sync for pattern: M[oóOÓ]dulo\s+Menopausa
2026-09-11 14:11:17,482 - INFO - No procedures to sync for pattern: Question[aáAÁ]rio\s+da\s+Sa[uúUÚ]de\s+da\s+Mulher\s+-\s+WHQ
2026-09-11 14:11:17,486 - INFO - No procedures to sync for pattern: Question[aáAÁ]rio\s+Short\s+Form\s+SF-36
2026-09-11 14:11:17,489 - INFO - No date found in REDCap for procedure Questionário PHQ9 (check_field=phq9_0, date_field=phq9_0). Skipping sync.
2026-09-11 14:11:17,493 - INFO - No date found in REDCap for procedure Questionário WPAI (check_field=wpai0, date_field=wpai0). Skipping sync.
2026-09-11 14:11:17,496 - INFO - No date found in REDCap for procedure Questionário GAD-7 (check_field=gad7_0, date_field=gad7_0). Skipping sync.
2026-09-11 14:11:17,497 - INFO - Unique visit procedures synchronization completed. Total procedures synced: 0/9
2026-09-11 14:11:17,498 - INFO - Executor name from REDCap: Eduardo Augusto Rabelo Socca
2026-09-11 14:11:17,972 - INFO - Executor 'Eduardo Augusto Rabelo Socca' (ID: 2761) is already linked to procedure ID: 652384. No action needed.
2026-09-11 14:11:17,973 - INFO - Unique visit synchronization completed for record_id=240-3, event_name=visita_unica_arm_1
2026-09-11 14:11:17,974 - INFO - Successfully dispatched event: record_id=240-3, event_name=visita_unica_arm_1, repeat_instance=None
2026-09-11 14:11:45,781 - INFO - Received webhook from REDCap DET: project_id=68, username=[survey respondent], instrument=modulo_do_participante, record=240-3, redcap_event_name=visita_unica_arm_1, redcap_data_acess_group=, redcap_repeat_instance=None, redcap_repeat_instrument=None, redcap_url=https://svriglobal.org/redcap/, project_url=https://svriglobal.org/redcap/redcap_v17.3.10/index.php?pid=68
2026-09-11 14:11:45,784 - INFO - Dispatch runtime: pid=136344, module=/mnt/c/Users/Science/Documents/Python/integracao_embrace/src/integracao_embrace/dispatch.py, event_name='visita_unica_arm_1', instrument='modulo_do_participante'
2026-09-11 14:11:45,785 - INFO - Dispatching to unique visit handles: visita_unica_arm_1
2026-09-11 14:11:46,436 - INFO - Debug redcap url: https://svriglobal.org/redcap/api/
2026-09-11 14:11:46,437 - INFO - Debug redcaptoken (First 3 chars): E6B...
2026-09-11 14:11:46,438 - INFO - Debug redcap status: 200
2026-09-11 14:11:46,438 - INFO - Debug redcap response (first 30 chars): [{"record":"240-3","redcap_eve
2026-09-11 14:11:46,440 - INFO - REDCap: filtering event=visita_unica_arm_1 by repeat_instance=None; response instances=['', '1']
2026-09-11 14:11:46,441 - INFO - REDCap: exported record 240-3 for event visita_unica_arm_1, repeat_instance=None, with 183 fields from 183 entries
2026-09-11 14:11:46,442 - INFO - Mapped gender:  ➡ None
2026-09-11 14:11:46,443 - INFO - Mapped site: SVRI Clínica Morumbi ➡ 47
2026-09-11 14:11:46,444 - INFO - Volunteer payload prepared: {'nome': '240-3', 'iniciais': 'Larissa Matias ', 'data_nascimento': '1970-10-29', 'sexo': None, 'email': '', 'data_inclusao': '2026-09-11', 'centro': '47', 'contatos': '11111111111'}
2026-09-11 14:11:46,642 - INFO - Volunteer 240-3 already exists in PoloTrial with ID: 3341
2026-09-11 14:11:46,642 - INFO - DEBUG: Searching protocol Embrace for site 47
2026-09-11 14:11:47,029 - INFO - Protocol found: Embrace with ID: 2381 (site=47)
2026-09-11 14:11:47,234 - INFO - DEBUG: Protocol Arm founded for the unique visit: ['Embrace']
2026-09-11 14:11:47,235 - INFO - Arm matched: Embrace with ID: 283
2026-09-11 14:11:47,757 - INFO - Participant found in PoloTrial with ID: 3316
2026-09-11 14:12:11,935 - INFO - Participant visits retrieved: 1, for participant ID: 3316
2026-09-11 14:12:11,936 - INFO - Looking for unique visit with name: Visita única among: ['Visita única']
2026-09-11 14:12:11,937 - INFO - Participant visit found: Visita única with ID: 40710
2026-09-11 14:12:12,101 - INFO - Unique visit already up to date (id=40710).
2026-09-11 14:12:12,413 - INFO - DEBUG: Available procedures in PoloTrial for unique visit: ['Consulta Médica', 'Módulo Saúde', 'Módulo Identificação da Paciente', 'Módulo Menopausa', 'Questionário da Saúde da Mulher - WHQ\t', 'Questionário GAD-7', 'Questionário PHQ9', 'Questionário WPAI', 'Questionário Short Form - SF-36']
2026-09-11 14:12:12,415 - INFO -  - ID: 652384 | Procedure: Consulta Médica | Appointment date: 2026-09-11T00:00:00.000Z | Check field: cm_atendimento_dt=2026-09-11 | Date field: cm_atendimento_dt=2026-09-11
2026-09-11 14:12:12,416 - INFO -  - ID: 652385 | Procedure: Módulo Saúde | Appointment date: 2026-09-11T00:00:00.000Z | Check field: s0=2026-09-11 | Date field: s0=2026-09-11
2026-09-11 14:12:12,417 - INFO -  - ID: 652386 | Procedure: Módulo Identificação da Paciente | Appointment date: 2026-09-11T00:00:00.000Z | Check field: idp3=240-3 | Date field: idp4=2026-09-11
2026-09-11 14:12:12,417 - INFO -  - ID: 652387 | Procedure: Módulo Menopausa | Appointment date: 2026-09-11T00:00:00.000Z | Check field: pm0=2026-09-11 | Date field: pm0=2026-09-11
2026-09-11 14:12:12,418 - INFO -  - ID: 652388 | Procedure: Questionário da Saúde da Mulher - WHQ	 | Appointment date: 2026-09-11T00:00:00.000Z | Check field: whq0=2026-09-11 | Date field: whq0=2026-09-11
2026-09-11 14:12:12,419 - INFO -  - ID: 652389 | Procedure: Questionário GAD-7 | Appointment date: nan | Check field: gad7_0=N/A | Date field: gad7_0=N/A
2026-09-11 14:12:12,420 - INFO -  - ID: 652390 | Procedure: Questionário PHQ9 | Appointment date: nan | Check field: phq9_0=N/A | Date field: phq9_0=N/A
2026-09-11 14:12:12,420 - INFO -  - ID: 652391 | Procedure: Questionário WPAI | Appointment date: nan | Check field: wpai0=N/A | Date field: wpai0=N/A
2026-09-11 14:12:12,421 - INFO -  - ID: 652392 | Procedure: Questionário Short Form - SF-36 | Appointment date: nan | Check field: None=N/A | Date field: None=N/A
2026-09-11 14:12:12,421 - INFO - DEBUG: Procedure mapping summary:
2026-09-11 14:12:12,422 - INFO -  1. Total procedures in PoloTrial for unique visit: 9
2026-09-11 14:12:12,422 - INFO -  2. Matched with REDCap mapping: 8
2026-09-11 14:12:12,423 - INFO -  3. Unmatched procedures: 1
2026-09-11 14:12:12,423 - WARNING - DEBUG: Unmatched procedures (no mapping found in POLOTRIAL_UNIQUE_EVENT_PROCEDURES_MAP): ['Questionário Short Form - SF-36']
2026-09-11 14:12:12,424 - WARNING -  - 'Questionário Short Form - SF-36'
2026-09-11 14:12:12,426 - INFO - No procedures to sync for pattern: M[oóOÓ]dulo\s+Identifica[cçCÇ][aãAÃ]o\s+da\s+Paciente
2026-09-11 14:12:12,428 - INFO - No procedures to sync for pattern: Consulta\s+M[eéEÉ]dica
2026-09-11 14:12:12,429 - INFO - No procedures to sync for pattern: M[oóOÓ]dulo\s+Sa[uúUÚ]de
2026-09-11 14:12:12,432 - INFO - No procedures to sync for pattern: M[oóOÓ]dulo\s+Menopausa
2026-09-11 14:12:12,434 - INFO - No procedures to sync for pattern: Question[aáAÁ]rio\s+da\s+Sa[uúUÚ]de\s+da\s+Mulher\s+-\s+WHQ
2026-09-11 14:12:12,436 - INFO - No procedures to sync for pattern: Question[aáAÁ]rio\s+Short\s+Form\s+SF-36
2026-09-11 14:12:12,438 - INFO - No date found in REDCap for procedure Questionário PHQ9 (check_field=phq9_0, date_field=phq9_0). Skipping sync.
2026-09-11 14:12:12,440 - INFO - No date found in REDCap for procedure Questionário WPAI (check_field=wpai0, date_field=wpai0). Skipping sync.
2026-09-11 14:12:12,443 - INFO - No date found in REDCap for procedure Questionário GAD-7 (check_field=gad7_0, date_field=gad7_0). Skipping sync.
2026-09-11 14:12:12,444 - INFO - Unique visit procedures synchronization completed. Total procedures synced: 0/9
2026-09-11 14:12:12,444 - INFO - Executor name from REDCap: Eduardo Augusto Rabelo Socca
2026-09-11 14:12:12,879 - INFO - Executor 'Eduardo Augusto Rabelo Socca' (ID: 2761) is already linked to procedure ID: 652384. No action needed.
2026-09-11 14:12:12,879 - INFO - Unique visit synchronization completed for record_id=240-3, event_name=visita_unica_arm_1
2026-09-11 14:12:12,880 - INFO - Successfully dispatched event: record_id=240-3, event_name=visita_unica_arm_1, repeat_instance=None
2026-09-11 14:12:23,571 - INFO - Received webhook from REDCap DET: project_id=68, username=[survey respondent], instrument=modulo_do_participante, record=240-3, redcap_event_name=visita_unica_arm_1, redcap_data_acess_group=, redcap_repeat_instance=None, redcap_repeat_instrument=None, redcap_url=https://svriglobal.org/redcap/, project_url=https://svriglobal.org/redcap/redcap_v17.3.10/index.php?pid=68
2026-09-11 14:12:23,574 - INFO - Dispatch runtime: pid=136344, module=/mnt/c/Users/Science/Documents/Python/integracao_embrace/src/integracao_embrace/dispatch.py, event_name='visita_unica_arm_1', instrument='modulo_do_participante'
2026-09-11 14:12:23,575 - INFO - Dispatching to unique visit handles: visita_unica_arm_1
2026-09-11 14:12:24,215 - INFO - Debug redcap url: https://svriglobal.org/redcap/api/
2026-09-11 14:12:24,216 - INFO - Debug redcaptoken (First 3 chars): E6B...
2026-09-11 14:12:24,217 - INFO - Debug redcap status: 200
2026-09-11 14:12:24,217 - INFO - Debug redcap response (first 30 chars): [{"record":"240-3","redcap_eve
2026-09-11 14:12:24,219 - INFO - REDCap: filtering event=visita_unica_arm_1 by repeat_instance=None; response instances=['', '1']
2026-09-11 14:12:24,221 - INFO - REDCap: exported record 240-3 for event visita_unica_arm_1, repeat_instance=None, with 184 fields from 184 entries
2026-09-11 14:12:24,222 - INFO - Mapped gender:  ➡ None
2026-09-11 14:12:24,223 - INFO - Mapped site: SVRI Clínica Morumbi ➡ 47
2026-09-11 14:12:24,224 - INFO - Volunteer payload prepared: {'nome': '240-3', 'iniciais': 'Larissa Matias ', 'data_nascimento': '1970-10-29', 'sexo': None, 'email': '', 'data_inclusao': '2026-09-11', 'centro': '47', 'contatos': '11111111111'}
2026-09-11 14:12:24,409 - INFO - Volunteer 240-3 already exists in PoloTrial with ID: 3341
2026-09-11 14:12:24,410 - INFO - DEBUG: Searching protocol Embrace for site 47
2026-09-11 14:12:24,882 - INFO - Protocol found: Embrace with ID: 2381 (site=47)
2026-09-11 14:12:25,091 - INFO - DEBUG: Protocol Arm founded for the unique visit: ['Embrace']
2026-09-11 14:12:25,091 - INFO - Arm matched: Embrace with ID: 283
2026-09-11 14:12:25,679 - INFO - Participant found in PoloTrial with ID: 3316
2026-09-11 14:12:49,846 - INFO - Participant visits retrieved: 1, for participant ID: 3316
2026-09-11 14:12:49,847 - INFO - Looking for unique visit with name: Visita única among: ['Visita única']
2026-09-11 14:12:49,848 - INFO - Participant visit found: Visita única with ID: 40710
2026-09-11 14:12:50,005 - INFO - Unique visit already up to date (id=40710).
2026-09-11 14:12:50,216 - INFO - DEBUG: Available procedures in PoloTrial for unique visit: ['Consulta Médica', 'Módulo Saúde', 'Módulo Identificação da Paciente', 'Módulo Menopausa', 'Questionário da Saúde da Mulher - WHQ\t', 'Questionário GAD-7', 'Questionário PHQ9', 'Questionário WPAI', 'Questionário Short Form - SF-36']
2026-09-11 14:12:50,218 - INFO -  - ID: 652384 | Procedure: Consulta Médica | Appointment date: 2026-09-11T00:00:00.000Z | Check field: cm_atendimento_dt=2026-09-11 | Date field: cm_atendimento_dt=2026-09-11
2026-09-11 14:12:50,219 - INFO -  - ID: 652385 | Procedure: Módulo Saúde | Appointment date: 2026-09-11T00:00:00.000Z | Check field: s0=2026-09-11 | Date field: s0=2026-09-11
2026-09-11 14:12:50,219 - INFO -  - ID: 652386 | Procedure: Módulo Identificação da Paciente | Appointment date: 2026-09-11T00:00:00.000Z | Check field: idp3=240-3 | Date field: idp4=2026-09-11
2026-09-11 14:12:50,220 - INFO -  - ID: 652387 | Procedure: Módulo Menopausa | Appointment date: 2026-09-11T00:00:00.000Z | Check field: pm0=2026-09-11 | Date field: pm0=2026-09-11
2026-09-11 14:12:50,221 - INFO -  - ID: 652388 | Procedure: Questionário da Saúde da Mulher - WHQ	 | Appointment date: 2026-09-11T00:00:00.000Z | Check field: whq0=2026-09-11 | Date field: whq0=2026-09-11
2026-09-11 14:12:50,221 - INFO -  - ID: 652389 | Procedure: Questionário GAD-7 | Appointment date: nan | Check field: gad7_0=N/A | Date field: gad7_0=N/A
2026-09-11 14:12:50,222 - INFO -  - ID: 652390 | Procedure: Questionário PHQ9 | Appointment date: nan | Check field: phq9_0=N/A | Date field: phq9_0=N/A
2026-09-11 14:12:50,223 - INFO -  - ID: 652391 | Procedure: Questionário WPAI | Appointment date: nan | Check field: wpai0=N/A | Date field: wpai0=N/A
2026-09-11 14:12:50,224 - INFO -  - ID: 652392 | Procedure: Questionário Short Form - SF-36 | Appointment date: nan | Check field: None=N/A | Date field: None=N/A
2026-09-11 14:12:50,224 - INFO - DEBUG: Procedure mapping summary:
2026-09-11 14:12:50,225 - INFO -  1. Total procedures in PoloTrial for unique visit: 9
2026-09-11 14:12:50,225 - INFO -  2. Matched with REDCap mapping: 8
2026-09-11 14:12:50,226 - INFO -  3. Unmatched procedures: 1
2026-09-11 14:12:50,226 - WARNING - DEBUG: Unmatched procedures (no mapping found in POLOTRIAL_UNIQUE_EVENT_PROCEDURES_MAP): ['Questionário Short Form - SF-36']
2026-09-11 14:12:50,227 - WARNING -  - 'Questionário Short Form - SF-36'
2026-09-11 14:12:50,230 - INFO - No procedures to sync for pattern: M[oóOÓ]dulo\s+Identifica[cçCÇ][aãAÃ]o\s+da\s+Paciente
2026-09-11 14:12:50,232 - INFO - No procedures to sync for pattern: Consulta\s+M[eéEÉ]dica
2026-09-11 14:12:50,234 - INFO - No procedures to sync for pattern: M[oóOÓ]dulo\s+Sa[uúUÚ]de
2026-09-11 14:12:50,237 - INFO - No procedures to sync for pattern: M[oóOÓ]dulo\s+Menopausa
2026-09-11 14:12:50,239 - INFO - No procedures to sync for pattern: Question[aáAÁ]rio\s+da\s+Sa[uúUÚ]de\s+da\s+Mulher\s+-\s+WHQ
2026-09-11 14:12:50,241 - INFO - No procedures to sync for pattern: Question[aáAÁ]rio\s+Short\s+Form\s+SF-36
2026-09-11 14:12:50,244 - INFO - No date found in REDCap for procedure Questionário PHQ9 (check_field=phq9_0, date_field=phq9_0). Skipping sync.
2026-09-11 14:12:50,246 - INFO - No date found in REDCap for procedure Questionário WPAI (check_field=wpai0, date_field=wpai0). Skipping sync.
2026-09-11 14:12:50,248 - INFO - No date found in REDCap for procedure Questionário GAD-7 (check_field=gad7_0, date_field=gad7_0). Skipping sync.
2026-09-11 14:12:50,249 - INFO - Unique visit procedures synchronization completed. Total procedures synced: 0/9
2026-09-11 14:12:50,249 - INFO - Executor name from REDCap: Eduardo Augusto Rabelo Socca
2026-09-11 14:12:50,696 - INFO - Executor 'Eduardo Augusto Rabelo Socca' (ID: 2761) is already linked to procedure ID: 652384. No action needed.
2026-09-11 14:12:50,697 - INFO - Unique visit synchronization completed for record_id=240-3, event_name=visita_unica_arm_1
2026-09-11 14:12:50,698 - INFO - Successfully dispatched event: record_id=240-3, event_name=visita_unica_arm_1, repeat_instance=None
2026-09-11 14:13:28,376 - INFO - Received webhook from REDCap DET: project_id=68, username=[survey respondent], instrument=modulo_do_participante, record=240-3, redcap_event_name=visita_unica_arm_1, redcap_data_acess_group=, redcap_repeat_instance=None, redcap_repeat_instrument=None, redcap_url=https://svriglobal.org/redcap/, project_url=https://svriglobal.org/redcap/redcap_v17.3.10/index.php?pid=68
2026-09-11 14:13:28,378 - INFO - Dispatch runtime: pid=136344, module=/mnt/c/Users/Science/Documents/Python/integracao_embrace/src/integracao_embrace/dispatch.py, event_name='visita_unica_arm_1', instrument='modulo_do_participante'
2026-09-11 14:13:28,379 - INFO - Dispatching to unique visit handles: visita_unica_arm_1
2026-09-11 14:13:29,029 - INFO - Debug redcap url: https://svriglobal.org/redcap/api/
2026-09-11 14:13:29,030 - INFO - Debug redcaptoken (First 3 chars): E6B...
2026-09-11 14:13:29,030 - INFO - Debug redcap status: 200
2026-09-11 14:13:29,031 - INFO - Debug redcap response (first 30 chars): [{"record":"240-3","redcap_eve
2026-09-11 14:13:29,033 - INFO - REDCap: filtering event=visita_unica_arm_1 by repeat_instance=None; response instances=['', '1']
2026-09-11 14:13:29,034 - INFO - REDCap: exported record 240-3 for event visita_unica_arm_1, repeat_instance=None, with 184 fields from 184 entries
2026-09-11 14:13:29,036 - INFO - Mapped gender:  ➡ None
2026-09-11 14:13:29,036 - INFO - Mapped site: SVRI Clínica Morumbi ➡ 47
2026-09-11 14:13:29,037 - INFO - Volunteer payload prepared: {'nome': '240-3', 'iniciais': 'Larissa Matias ', 'data_nascimento': '1970-10-29', 'sexo': None, 'email': '', 'data_inclusao': '2026-09-11', 'centro': '47', 'contatos': '11111111111'}
2026-09-11 14:13:29,216 - INFO - Volunteer 240-3 already exists in PoloTrial with ID: 3341
2026-09-11 14:13:29,217 - INFO - DEBUG: Searching protocol Embrace for site 47
2026-09-11 14:13:29,621 - INFO - Protocol found: Embrace with ID: 2381 (site=47)
2026-09-11 14:13:29,871 - INFO - DEBUG: Protocol Arm founded for the unique visit: ['Embrace']
2026-09-11 14:13:29,872 - INFO - Arm matched: Embrace with ID: 283
2026-09-11 14:13:30,424 - INFO - Participant found in PoloTrial with ID: 3316
2026-09-11 14:13:51,058 - INFO - Participant visits retrieved: 1, for participant ID: 3316
2026-09-11 14:13:51,059 - INFO - Looking for unique visit with name: Visita única among: ['Visita única']
2026-09-11 14:13:51,060 - INFO - Participant visit found: Visita única with ID: 40710
2026-09-11 14:13:51,239 - INFO - Unique visit already up to date (id=40710).
2026-09-11 14:13:51,469 - INFO - DEBUG: Available procedures in PoloTrial for unique visit: ['Consulta Médica', 'Módulo Saúde', 'Módulo Identificação da Paciente', 'Módulo Menopausa', 'Questionário da Saúde da Mulher - WHQ\t', 'Questionário GAD-7', 'Questionário PHQ9', 'Questionário WPAI', 'Questionário Short Form - SF-36']
2026-09-11 14:13:51,470 - INFO -  - ID: 652384 | Procedure: Consulta Médica | Appointment date: 2026-09-11T00:00:00.000Z | Check field: cm_atendimento_dt=2026-09-11 | Date field: cm_atendimento_dt=2026-09-11
2026-09-11 14:13:51,471 - INFO -  - ID: 652385 | Procedure: Módulo Saúde | Appointment date: 2026-09-11T00:00:00.000Z | Check field: s0=2026-09-11 | Date field: s0=2026-09-11
2026-09-11 14:13:51,471 - INFO -  - ID: 652386 | Procedure: Módulo Identificação da Paciente | Appointment date: 2026-09-11T00:00:00.000Z | Check field: idp3=240-3 | Date field: idp4=2026-09-11
2026-09-11 14:13:51,472 - INFO -  - ID: 652387 | Procedure: Módulo Menopausa | Appointment date: 2026-09-11T00:00:00.000Z | Check field: pm0=2026-09-11 | Date field: pm0=2026-09-11
2026-09-11 14:13:51,473 - INFO -  - ID: 652388 | Procedure: Questionário da Saúde da Mulher - WHQ	 | Appointment date: 2026-09-11T00:00:00.000Z | Check field: whq0=2026-09-11 | Date field: whq0=2026-09-11
2026-09-11 14:13:51,474 - INFO -  - ID: 652389 | Procedure: Questionário GAD-7 | Appointment date: nan | Check field: gad7_0=N/A | Date field: gad7_0=N/A
2026-09-11 14:13:51,475 - INFO -  - ID: 652390 | Procedure: Questionário PHQ9 | Appointment date: nan | Check field: phq9_0=N/A | Date field: phq9_0=N/A
2026-09-11 14:13:51,475 - INFO -  - ID: 652391 | Procedure: Questionário WPAI | Appointment date: nan | Check field: wpai0=N/A | Date field: wpai0=N/A
2026-09-11 14:13:51,476 - INFO -  - ID: 652392 | Procedure: Questionário Short Form - SF-36 | Appointment date: nan | Check field: None=N/A | Date field: None=N/A
2026-09-11 14:13:51,477 - INFO - DEBUG: Procedure mapping summary:
2026-09-11 14:13:51,477 - INFO -  1. Total procedures in PoloTrial for unique visit: 9
2026-09-11 14:13:51,478 - INFO -  2. Matched with REDCap mapping: 8
2026-09-11 14:13:51,479 - INFO -  3. Unmatched procedures: 1
2026-09-11 14:13:51,479 - WARNING - DEBUG: Unmatched procedures (no mapping found in POLOTRIAL_UNIQUE_EVENT_PROCEDURES_MAP): ['Questionário Short Form - SF-36']
2026-09-11 14:13:51,480 - WARNING -  - 'Questionário Short Form - SF-36'
2026-09-11 14:13:51,482 - INFO - No procedures to sync for pattern: M[oóOÓ]dulo\s+Identifica[cçCÇ][aãAÃ]o\s+da\s+Paciente
2026-09-11 14:13:51,485 - INFO - No procedures to sync for pattern: Consulta\s+M[eéEÉ]dica
2026-09-11 14:13:51,487 - INFO - No procedures to sync for pattern: M[oóOÓ]dulo\s+Sa[uúUÚ]de
2026-09-11 14:13:51,489 - INFO - No procedures to sync for pattern: M[oóOÓ]dulo\s+Menopausa
2026-09-11 14:13:51,491 - INFO - No procedures to sync for pattern: Question[aáAÁ]rio\s+da\s+Sa[uúUÚ]de\s+da\s+Mulher\s+-\s+WHQ
2026-09-11 14:13:51,493 - INFO - No procedures to sync for pattern: Question[aáAÁ]rio\s+Short\s+Form\s+SF-36
2026-09-11 14:13:51,496 - INFO - No date found in REDCap for procedure Questionário PHQ9 (check_field=phq9_0, date_field=phq9_0). Skipping sync.
2026-09-11 14:13:51,500 - INFO - No date found in REDCap for procedure Questionário WPAI (check_field=wpai0, date_field=wpai0). Skipping sync.
2026-09-11 14:13:51,504 - INFO - No date found in REDCap for procedure Questionário GAD-7 (check_field=gad7_0, date_field=gad7_0). Skipping sync.
2026-09-11 14:13:51,505 - INFO - Unique visit procedures synchronization completed. Total procedures synced: 0/9
2026-09-11 14:13:51,506 - INFO - Executor name from REDCap: Eduardo Augusto Rabelo Socca
2026-09-11 14:13:55,616 - INFO - Executor 'Eduardo Augusto Rabelo Socca' (ID: 2761) is already linked to procedure ID: 652384. No action needed.
2026-09-11 14:13:55,617 - INFO - Unique visit synchronization completed for record_id=240-3, event_name=visita_unica_arm_1
2026-09-11 14:13:55,619 - INFO - Successfully dispatched event: record_id=240-3, event_name=visita_unica_arm_1, repeat_instance=None
2026-09-11 14:15:06,905 - INFO - Received webhook from REDCap DET: project_id=68, username=[survey respondent], instrument=modulo_do_participante, record=240-3, redcap_event_name=visita_unica_arm_1, redcap_data_acess_group=, redcap_repeat_instance=None, redcap_repeat_instrument=None, redcap_url=https://svriglobal.org/redcap/, project_url=https://svriglobal.org/redcap/redcap_v17.3.10/index.php?pid=68
2026-09-11 14:15:06,910 - INFO - Dispatch runtime: pid=136344, module=/mnt/c/Users/Science/Documents/Python/integracao_embrace/src/integracao_embrace/dispatch.py, event_name='visita_unica_arm_1', instrument='modulo_do_participante'
2026-09-11 14:15:06,911 - INFO - Dispatching to unique visit handles: visita_unica_arm_1
2026-09-11 14:15:07,572 - INFO - Debug redcap url: https://svriglobal.org/redcap/api/
2026-09-11 14:15:07,573 - INFO - Debug redcaptoken (First 3 chars): E6B...
2026-09-11 14:15:07,574 - INFO - Debug redcap status: 200
2026-09-11 14:15:07,574 - INFO - Debug redcap response (first 30 chars): [{"record":"240-3","redcap_eve
2026-09-11 14:15:07,576 - INFO - REDCap: filtering event=visita_unica_arm_1 by repeat_instance=None; response instances=['', '1']
2026-09-11 14:15:07,577 - INFO - REDCap: exported record 240-3 for event visita_unica_arm_1, repeat_instance=None, with 184 fields from 184 entries
2026-09-11 14:15:07,578 - INFO - Mapped gender:  ➡ None
2026-09-11 14:15:07,578 - INFO - Mapped site: SVRI Clínica Morumbi ➡ 47
2026-09-11 14:15:07,579 - INFO - Volunteer payload prepared: {'nome': '240-3', 'iniciais': 'Larissa Matias ', 'data_nascimento': '1970-10-29', 'sexo': None, 'email': '', 'data_inclusao': '2026-09-11', 'centro': '47', 'contatos': '11111111111'}
2026-09-11 14:15:07,766 - INFO - Volunteer 240-3 already exists in PoloTrial with ID: 3341
2026-09-11 14:15:07,767 - INFO - DEBUG: Searching protocol Embrace for site 47
2026-09-11 14:15:08,322 - INFO - Protocol found: Embrace with ID: 2381 (site=47)
2026-09-11 14:15:08,543 - INFO - DEBUG: Protocol Arm founded for the unique visit: ['Embrace']
2026-09-11 14:15:08,543 - INFO - Arm matched: Embrace with ID: 283
2026-09-11 14:15:09,116 - INFO - Participant found in PoloTrial with ID: 3316
2026-09-11 14:15:29,744 - INFO - Participant visits retrieved: 1, for participant ID: 3316
2026-09-11 14:15:29,746 - INFO - Looking for unique visit with name: Visita única among: ['Visita única']
2026-09-11 14:15:29,749 - INFO - Participant visit found: Visita única with ID: 40710
2026-09-11 14:15:29,935 - INFO - Unique visit already up to date (id=40710).
2026-09-11 14:15:30,162 - INFO - DEBUG: Available procedures in PoloTrial for unique visit: ['Consulta Médica', 'Módulo Saúde', 'Módulo Identificação da Paciente', 'Módulo Menopausa', 'Questionário da Saúde da Mulher - WHQ\t', 'Questionário GAD-7', 'Questionário PHQ9', 'Questionário WPAI', 'Questionário Short Form - SF-36']
2026-09-11 14:15:30,165 - INFO -  - ID: 652384 | Procedure: Consulta Médica | Appointment date: 2026-09-11T00:00:00.000Z | Check field: cm_atendimento_dt=2026-09-11 | Date field: cm_atendimento_dt=2026-09-11
2026-09-11 14:15:30,167 - INFO -  - ID: 652385 | Procedure: Módulo Saúde | Appointment date: 2026-09-11T00:00:00.000Z | Check field: s0=2026-09-11 | Date field: s0=2026-09-11
2026-09-11 14:15:30,168 - INFO -  - ID: 652386 | Procedure: Módulo Identificação da Paciente | Appointment date: 2026-09-11T00:00:00.000Z | Check field: idp3=240-3 | Date field: idp4=2026-09-11
2026-09-11 14:15:30,170 - INFO -  - ID: 652387 | Procedure: Módulo Menopausa | Appointment date: 2026-09-11T00:00:00.000Z | Check field: pm0=2026-09-11 | Date field: pm0=2026-09-11
2026-09-11 14:15:30,171 - INFO -  - ID: 652388 | Procedure: Questionário da Saúde da Mulher - WHQ	 | Appointment date: 2026-09-11T00:00:00.000Z | Check field: whq0=2026-09-11 | Date field: whq0=2026-09-11
2026-09-11 14:15:30,172 - INFO -  - ID: 652389 | Procedure: Questionário GAD-7 | Appointment date: nan | Check field: gad7_0=N/A | Date field: gad7_0=N/A
2026-09-11 14:15:30,175 - INFO -  - ID: 652390 | Procedure: Questionário PHQ9 | Appointment date: nan | Check field: phq9_0=N/A | Date field: phq9_0=N/A
2026-09-11 14:15:30,176 - INFO -  - ID: 652391 | Procedure: Questionário WPAI | Appointment date: nan | Check field: wpai0=N/A | Date field: wpai0=N/A
2026-09-11 14:15:30,178 - INFO -  - ID: 652392 | Procedure: Questionário Short Form - SF-36 | Appointment date: nan | Check field: None=N/A | Date field: None=N/A
2026-09-11 14:15:30,179 - INFO - DEBUG: Procedure mapping summary:
2026-09-11 14:15:30,180 - INFO -  1. Total procedures in PoloTrial for unique visit: 9
2026-09-11 14:15:30,181 - INFO -  2. Matched with REDCap mapping: 8
2026-09-11 14:15:30,182 - INFO -  3. Unmatched procedures: 1
2026-09-11 14:15:30,184 - WARNING - DEBUG: Unmatched procedures (no mapping found in POLOTRIAL_UNIQUE_EVENT_PROCEDURES_MAP): ['Questionário Short Form - SF-36']
2026-09-11 14:15:30,185 - WARNING -  - 'Questionário Short Form - SF-36'
2026-09-11 14:15:30,189 - INFO - No procedures to sync for pattern: M[oóOÓ]dulo\s+Identifica[cçCÇ][aãAÃ]o\s+da\s+Paciente
2026-09-11 14:15:30,201 - INFO - No procedures to sync for pattern: Consulta\s+M[eéEÉ]dica
2026-09-11 14:15:30,204 - INFO - No procedures to sync for pattern: M[oóOÓ]dulo\s+Sa[uúUÚ]de
2026-09-11 14:15:30,209 - INFO - No procedures to sync for pattern: M[oóOÓ]dulo\s+Menopausa
2026-09-11 14:15:30,220 - INFO - No procedures to sync for pattern: Question[aáAÁ]rio\s+da\s+Sa[uúUÚ]de\s+da\s+Mulher\s+-\s+WHQ
2026-09-11 14:15:30,225 - INFO - No procedures to sync for pattern: Question[aáAÁ]rio\s+Short\s+Form\s+SF-36
2026-09-11 14:15:30,239 - INFO - No date found in REDCap for procedure Questionário PHQ9 (check_field=phq9_0, date_field=phq9_0). Skipping sync.
2026-09-11 14:15:30,244 - INFO - No date found in REDCap for procedure Questionário WPAI (check_field=wpai0, date_field=wpai0). Skipping sync.
2026-09-11 14:15:30,256 - INFO - No date found in REDCap for procedure Questionário GAD-7 (check_field=gad7_0, date_field=gad7_0). Skipping sync.
2026-09-11 14:15:30,257 - INFO - Unique visit procedures synchronization completed. Total procedures synced: 0/9
2026-09-11 14:15:30,258 - INFO - Executor name from REDCap: Eduardo Augusto Rabelo Socca
2026-09-11 14:15:30,700 - INFO - Executor 'Eduardo Augusto Rabelo Socca' (ID: 2761) is already linked to procedure ID: 652384. No action needed.
2026-09-11 14:15:30,701 - INFO - Unique visit synchronization completed for record_id=240-3, event_name=visita_unica_arm_1
2026-09-11 14:15:30,702 - INFO - Successfully dispatched event: record_id=240-3, event_name=visita_unica_arm_1, repeat_instance=None
2026-09-11 14:16:01,856 - INFO - Received webhook from REDCap DET: project_id=68, username=[survey respondent], instrument=modulo_do_participante, record=240-3, redcap_event_name=visita_unica_arm_1, redcap_data_acess_group=, redcap_repeat_instance=None, redcap_repeat_instrument=None, redcap_url=https://svriglobal.org/redcap/, project_url=https://svriglobal.org/redcap/redcap_v17.3.10/index.php?pid=68
2026-09-11 14:16:01,859 - INFO - Dispatch runtime: pid=136344, module=/mnt/c/Users/Science/Documents/Python/integracao_embrace/src/integracao_embrace/dispatch.py, event_name='visita_unica_arm_1', instrument='modulo_do_participante'
2026-09-11 14:16:01,860 - INFO - Dispatching to unique visit handles: visita_unica_arm_1
2026-09-11 14:16:02,498 - INFO - Debug redcap url: https://svriglobal.org/redcap/api/
2026-09-11 14:16:02,499 - INFO - Debug redcaptoken (First 3 chars): E6B...
2026-09-11 14:16:02,500 - INFO - Debug redcap status: 200
2026-09-11 14:16:02,501 - INFO - Debug redcap response (first 30 chars): [{"record":"240-3","redcap_eve
2026-09-11 14:16:02,504 - INFO - REDCap: filtering event=visita_unica_arm_1 by repeat_instance=None; response instances=['', '1']
2026-09-11 14:16:02,505 - INFO - REDCap: exported record 240-3 for event visita_unica_arm_1, repeat_instance=None, with 187 fields from 187 entries
2026-09-11 14:16:02,506 - INFO - Mapped gender:  ➡ None
2026-09-11 14:16:02,506 - INFO - Mapped site: SVRI Clínica Morumbi ➡ 47
2026-09-11 14:16:02,507 - INFO - Volunteer payload prepared: {'nome': '240-3', 'iniciais': 'Larissa Matias ', 'data_nascimento': '1970-10-29', 'sexo': None, 'email': '', 'data_inclusao': '2026-09-11', 'centro': '47', 'contatos': '11111111111'}
2026-09-11 14:16:02,745 - INFO - Volunteer 240-3 already exists in PoloTrial with ID: 3341
2026-09-11 14:16:02,745 - INFO - DEBUG: Searching protocol Embrace for site 47
2026-09-11 14:16:03,172 - INFO - Protocol found: Embrace with ID: 2381 (site=47)
2026-09-11 14:16:03,419 - INFO - DEBUG: Protocol Arm founded for the unique visit: ['Embrace']
2026-09-11 14:16:03,420 - INFO - Arm matched: Embrace with ID: 283
2026-09-11 14:16:03,917 - INFO - Participant found in PoloTrial with ID: 3316
2026-09-11 14:16:20,388 - INFO - Received webhook from REDCap DET: project_id=68, username=[survey respondent], instrument=modulo_do_participante, record=240-3, redcap_event_name=visita_unica_arm_1, redcap_data_acess_group=, redcap_repeat_instance=None, redcap_repeat_instrument=None, redcap_url=https://svriglobal.org/redcap/, project_url=https://svriglobal.org/redcap/redcap_v17.3.10/index.php?pid=68
2026-09-11 14:16:20,396 - INFO - Dispatch runtime: pid=136344, module=/mnt/c/Users/Science/Documents/Python/integracao_embrace/src/integracao_embrace/dispatch.py, event_name='visita_unica_arm_1', instrument='modulo_do_participante'
2026-09-11 14:16:20,397 - INFO - Dispatching to unique visit handles: visita_unica_arm_1
2026-09-11 14:16:21,035 - INFO - Debug redcap url: https://svriglobal.org/redcap/api/
2026-09-11 14:16:21,036 - INFO - Debug redcaptoken (First 3 chars): E6B...
2026-09-11 14:16:21,037 - INFO - Debug redcap status: 200
2026-09-11 14:16:21,037 - INFO - Debug redcap response (first 30 chars): [{"record":"240-3","redcap_eve
2026-09-11 14:16:21,039 - INFO - REDCap: filtering event=visita_unica_arm_1 by repeat_instance=None; response instances=['', '1']
2026-09-11 14:16:21,040 - INFO - REDCap: exported record 240-3 for event visita_unica_arm_1, repeat_instance=None, with 197 fields from 197 entries
2026-09-11 14:16:21,041 - INFO - Mapped gender:  ➡ None
2026-09-11 14:16:21,041 - INFO - Mapped site: SVRI Clínica Morumbi ➡ 47
2026-09-11 14:16:21,042 - INFO - Volunteer payload prepared: {'nome': '240-3', 'iniciais': 'Larissa Matias ', 'data_nascimento': '1970-10-29', 'sexo': None, 'email': '', 'data_inclusao': '2026-09-11', 'centro': '47', 'contatos': '11111111111'}
2026-09-11 14:16:21,230 - INFO - Volunteer 240-3 already exists in PoloTrial with ID: 3341
2026-09-11 14:16:21,231 - INFO - DEBUG: Searching protocol Embrace for site 47
2026-09-11 14:16:21,613 - INFO - Protocol found: Embrace with ID: 2381 (site=47)
2026-09-11 14:16:21,809 - INFO - DEBUG: Protocol Arm founded for the unique visit: ['Embrace']
2026-09-11 14:16:21,810 - INFO - Arm matched: Embrace with ID: 283
2026-09-11 14:16:22,411 - INFO - Participant found in PoloTrial with ID: 3316
2026-09-11 14:16:27,447 - INFO - Received webhook from REDCap DET: project_id=68, username=[survey respondent], instrument=modulo_do_participante, record=240-3, redcap_event_name=visita_unica_arm_1, redcap_data_acess_group=, redcap_repeat_instance=None, redcap_repeat_instrument=None, redcap_url=https://svriglobal.org/redcap/, project_url=https://svriglobal.org/redcap/redcap_v17.3.10/index.php?pid=68
2026-09-11 14:16:27,450 - INFO - Dispatch runtime: pid=136344, module=/mnt/c/Users/Science/Documents/Python/integracao_embrace/src/integracao_embrace/dispatch.py, event_name='visita_unica_arm_1', instrument='modulo_do_participante'
2026-09-11 14:16:27,451 - INFO - Dispatching to unique visit handles: visita_unica_arm_1
2026-09-11 14:16:28,098 - INFO - Participant visits retrieved: 1, for participant ID: 3316
2026-09-11 14:16:28,099 - INFO - Looking for unique visit with name: Visita única among: ['Visita única']
2026-09-11 14:16:28,100 - INFO - Participant visit found: Visita única with ID: 40710
2026-09-11 14:16:28,119 - INFO - Debug redcap url: https://svriglobal.org/redcap/api/
2026-09-11 14:16:28,122 - INFO - Debug redcaptoken (First 3 chars): E6B...
2026-09-11 14:16:28,123 - INFO - Debug redcap status: 200
2026-09-11 14:16:28,124 - INFO - Debug redcap response (first 30 chars): [{"record":"240-3","redcap_eve
2026-09-11 14:16:28,126 - INFO - REDCap: filtering event=visita_unica_arm_1 by repeat_instance=None; response instances=['', '1']
2026-09-11 14:16:28,129 - INFO - REDCap: exported record 240-3 for event visita_unica_arm_1, repeat_instance=None, with 201 fields from 201 entries
2026-09-11 14:16:28,130 - INFO - Mapped gender:  ➡ None
2026-09-11 14:16:28,131 - INFO - Mapped site: SVRI Clínica Morumbi ➡ 47
2026-09-11 14:16:28,132 - INFO - Volunteer payload prepared: {'nome': '240-3', 'iniciais': 'Larissa Matias ', 'data_nascimento': '1970-10-29', 'sexo': None, 'email': '', 'data_inclusao': '2026-09-11', 'centro': '47', 'contatos': '11111111111'}
2026-09-11 14:16:28,262 - INFO - Unique visit already up to date (id=40710).
2026-09-11 14:16:28,554 - INFO - DEBUG: Available procedures in PoloTrial for unique visit: ['Consulta Médica', 'Módulo Saúde', 'Módulo Identificação da Paciente', 'Módulo Menopausa', 'Questionário da Saúde da Mulher - WHQ\t', 'Questionário GAD-7', 'Questionário PHQ9', 'Questionário WPAI', 'Questionário Short Form - SF-36']
2026-09-11 14:16:28,556 - INFO -  - ID: 652384 | Procedure: Consulta Médica | Appointment date: 2026-09-11T00:00:00.000Z | Check field: cm_atendimento_dt=2026-09-11 | Date field: cm_atendimento_dt=2026-09-11
2026-09-11 14:16:28,557 - INFO -  - ID: 652385 | Procedure: Módulo Saúde | Appointment date: 2026-09-11T00:00:00.000Z | Check field: s0=2026-09-11 | Date field: s0=2026-09-11
2026-09-11 14:16:28,559 - INFO -  - ID: 652386 | Procedure: Módulo Identificação da Paciente | Appointment date: 2026-09-11T00:00:00.000Z | Check field: idp3=240-3 | Date field: idp4=2026-09-11
2026-09-11 14:16:28,561 - INFO -  - ID: 652387 | Procedure: Módulo Menopausa | Appointment date: 2026-09-11T00:00:00.000Z | Check field: pm0=2026-09-11 | Date field: pm0=2026-09-11
2026-09-11 14:16:28,562 - INFO -  - ID: 652388 | Procedure: Questionário da Saúde da Mulher - WHQ	 | Appointment date: 2026-09-11T00:00:00.000Z | Check field: whq0=2026-09-11 | Date field: whq0=2026-09-11
2026-09-11 14:16:28,563 - INFO -  - ID: 652389 | Procedure: Questionário GAD-7 | Appointment date: nan | Check field: gad7_0=N/A | Date field: gad7_0=N/A
2026-09-11 14:16:28,564 - INFO -  - ID: 652390 | Procedure: Questionário PHQ9 | Appointment date: nan | Check field: phq9_0=N/A | Date field: phq9_0=N/A
2026-09-11 14:16:28,567 - INFO - Volunteer 240-3 already exists in PoloTrial with ID: 3341
2026-09-11 14:16:28,567 - INFO -  - ID: 652391 | Procedure: Questionário WPAI | Appointment date: nan | Check field: wpai0=N/A | Date field: wpai0=N/A
2026-09-11 14:16:28,568 - INFO - DEBUG: Searching protocol Embrace for site 47
2026-09-11 14:16:28,570 - INFO -  - ID: 652392 | Procedure: Questionário Short Form - SF-36 | Appointment date: nan | Check field: None=N/A | Date field: None=N/A
2026-09-11 14:16:28,573 - INFO - DEBUG: Procedure mapping summary:
2026-09-11 14:16:28,574 - INFO -  1. Total procedures in PoloTrial for unique visit: 9
2026-09-11 14:16:28,575 - INFO -  2. Matched with REDCap mapping: 8
2026-09-11 14:16:28,577 - INFO -  3. Unmatched procedures: 1
2026-09-11 14:16:28,578 - WARNING - DEBUG: Unmatched procedures (no mapping found in POLOTRIAL_UNIQUE_EVENT_PROCEDURES_MAP): ['Questionário Short Form - SF-36']
2026-09-11 14:16:28,579 - WARNING -  - 'Questionário Short Form - SF-36'
2026-09-11 14:16:28,584 - INFO - No procedures to sync for pattern: M[oóOÓ]dulo\s+Identifica[cçCÇ][aãAÃ]o\s+da\s+Paciente
2026-09-11 14:16:28,587 - INFO - No procedures to sync for pattern: Consulta\s+M[eéEÉ]dica
2026-09-11 14:16:28,593 - INFO - No procedures to sync for pattern: M[oóOÓ]dulo\s+Sa[uúUÚ]de
2026-09-11 14:16:28,597 - INFO - No procedures to sync for pattern: M[oóOÓ]dulo\s+Menopausa
2026-09-11 14:16:28,599 - INFO - No procedures to sync for pattern: Question[aáAÁ]rio\s+da\s+Sa[uúUÚ]de\s+da\s+Mulher\s+-\s+WHQ
2026-09-11 14:16:28,602 - INFO - No procedures to sync for pattern: Question[aáAÁ]rio\s+Short\s+Form\s+SF-36
2026-09-11 14:16:28,608 - INFO - No date found in REDCap for procedure Questionário PHQ9 (check_field=phq9_0, date_field=phq9_0). Skipping sync.
2026-09-11 14:16:28,613 - INFO - No date found in REDCap for procedure Questionário WPAI (check_field=wpai0, date_field=wpai0). Skipping sync.
2026-09-11 14:16:28,616 - INFO - No date found in REDCap for procedure Questionário GAD-7 (check_field=gad7_0, date_field=gad7_0). Skipping sync.
2026-09-11 14:16:28,617 - INFO - Unique visit procedures synchronization completed. Total procedures synced: 0/9
2026-09-11 14:16:28,618 - INFO - Executor name from REDCap: Eduardo Augusto Rabelo Socca
2026-09-11 14:16:28,965 - INFO - Protocol found: Embrace with ID: 2381 (site=47)
2026-09-11 14:16:29,080 - INFO - Executor 'Eduardo Augusto Rabelo Socca' (ID: 2761) is already linked to procedure ID: 652384. No action needed.
2026-09-11 14:16:29,081 - INFO - Unique visit synchronization completed for record_id=240-3, event_name=visita_unica_arm_1
2026-09-11 14:16:29,082 - INFO - Successfully dispatched event: record_id=240-3, event_name=visita_unica_arm_1, repeat_instance=None
2026-09-11 14:16:36,635 - INFO - DEBUG: Protocol Arm founded for the unique visit: ['Embrace']
2026-09-11 14:16:36,638 - INFO - Arm matched: Embrace with ID: 283
2026-09-11 14:16:36,969 - INFO - Received webhook from REDCap DET: project_id=68, username=[survey respondent], instrument=modulo_do_participante, record=240-3, redcap_event_name=visita_unica_arm_1, redcap_data_acess_group=, redcap_repeat_instance=None, redcap_repeat_instrument=None, redcap_url=https://svriglobal.org/redcap/, project_url=https://svriglobal.org/redcap/redcap_v17.3.10/index.php?pid=68
2026-09-11 14:16:36,971 - INFO - Dispatch runtime: pid=136344, module=/mnt/c/Users/Science/Documents/Python/integracao_embrace/src/integracao_embrace/dispatch.py, event_name='visita_unica_arm_1', instrument='modulo_do_participante'
2026-09-11 14:16:36,975 - INFO - Dispatching to unique visit handles: visita_unica_arm_1
2026-09-11 14:16:37,633 - INFO - Debug redcap url: https://svriglobal.org/redcap/api/
2026-09-11 14:16:37,635 - INFO - Debug redcaptoken (First 3 chars): E6B...
2026-09-11 14:16:37,636 - INFO - Debug redcap status: 200
2026-09-11 14:16:37,637 - INFO - Debug redcap response (first 30 chars): [{"record":"240-3","redcap_eve
2026-09-11 14:16:37,639 - INFO - REDCap: filtering event=visita_unica_arm_1 by repeat_instance=None; response instances=['', '1']
2026-09-11 14:16:37,640 - INFO - REDCap: exported record 240-3 for event visita_unica_arm_1, repeat_instance=None, with 207 fields from 207 entries
2026-09-11 14:16:37,641 - INFO - Mapped gender:  ➡ None
2026-09-11 14:16:37,642 - INFO - Mapped site: SVRI Clínica Morumbi ➡ 47
2026-09-11 14:16:37,642 - INFO - Volunteer payload prepared: {'nome': '240-3', 'iniciais': 'Larissa Matias ', 'data_nascimento': '1970-10-29', 'sexo': None, 'email': '', 'data_inclusao': '2026-09-11', 'centro': '47', 'contatos': '11111111111'}
2026-09-11 14:16:37,826 - INFO - Volunteer 240-3 already exists in PoloTrial with ID: 3341
2026-09-11 14:16:37,827 - INFO - DEBUG: Searching protocol Embrace for site 47
2026-09-11 14:16:38,207 - INFO - Protocol found: Embrace with ID: 2381 (site=47)
2026-09-11 14:16:38,412 - INFO - DEBUG: Protocol Arm founded for the unique visit: ['Embrace']
2026-09-11 14:16:38,412 - INFO - Arm matched: Embrace with ID: 283
2026-09-11 14:16:38,985 - INFO - Participant found in PoloTrial with ID: 3316
2026-09-11 14:16:39,723 - INFO - Participant found in PoloTrial with ID: 3316
2026-09-11 14:16:43,259 - INFO - Participant visits retrieved: 1, for participant ID: 3316
2026-09-11 14:16:43,260 - INFO - Looking for unique visit with name: Visita única among: ['Visita única']
2026-09-11 14:16:43,260 - INFO - Participant visit found: Visita única with ID: 40710
2026-09-11 14:16:43,584 - INFO - Unique visit already up to date (id=40710).
2026-09-11 14:16:44,046 - INFO - DEBUG: Available procedures in PoloTrial for unique visit: ['Consulta Médica', 'Módulo Saúde', 'Módulo Identificação da Paciente', 'Módulo Menopausa', 'Questionário da Saúde da Mulher - WHQ\t', 'Questionário GAD-7', 'Questionário PHQ9', 'Questionário WPAI', 'Questionário Short Form - SF-36']
2026-09-11 14:16:44,048 - INFO -  - ID: 652384 | Procedure: Consulta Médica | Appointment date: 2026-09-11T00:00:00.000Z | Check field: cm_atendimento_dt=2026-09-11 | Date field: cm_atendimento_dt=2026-09-11
2026-09-11 14:16:44,049 - INFO -  - ID: 652385 | Procedure: Módulo Saúde | Appointment date: 2026-09-11T00:00:00.000Z | Check field: s0=2026-09-11 | Date field: s0=2026-09-11
2026-09-11 14:16:44,051 - INFO -  - ID: 652386 | Procedure: Módulo Identificação da Paciente | Appointment date: 2026-09-11T00:00:00.000Z | Check field: idp3=240-3 | Date field: idp4=2026-09-11
2026-09-11 14:16:44,053 - INFO -  - ID: 652387 | Procedure: Módulo Menopausa | Appointment date: 2026-09-11T00:00:00.000Z | Check field: pm0=2026-09-11 | Date field: pm0=2026-09-11
2026-09-11 14:16:44,054 - INFO -  - ID: 652388 | Procedure: Questionário da Saúde da Mulher - WHQ	 | Appointment date: 2026-09-11T00:00:00.000Z | Check field: whq0=2026-09-11 | Date field: whq0=2026-09-11
2026-09-11 14:16:44,055 - INFO -  - ID: 652389 | Procedure: Questionário GAD-7 | Appointment date: nan | Check field: gad7_0=N/A | Date field: gad7_0=N/A
2026-09-11 14:16:44,056 - INFO -  - ID: 652390 | Procedure: Questionário PHQ9 | Appointment date: nan | Check field: phq9_0=N/A | Date field: phq9_0=N/A
2026-09-11 14:16:44,057 - INFO -  - ID: 652391 | Procedure: Questionário WPAI | Appointment date: nan | Check field: wpai0=N/A | Date field: wpai0=N/A
2026-09-11 14:16:44,058 - INFO -  - ID: 652392 | Procedure: Questionário Short Form - SF-36 | Appointment date: nan | Check field: None=N/A | Date field: None=N/A
2026-09-11 14:16:44,059 - INFO - DEBUG: Procedure mapping summary:
2026-09-11 14:16:44,059 - INFO -  1. Total procedures in PoloTrial for unique visit: 9
2026-09-11 14:16:44,060 - INFO -  2. Matched with REDCap mapping: 8
2026-09-11 14:16:44,060 - INFO -  3. Unmatched procedures: 1
2026-09-11 14:16:44,061 - WARNING - DEBUG: Unmatched procedures (no mapping found in POLOTRIAL_UNIQUE_EVENT_PROCEDURES_MAP): ['Questionário Short Form - SF-36']
2026-09-11 14:16:44,062 - WARNING -  - 'Questionário Short Form - SF-36'
2026-09-11 14:16:44,066 - INFO - No procedures to sync for pattern: M[oóOÓ]dulo\s+Identifica[cçCÇ][aãAÃ]o\s+da\s+Paciente
2026-09-11 14:16:44,070 - INFO - No procedures to sync for pattern: Consulta\s+M[eéEÉ]dica
2026-09-11 14:16:44,073 - INFO - No procedures to sync for pattern: M[oóOÓ]dulo\s+Sa[uúUÚ]de
2026-09-11 14:16:44,075 - INFO - No procedures to sync for pattern: M[oóOÓ]dulo\s+Menopausa
2026-09-11 14:16:44,078 - INFO - No procedures to sync for pattern: Question[aáAÁ]rio\s+da\s+Sa[uúUÚ]de\s+da\s+Mulher\s+-\s+WHQ
2026-09-11 14:16:44,084 - INFO - No procedures to sync for pattern: Question[aáAÁ]rio\s+Short\s+Form\s+SF-36
2026-09-11 14:16:44,089 - INFO - No date found in REDCap for procedure Questionário PHQ9 (check_field=phq9_0, date_field=phq9_0). Skipping sync.
2026-09-11 14:16:44,092 - INFO - No date found in REDCap for procedure Questionário WPAI (check_field=wpai0, date_field=wpai0). Skipping sync.
2026-09-11 14:16:44,095 - INFO - No date found in REDCap for procedure Questionário GAD-7 (check_field=gad7_0, date_field=gad7_0). Skipping sync.
2026-09-11 14:16:44,096 - INFO - Unique visit procedures synchronization completed. Total procedures synced: 0/9
2026-09-11 14:16:44,097 - INFO - Executor name from REDCap: Eduardo Augusto Rabelo Socca
2026-09-11 14:16:45,103 - INFO - Executor 'Eduardo Augusto Rabelo Socca' (ID: 2761) is already linked to procedure ID: 652384. No action needed.
2026-09-11 14:16:45,104 - INFO - Unique visit synchronization completed for record_id=240-3, event_name=visita_unica_arm_1
2026-09-11 14:16:45,105 - INFO - Successfully dispatched event: record_id=240-3, event_name=visita_unica_arm_1, repeat_instance=None
2026-09-11 14:16:49,537 - INFO - Received webhook from REDCap DET: project_id=68, username=[survey respondent], instrument=modulo_do_participante, record=240-3, redcap_event_name=visita_unica_arm_1, redcap_data_acess_group=, redcap_repeat_instance=None, redcap_repeat_instrument=None, redcap_url=https://svriglobal.org/redcap/, project_url=https://svriglobal.org/redcap/redcap_v17.3.10/index.php?pid=68
2026-09-11 14:16:49,540 - INFO - Dispatch runtime: pid=136344, module=/mnt/c/Users/Science/Documents/Python/integracao_embrace/src/integracao_embrace/dispatch.py, event_name='visita_unica_arm_1', instrument='modulo_do_participante'
2026-09-11 14:16:49,541 - INFO - Dispatching to unique visit handles: visita_unica_arm_1
2026-09-11 14:16:50,232 - INFO - Debug redcap url: https://svriglobal.org/redcap/api/
2026-09-11 14:16:50,233 - INFO - Debug redcaptoken (First 3 chars): E6B...
2026-09-11 14:16:50,233 - INFO - Debug redcap status: 200
2026-09-11 14:16:50,234 - INFO - Debug redcap response (first 30 chars): [{"record":"240-3","redcap_eve
2026-09-11 14:16:50,236 - INFO - REDCap: filtering event=visita_unica_arm_1 by repeat_instance=None; response instances=['', '1']
2026-09-11 14:16:50,238 - INFO - REDCap: exported record 240-3 for event visita_unica_arm_1, repeat_instance=None, with 217 fields from 217 entries
2026-09-11 14:16:50,239 - INFO - Mapped gender:  ➡ None
2026-09-11 14:16:50,239 - INFO - Mapped site: SVRI Clínica Morumbi ➡ 47
2026-09-11 14:16:50,240 - INFO - Volunteer payload prepared: {'nome': '240-3', 'iniciais': 'Larissa Matias ', 'data_nascimento': '1970-10-29', 'sexo': None, 'email': '', 'data_inclusao': '2026-09-11', 'centro': '47', 'contatos': '11111111111'}
2026-09-11 14:16:50,434 - INFO - Volunteer 240-3 already exists in PoloTrial with ID: 3341
2026-09-11 14:16:50,434 - INFO - DEBUG: Searching protocol Embrace for site 47
2026-09-11 14:16:54,451 - INFO - Protocol found: Embrace with ID: 2381 (site=47)
2026-09-11 14:16:54,701 - INFO - DEBUG: Protocol Arm founded for the unique visit: ['Embrace']
2026-09-11 14:16:54,702 - INFO - Arm matched: Embrace with ID: 283
2026-09-11 14:16:55,289 - INFO - Participant found in PoloTrial with ID: 3316
2026-09-11 14:16:58,207 - INFO - Received webhook from REDCap DET: project_id=68, username=[survey respondent], instrument=modulo_do_participante, record=240-3, redcap_event_name=visita_unica_arm_1, redcap_data_acess_group=, redcap_repeat_instance=None, redcap_repeat_instrument=None, redcap_url=https://svriglobal.org/redcap/, project_url=https://svriglobal.org/redcap/redcap_v17.3.10/index.php?pid=68
2026-09-11 14:16:58,211 - INFO - Dispatch runtime: pid=136344, module=/mnt/c/Users/Science/Documents/Python/integracao_embrace/src/integracao_embrace/dispatch.py, event_name='visita_unica_arm_1', instrument='modulo_do_participante'
2026-09-11 14:16:58,212 - INFO - Dispatching to unique visit handles: visita_unica_arm_1
2026-09-11 14:16:58,331 - ERROR - Error dispatching event: record_id=240-3, event_name=visita_unica_arm_1, repeat_instance=None, error=('Connection aborted.', RemoteDisconnected('Remote end closed connection without response'))
Traceback (most recent call last):
  File "/mnt/c/Users/Science/Documents/Python/integracao_embrace/.venv/lib/python3.13/site-packages/urllib3/connectionpool.py", line 788, in urlopen
    response = self._make_request(
        conn,
    ...<10 lines>...
        **response_kw,
    )
  File "/mnt/c/Users/Science/Documents/Python/integracao_embrace/.venv/lib/python3.13/site-packages/urllib3/connectionpool.py", line 534, in _make_request
    response = conn.getresponse()
  File "/mnt/c/Users/Science/Documents/Python/integracao_embrace/.venv/lib/python3.13/site-packages/urllib3/connection.py", line 571, in getresponse
    httplib_response = super().getresponse()
  File "/home/eduardosocca/.local/share/uv/python/cpython-3.13.14-linux-x86_64-gnu/lib/python3.13/http/client.py", line 1459, in getresponse
    response.begin()
    ~~~~~~~~~~~~~~^^
  File "/home/eduardosocca/.local/share/uv/python/cpython-3.13.14-linux-x86_64-gnu/lib/python3.13/http/client.py", line 336, in begin
    version, status, reason = self._read_status()
                              ~~~~~~~~~~~~~~~~~^^
  File "/home/eduardosocca/.local/share/uv/python/cpython-3.13.14-linux-x86_64-gnu/lib/python3.13/http/client.py", line 305, in _read_status
    raise RemoteDisconnected("Remote end closed connection without"
                             " response")
http.client.RemoteDisconnected: Remote end closed connection without response

During handling of the above exception, another exception occurred:

Traceback (most recent call last):
  File "/mnt/c/Users/Science/Documents/Python/integracao_embrace/.venv/lib/python3.13/site-packages/requests/adapters.py", line 696, in send
    resp = conn.urlopen(
        method=request.method,
    ...<9 lines>...
        chunked=chunked,
    )
  File "/mnt/c/Users/Science/Documents/Python/integracao_embrace/.venv/lib/python3.13/site-packages/urllib3/connectionpool.py", line 842, in urlopen
    retries = retries.increment(
        method, url, error=new_e, _pool=self, _stacktrace=sys.exc_info()[2]
    )
  File "/mnt/c/Users/Science/Documents/Python/integracao_embrace/.venv/lib/python3.13/site-packages/urllib3/util/retry.py", line 498, in increment
    raise reraise(type(error), error, _stacktrace)
          ~~~~~~~^^^^^^^^^^^^^^^^^^^^^^^^^^^^^^^^^
  File "/mnt/c/Users/Science/Documents/Python/integracao_embrace/.venv/lib/python3.13/site-packages/urllib3/util/util.py", line 38, in reraise
    raise value.with_traceback(tb)
  File "/mnt/c/Users/Science/Documents/Python/integracao_embrace/.venv/lib/python3.13/site-packages/urllib3/connectionpool.py", line 788, in urlopen
    response = self._make_request(
        conn,
    ...<10 lines>...
        **response_kw,
    )
  File "/mnt/c/Users/Science/Documents/Python/integracao_embrace/.venv/lib/python3.13/site-packages/urllib3/connectionpool.py", line 534, in _make_request
    response = conn.getresponse()
  File "/mnt/c/Users/Science/Documents/Python/integracao_embrace/.venv/lib/python3.13/site-packages/urllib3/connection.py", line 571, in getresponse
    httplib_response = super().getresponse()
  File "/home/eduardosocca/.local/share/uv/python/cpython-3.13.14-linux-x86_64-gnu/lib/python3.13/http/client.py", line 1459, in getresponse
    response.begin()
    ~~~~~~~~~~~~~~^^
  File "/home/eduardosocca/.local/share/uv/python/cpython-3.13.14-linux-x86_64-gnu/lib/python3.13/http/client.py", line 336, in begin
    version, status, reason = self._read_status()
                              ~~~~~~~~~~~~~~~~~^^
  File "/home/eduardosocca/.local/share/uv/python/cpython-3.13.14-linux-x86_64-gnu/lib/python3.13/http/client.py", line 305, in _read_status
    raise RemoteDisconnected("Remote end closed connection without"
                             " response")
urllib3.exceptions.ProtocolError: ('Connection aborted.', RemoteDisconnected('Remote end closed connection without response'))

During handling of the above exception, another exception occurred:

Traceback (most recent call last):
  File "/mnt/c/Users/Science/Documents/Python/integracao_embrace/src/integracao_embrace/webhook.py", line 213, in _run_sync
    dispatch_event(
    ~~~~~~~~~~~~~~^
        record_id=record_id,
        ^^^^^^^^^^^^^^^^^^^^
    ...<5 lines>...
        repeat_instance=repeat_instance
        ^^^^^^^^^^^^^^^^^^^^^^^^^^^^^^^
    )
    ^
  File "/mnt/c/Users/Science/Documents/Python/integracao_embrace/src/integracao_embrace/dispatch.py", line 58, in dispatch_event
    sync_unique_event(
    ~~~~~~~~~~~~~~~~~^
        record_id=record_id,
        ^^^^^^^^^^^^^^^^^^^^
    ...<3 lines>...
        protocol_nickname=protocol_nickname,
        ^^^^^^^^^^^^^^^^^^^^^^^^^^^^^^^^^^^^
    )
    ^
  File "/mnt/c/Users/Science/Documents/Python/integracao_embrace/src/integracao_embrace/events/unique_visit.py", line 60, in sync_unique_event
    redcap_payload = redcap.export_record_eav(
        record_id,
        event_name
    )
  File "/mnt/c/Users/Science/Documents/Python/integracao_embrace/src/integracao_embrace/redcap_client.py", line 73, in export_record_eav
    redcap_request = self.session.post(
        self.api_url,
        data = payload,
        timeout = self.timeout
    )
  File "/mnt/c/Users/Science/Documents/Python/integracao_embrace/.venv/lib/python3.13/site-packages/requests/sessions.py", line 712, in post
    return self.request("POST", url, data=data, json=json, **kwargs)
           ~~~~~~~~~~~~^^^^^^^^^^^^^^^^^^^^^^^^^^^^^^^^^^^^^^^^^^^^^
  File "/mnt/c/Users/Science/Documents/Python/integracao_embrace/.venv/lib/python3.13/site-packages/requests/sessions.py", line 651, in request
    resp = self.send(prep, **send_kwargs)
  File "/mnt/c/Users/Science/Documents/Python/integracao_embrace/.venv/lib/python3.13/site-packages/requests/sessions.py", line 784, in send
    r = adapter.send(request, **kwargs)
  File "/mnt/c/Users/Science/Documents/Python/integracao_embrace/.venv/lib/python3.13/site-packages/requests/adapters.py", line 711, in send
    raise ConnectionError(err, request=request)
requests.exceptions.ConnectionError: ('Connection aborted.', RemoteDisconnected('Remote end closed connection without response'))
2026-09-11 14:17:01,436 - INFO - Received webhook from REDCap DET: project_id=68, username=[survey respondent], instrument=modulo_do_participante, record=240-3, redcap_event_name=visita_unica_arm_1, redcap_data_acess_group=, redcap_repeat_instance=None, redcap_repeat_instrument=None, redcap_url=https://svriglobal.org/redcap/, project_url=https://svriglobal.org/redcap/redcap_v17.3.10/index.php?pid=68
2026-09-11 14:17:01,438 - INFO - Dispatch runtime: pid=136344, module=/mnt/c/Users/Science/Documents/Python/integracao_embrace/src/integracao_embrace/dispatch.py, event_name='visita_unica_arm_1', instrument='modulo_do_participante'
2026-09-11 14:17:01,439 - INFO - Dispatching to unique visit handles: visita_unica_arm_1
2026-09-11 14:17:02,090 - INFO - Debug redcap url: https://svriglobal.org/redcap/api/
2026-09-11 14:17:02,090 - INFO - Debug redcaptoken (First 3 chars): E6B...
2026-09-11 14:17:02,091 - INFO - Debug redcap status: 200
2026-09-11 14:17:02,092 - INFO - Debug redcap response (first 30 chars): [{"record":"240-3","redcap_eve
2026-09-11 14:17:02,094 - INFO - REDCap: filtering event=visita_unica_arm_1 by repeat_instance=None; response instances=['', '1']
2026-09-11 14:17:02,095 - INFO - REDCap: exported record 240-3 for event visita_unica_arm_1, repeat_instance=None, with 222 fields from 222 entries
2026-09-11 14:17:02,096 - INFO - Mapped gender:  ➡ None
2026-09-11 14:17:02,097 - INFO - Mapped site: SVRI Clínica Morumbi ➡ 47
2026-09-11 14:17:02,097 - INFO - Volunteer payload prepared: {'nome': '240-3', 'iniciais': 'Larissa Matias ', 'data_nascimento': '1970-10-29', 'sexo': None, 'email': '', 'data_inclusao': '2026-09-11', 'centro': '47', 'contatos': '11111111111'}
2026-09-11 14:17:02,293 - INFO - Volunteer 240-3 already exists in PoloTrial with ID: 3341
2026-09-11 14:17:02,294 - INFO - DEBUG: Searching protocol Embrace for site 47
2026-09-11 14:17:02,722 - INFO - Protocol found: Embrace with ID: 2381 (site=47)
2026-09-11 14:17:02,952 - INFO - DEBUG: Protocol Arm founded for the unique visit: ['Embrace']
2026-09-11 14:17:02,953 - INFO - Arm matched: Embrace with ID: 283
2026-09-11 14:17:03,112 - INFO - Participant visits retrieved: 1, for participant ID: 3316
2026-09-11 14:17:03,114 - INFO - Looking for unique visit with name: Visita única among: ['Visita única']
2026-09-11 14:17:03,115 - INFO - Participant visit found: Visita única with ID: 40710
2026-09-11 14:17:03,556 - INFO - Unique visit already up to date (id=40710).
2026-09-11 14:17:03,558 - INFO - Participant found in PoloTrial with ID: 3316
2026-09-11 14:17:03,780 - INFO - DEBUG: Available procedures in PoloTrial for unique visit: ['Consulta Médica', 'Módulo Saúde', 'Módulo Identificação da Paciente', 'Módulo Menopausa', 'Questionário da Saúde da Mulher - WHQ\t', 'Questionário GAD-7', 'Questionário PHQ9', 'Questionário WPAI', 'Questionário Short Form - SF-36']
2026-09-11 14:17:03,782 - INFO -  - ID: 652384 | Procedure: Consulta Médica | Appointment date: 2026-09-11T00:00:00.000Z | Check field: cm_atendimento_dt=2026-09-11 | Date field: cm_atendimento_dt=2026-09-11
2026-09-11 14:17:03,783 - INFO -  - ID: 652385 | Procedure: Módulo Saúde | Appointment date: 2026-09-11T00:00:00.000Z | Check field: s0=2026-09-11 | Date field: s0=2026-09-11
2026-09-11 14:17:03,784 - INFO -  - ID: 652386 | Procedure: Módulo Identificação da Paciente | Appointment date: 2026-09-11T00:00:00.000Z | Check field: idp3=240-3 | Date field: idp4=2026-09-11
2026-09-11 14:17:03,786 - INFO -  - ID: 652387 | Procedure: Módulo Menopausa | Appointment date: 2026-09-11T00:00:00.000Z | Check field: pm0=2026-09-11 | Date field: pm0=2026-09-11
2026-09-11 14:17:03,786 - INFO -  - ID: 652388 | Procedure: Questionário da Saúde da Mulher - WHQ	 | Appointment date: 2026-09-11T00:00:00.000Z | Check field: whq0=2026-09-11 | Date field: whq0=2026-09-11
2026-09-11 14:17:03,788 - INFO -  - ID: 652389 | Procedure: Questionário GAD-7 | Appointment date: nan | Check field: gad7_0=N/A | Date field: gad7_0=N/A
2026-09-11 14:17:03,789 - INFO -  - ID: 652390 | Procedure: Questionário PHQ9 | Appointment date: nan | Check field: phq9_0=N/A | Date field: phq9_0=N/A
2026-09-11 14:17:03,790 - INFO -  - ID: 652391 | Procedure: Questionário WPAI | Appointment date: nan | Check field: wpai0=N/A | Date field: wpai0=N/A
2026-09-11 14:17:03,791 - INFO -  - ID: 652392 | Procedure: Questionário Short Form - SF-36 | Appointment date: nan | Check field: None=N/A | Date field: None=N/A
2026-09-11 14:17:03,792 - INFO - DEBUG: Procedure mapping summary:
2026-09-11 14:17:03,793 - INFO -  1. Total procedures in PoloTrial for unique visit: 9
2026-09-11 14:17:03,794 - INFO -  2. Matched with REDCap mapping: 8
2026-09-11 14:17:03,795 - INFO -  3. Unmatched procedures: 1
2026-09-11 14:17:03,796 - WARNING - DEBUG: Unmatched procedures (no mapping found in POLOTRIAL_UNIQUE_EVENT_PROCEDURES_MAP): ['Questionário Short Form - SF-36']
2026-09-11 14:17:03,796 - WARNING -  - 'Questionário Short Form - SF-36'
2026-09-11 14:17:03,800 - INFO - No procedures to sync for pattern: M[oóOÓ]dulo\s+Identifica[cçCÇ][aãAÃ]o\s+da\s+Paciente
2026-09-11 14:17:03,804 - INFO - No procedures to sync for pattern: Consulta\s+M[eéEÉ]dica
2026-09-11 14:17:03,808 - INFO - No procedures to sync for pattern: M[oóOÓ]dulo\s+Sa[uúUÚ]de
2026-09-11 14:17:03,811 - INFO - No procedures to sync for pattern: M[oóOÓ]dulo\s+Menopausa
2026-09-11 14:17:03,814 - INFO - No procedures to sync for pattern: Question[aáAÁ]rio\s+da\s+Sa[uúUÚ]de\s+da\s+Mulher\s+-\s+WHQ
2026-09-11 14:17:03,816 - INFO - No procedures to sync for pattern: Question[aáAÁ]rio\s+Short\s+Form\s+SF-36
2026-09-11 14:17:03,822 - INFO - No date found in REDCap for procedure Questionário PHQ9 (check_field=phq9_0, date_field=phq9_0). Skipping sync.
2026-09-11 14:17:03,827 - INFO - No date found in REDCap for procedure Questionário WPAI (check_field=wpai0, date_field=wpai0). Skipping sync.
2026-09-11 14:17:03,829 - INFO - No date found in REDCap for procedure Questionário GAD-7 (check_field=gad7_0, date_field=gad7_0). Skipping sync.
2026-09-11 14:17:03,830 - INFO - Unique visit procedures synchronization completed. Total procedures synced: 0/9
2026-09-11 14:17:03,831 - INFO - Executor name from REDCap: Eduardo Augusto Rabelo Socca
2026-09-11 14:17:03,982 - INFO - Participant visits retrieved: 1, for participant ID: 3316
2026-09-11 14:17:03,984 - INFO - Looking for unique visit with name: Visita única among: ['Visita única']
2026-09-11 14:17:03,985 - INFO - Participant visit found: Visita única with ID: 40710
2026-09-11 14:17:04,146 - INFO - Unique visit already up to date (id=40710).
2026-09-11 14:17:04,340 - INFO - Executor 'Eduardo Augusto Rabelo Socca' (ID: 2761) is already linked to procedure ID: 652384. No action needed.
2026-09-11 14:17:04,340 - INFO - Unique visit synchronization completed for record_id=240-3, event_name=visita_unica_arm_1
2026-09-11 14:17:04,341 - INFO - Successfully dispatched event: record_id=240-3, event_name=visita_unica_arm_1, repeat_instance=None
2026-09-11 14:17:04,381 - INFO - DEBUG: Available procedures in PoloTrial for unique visit: ['Consulta Médica', 'Módulo Saúde', 'Módulo Identificação da Paciente', 'Módulo Menopausa', 'Questionário da Saúde da Mulher - WHQ\t', 'Questionário GAD-7', 'Questionário PHQ9', 'Questionário WPAI', 'Questionário Short Form - SF-36']
2026-09-11 14:17:04,382 - INFO -  - ID: 652384 | Procedure: Consulta Médica | Appointment date: 2026-09-11T00:00:00.000Z | Check field: cm_atendimento_dt=2026-09-11 | Date field: cm_atendimento_dt=2026-09-11
2026-09-11 14:17:04,383 - INFO -  - ID: 652385 | Procedure: Módulo Saúde | Appointment date: 2026-09-11T00:00:00.000Z | Check field: s0=2026-09-11 | Date field: s0=2026-09-11
2026-09-11 14:17:04,385 - INFO -  - ID: 652386 | Procedure: Módulo Identificação da Paciente | Appointment date: 2026-09-11T00:00:00.000Z | Check field: idp3=240-3 | Date field: idp4=2026-09-11
2026-09-11 14:17:04,386 - INFO -  - ID: 652387 | Procedure: Módulo Menopausa | Appointment date: 2026-09-11T00:00:00.000Z | Check field: pm0=2026-09-11 | Date field: pm0=2026-09-11
2026-09-11 14:17:04,387 - INFO -  - ID: 652388 | Procedure: Questionário da Saúde da Mulher - WHQ	 | Appointment date: 2026-09-11T00:00:00.000Z | Check field: whq0=2026-09-11 | Date field: whq0=2026-09-11
2026-09-11 14:17:04,388 - INFO -  - ID: 652389 | Procedure: Questionário GAD-7 | Appointment date: nan | Check field: gad7_0=N/A | Date field: gad7_0=N/A
2026-09-11 14:17:04,389 - INFO -  - ID: 652390 | Procedure: Questionário PHQ9 | Appointment date: nan | Check field: phq9_0=N/A | Date field: phq9_0=N/A
2026-09-11 14:17:04,391 - INFO -  - ID: 652391 | Procedure: Questionário WPAI | Appointment date: nan | Check field: wpai0=N/A | Date field: wpai0=N/A
2026-09-11 14:17:04,392 - INFO -  - ID: 652392 | Procedure: Questionário Short Form - SF-36 | Appointment date: nan | Check field: None=N/A | Date field: None=N/A
2026-09-11 14:17:04,393 - INFO - DEBUG: Procedure mapping summary:
2026-09-11 14:17:04,393 - INFO -  1. Total procedures in PoloTrial for unique visit: 9
2026-09-11 14:17:04,394 - INFO -  2. Matched with REDCap mapping: 8
2026-09-11 14:17:04,395 - INFO -  3. Unmatched procedures: 1
2026-09-11 14:17:04,395 - WARNING - DEBUG: Unmatched procedures (no mapping found in POLOTRIAL_UNIQUE_EVENT_PROCEDURES_MAP): ['Questionário Short Form - SF-36']
2026-09-11 14:17:04,396 - WARNING -  - 'Questionário Short Form - SF-36'
2026-09-11 14:17:04,398 - INFO - No procedures to sync for pattern: M[oóOÓ]dulo\s+Identifica[cçCÇ][aãAÃ]o\s+da\s+Paciente
2026-09-11 14:17:04,402 - INFO - No procedures to sync for pattern: Consulta\s+M[eéEÉ]dica
2026-09-11 14:17:04,405 - INFO - No procedures to sync for pattern: M[oóOÓ]dulo\s+Sa[uúUÚ]de
2026-09-11 14:17:04,409 - INFO - No procedures to sync for pattern: M[oóOÓ]dulo\s+Menopausa
2026-09-11 14:17:04,411 - INFO - No procedures to sync for pattern: Question[aáAÁ]rio\s+da\s+Sa[uúUÚ]de\s+da\s+Mulher\s+-\s+WHQ
2026-09-11 14:17:04,414 - INFO - No procedures to sync for pattern: Question[aáAÁ]rio\s+Short\s+Form\s+SF-36
2026-09-11 14:17:04,416 - INFO - No date found in REDCap for procedure Questionário PHQ9 (check_field=phq9_0, date_field=phq9_0). Skipping sync.
2026-09-11 14:17:04,422 - INFO - No date found in REDCap for procedure Questionário WPAI (check_field=wpai0, date_field=wpai0). Skipping sync.
2026-09-11 14:17:04,426 - INFO - No date found in REDCap for procedure Questionário GAD-7 (check_field=gad7_0, date_field=gad7_0). Skipping sync.
2026-09-11 14:17:04,427 - INFO - Unique visit procedures synchronization completed. Total procedures synced: 0/9
2026-09-11 14:17:04,427 - INFO - Executor name from REDCap: Eduardo Augusto Rabelo Socca
2026-09-11 14:17:04,927 - INFO - Executor 'Eduardo Augusto Rabelo Socca' (ID: 2761) is already linked to procedure ID: 652384. No action needed.
2026-09-11 14:17:04,928 - INFO - Unique visit synchronization completed for record_id=240-3, event_name=visita_unica_arm_1
2026-09-11 14:17:04,929 - INFO - Successfully dispatched event: record_id=240-3, event_name=visita_unica_arm_1, repeat_instance=None
2026-09-11 14:17:15,965 - INFO - Participant visits retrieved: 1, for participant ID: 3316
2026-09-11 14:17:15,966 - INFO - Looking for unique visit with name: Visita única among: ['Visita única']
2026-09-11 14:17:15,968 - INFO - Participant visit found: Visita única with ID: 40710
2026-09-11 14:17:16,019 - INFO - Received webhook from REDCap DET: project_id=68, username=[survey respondent], instrument=modulo_do_participante, record=240-3, redcap_event_name=visita_unica_arm_1, redcap_data_acess_group=, redcap_repeat_instance=None, redcap_repeat_instrument=None, redcap_url=https://svriglobal.org/redcap/, project_url=https://svriglobal.org/redcap/redcap_v17.3.10/index.php?pid=68
2026-09-11 14:17:16,025 - INFO - Dispatch runtime: pid=136344, module=/mnt/c/Users/Science/Documents/Python/integracao_embrace/src/integracao_embrace/dispatch.py, event_name='visita_unica_arm_1', instrument='modulo_do_participante'
2026-09-11 14:17:16,026 - INFO - Dispatching to unique visit handles: visita_unica_arm_1
2026-09-11 14:17:16,200 - INFO - Unique visit already up to date (id=40710).
2026-09-11 14:17:16,486 - INFO - DEBUG: Available procedures in PoloTrial for unique visit: ['Consulta Médica', 'Módulo Saúde', 'Módulo Identificação da Paciente', 'Módulo Menopausa', 'Questionário da Saúde da Mulher - WHQ\t', 'Questionário GAD-7', 'Questionário PHQ9', 'Questionário WPAI', 'Questionário Short Form - SF-36']
2026-09-11 14:17:16,489 - INFO -  - ID: 652384 | Procedure: Consulta Médica | Appointment date: 2026-09-11T00:00:00.000Z | Check field: cm_atendimento_dt=2026-09-11 | Date field: cm_atendimento_dt=2026-09-11
2026-09-11 14:17:16,492 - INFO -  - ID: 652385 | Procedure: Módulo Saúde | Appointment date: 2026-09-11T00:00:00.000Z | Check field: s0=2026-09-11 | Date field: s0=2026-09-11
2026-09-11 14:17:16,493 - INFO -  - ID: 652386 | Procedure: Módulo Identificação da Paciente | Appointment date: 2026-09-11T00:00:00.000Z | Check field: idp3=240-3 | Date field: idp4=2026-09-11
2026-09-11 14:17:16,494 - INFO -  - ID: 652387 | Procedure: Módulo Menopausa | Appointment date: 2026-09-11T00:00:00.000Z | Check field: pm0=2026-09-11 | Date field: pm0=2026-09-11
2026-09-11 14:17:16,495 - INFO -  - ID: 652388 | Procedure: Questionário da Saúde da Mulher - WHQ	 | Appointment date: 2026-09-11T00:00:00.000Z | Check field: whq0=2026-09-11 | Date field: whq0=2026-09-11
2026-09-11 14:17:16,496 - INFO -  - ID: 652389 | Procedure: Questionário GAD-7 | Appointment date: nan | Check field: gad7_0=N/A | Date field: gad7_0=N/A
2026-09-11 14:17:16,497 - INFO -  - ID: 652390 | Procedure: Questionário PHQ9 | Appointment date: nan | Check field: phq9_0=N/A | Date field: phq9_0=N/A
2026-09-11 14:17:16,498 - INFO -  - ID: 652391 | Procedure: Questionário WPAI | Appointment date: nan | Check field: wpai0=N/A | Date field: wpai0=N/A
2026-09-11 14:17:16,499 - INFO -  - ID: 652392 | Procedure: Questionário Short Form - SF-36 | Appointment date: nan | Check field: None=N/A | Date field: None=N/A
2026-09-11 14:17:16,500 - INFO - DEBUG: Procedure mapping summary:
2026-09-11 14:17:16,501 - INFO -  1. Total procedures in PoloTrial for unique visit: 9
2026-09-11 14:17:16,503 - INFO -  2. Matched with REDCap mapping: 8
2026-09-11 14:17:16,507 - INFO -  3. Unmatched procedures: 1
2026-09-11 14:17:16,508 - WARNING - DEBUG: Unmatched procedures (no mapping found in POLOTRIAL_UNIQUE_EVENT_PROCEDURES_MAP): ['Questionário Short Form - SF-36']
2026-09-11 14:17:16,509 - WARNING -  - 'Questionário Short Form - SF-36'
2026-09-11 14:17:16,512 - INFO - No procedures to sync for pattern: M[oóOÓ]dulo\s+Identifica[cçCÇ][aãAÃ]o\s+da\s+Paciente
2026-09-11 14:17:16,516 - INFO - No procedures to sync for pattern: Consulta\s+M[eéEÉ]dica
2026-09-11 14:17:16,520 - INFO - No procedures to sync for pattern: M[oóOÓ]dulo\s+Sa[uúUÚ]de
2026-09-11 14:17:16,524 - INFO - No procedures to sync for pattern: M[oóOÓ]dulo\s+Menopausa
2026-09-11 14:17:16,527 - INFO - No procedures to sync for pattern: Question[aáAÁ]rio\s+da\s+Sa[uúUÚ]de\s+da\s+Mulher\s+-\s+WHQ
2026-09-11 14:17:16,538 - INFO - No procedures to sync for pattern: Question[aáAÁ]rio\s+Short\s+Form\s+SF-36
2026-09-11 14:17:16,542 - INFO - No date found in REDCap for procedure Questionário PHQ9 (check_field=phq9_0, date_field=phq9_0). Skipping sync.
2026-09-11 14:17:16,546 - INFO - No date found in REDCap for procedure Questionário WPAI (check_field=wpai0, date_field=wpai0). Skipping sync.
2026-09-11 14:17:16,556 - INFO - No date found in REDCap for procedure Questionário GAD-7 (check_field=gad7_0, date_field=gad7_0). Skipping sync.
2026-09-11 14:17:16,557 - INFO - Unique visit procedures synchronization completed. Total procedures synced: 0/9
2026-09-11 14:17:16,558 - INFO - Executor name from REDCap: Eduardo Augusto Rabelo Socca
2026-09-11 14:17:16,758 - INFO - Debug redcap url: https://svriglobal.org/redcap/api/
2026-09-11 14:17:16,758 - INFO - Debug redcaptoken (First 3 chars): E6B...
2026-09-11 14:17:16,760 - INFO - Debug redcap status: 200
2026-09-11 14:17:16,761 - INFO - Debug redcap response (first 30 chars): [{"record":"240-3","redcap_eve
2026-09-11 14:17:16,764 - INFO - REDCap: filtering event=visita_unica_arm_1 by repeat_instance=None; response instances=['', '1']
2026-09-11 14:17:16,765 - INFO - REDCap: exported record 240-3 for event visita_unica_arm_1, repeat_instance=None, with 232 fields from 232 entries
2026-09-11 14:17:16,766 - INFO - Mapped gender:  ➡ None
2026-09-11 14:17:16,767 - INFO - Mapped site: SVRI Clínica Morumbi ➡ 47
2026-09-11 14:17:16,768 - INFO - Volunteer payload prepared: {'nome': '240-3', 'iniciais': 'Larissa Matias ', 'data_nascimento': '1970-10-29', 'sexo': None, 'email': '', 'data_inclusao': '2026-09-11', 'centro': '47', 'contatos': '11111111111'}
2026-09-11 14:17:17,021 - INFO - Volunteer 240-3 already exists in PoloTrial with ID: 3341
2026-09-11 14:17:17,022 - INFO - DEBUG: Searching protocol Embrace for site 47
2026-09-11 14:17:17,044 - INFO - Executor 'Eduardo Augusto Rabelo Socca' (ID: 2761) is already linked to procedure ID: 652384. No action needed.
2026-09-11 14:17:17,047 - INFO - Unique visit synchronization completed for record_id=240-3, event_name=visita_unica_arm_1
2026-09-11 14:17:17,051 - INFO - Successfully dispatched event: record_id=240-3, event_name=visita_unica_arm_1, repeat_instance=None
2026-09-11 14:17:17,417 - INFO - Protocol found: Embrace with ID: 2381 (site=47)
2026-09-11 14:17:17,621 - INFO - DEBUG: Protocol Arm founded for the unique visit: ['Embrace']
2026-09-11 14:17:17,622 - INFO - Arm matched: Embrace with ID: 283
2026-09-11 14:17:18,184 - INFO - Participant found in PoloTrial with ID: 3316
2026-09-11 14:17:26,147 - INFO - Participant visits retrieved: 1, for participant ID: 3316
2026-09-11 14:17:26,148 - INFO - Looking for unique visit with name: Visita única among: ['Visita única']
2026-09-11 14:17:26,149 - INFO - Participant visit found: Visita única with ID: 40710
2026-09-11 14:17:26,321 - INFO - Unique visit already up to date (id=40710).
2026-09-11 14:17:26,547 - INFO - DEBUG: Available procedures in PoloTrial for unique visit: ['Consulta Médica', 'Módulo Saúde', 'Módulo Identificação da Paciente', 'Módulo Menopausa', 'Questionário da Saúde da Mulher - WHQ\t', 'Questionário GAD-7', 'Questionário PHQ9', 'Questionário WPAI', 'Questionário Short Form - SF-36']
2026-09-11 14:17:26,549 - INFO -  - ID: 652384 | Procedure: Consulta Médica | Appointment date: 2026-09-11T00:00:00.000Z | Check field: cm_atendimento_dt=2026-09-11 | Date field: cm_atendimento_dt=2026-09-11
2026-09-11 14:17:26,550 - INFO -  - ID: 652385 | Procedure: Módulo Saúde | Appointment date: 2026-09-11T00:00:00.000Z | Check field: s0=2026-09-11 | Date field: s0=2026-09-11
2026-09-11 14:17:26,551 - INFO -  - ID: 652386 | Procedure: Módulo Identificação da Paciente | Appointment date: 2026-09-11T00:00:00.000Z | Check field: idp3=240-3 | Date field: idp4=2026-09-11
2026-09-11 14:17:26,553 - INFO -  - ID: 652387 | Procedure: Módulo Menopausa | Appointment date: 2026-09-11T00:00:00.000Z | Check field: pm0=2026-09-11 | Date field: pm0=2026-09-11
2026-09-11 14:17:26,554 - INFO -  - ID: 652388 | Procedure: Questionário da Saúde da Mulher - WHQ	 | Appointment date: 2026-09-11T00:00:00.000Z | Check field: whq0=2026-09-11 | Date field: whq0=2026-09-11
2026-09-11 14:17:26,555 - INFO -  - ID: 652389 | Procedure: Questionário GAD-7 | Appointment date: nan | Check field: gad7_0=N/A | Date field: gad7_0=N/A
2026-09-11 14:17:26,557 - INFO -  - ID: 652390 | Procedure: Questionário PHQ9 | Appointment date: nan | Check field: phq9_0=2026-09-11 | Date field: phq9_0=2026-09-11
2026-09-11 14:17:26,558 - INFO -  - ID: 652391 | Procedure: Questionário WPAI | Appointment date: nan | Check field: wpai0=N/A | Date field: wpai0=N/A
2026-09-11 14:17:26,559 - INFO -  - ID: 652392 | Procedure: Questionário Short Form - SF-36 | Appointment date: nan | Check field: None=N/A | Date field: None=N/A
2026-09-11 14:17:26,559 - INFO - DEBUG: Procedure mapping summary:
2026-09-11 14:17:26,560 - INFO -  1. Total procedures in PoloTrial for unique visit: 9
2026-09-11 14:17:26,561 - INFO -  2. Matched with REDCap mapping: 8
2026-09-11 14:17:26,561 - INFO -  3. Unmatched procedures: 1
2026-09-11 14:17:26,562 - WARNING - DEBUG: Unmatched procedures (no mapping found in POLOTRIAL_UNIQUE_EVENT_PROCEDURES_MAP): ['Questionário Short Form - SF-36']
2026-09-11 14:17:26,563 - WARNING -  - 'Questionário Short Form - SF-36'
2026-09-11 14:17:26,568 - INFO - No procedures to sync for pattern: M[oóOÓ]dulo\s+Identifica[cçCÇ][aãAÃ]o\s+da\s+Paciente
2026-09-11 14:17:26,571 - INFO - No procedures to sync for pattern: Consulta\s+M[eéEÉ]dica
2026-09-11 14:17:26,575 - INFO - No procedures to sync for pattern: M[oóOÓ]dulo\s+Sa[uúUÚ]de
2026-09-11 14:17:26,578 - INFO - No procedures to sync for pattern: M[oóOÓ]dulo\s+Menopausa
2026-09-11 14:17:26,583 - INFO - No procedures to sync for pattern: Question[aáAÁ]rio\s+da\s+Sa[uúUÚ]de\s+da\s+Mulher\s+-\s+WHQ
2026-09-11 14:17:26,587 - INFO - No procedures to sync for pattern: Question[aáAÁ]rio\s+Short\s+Form\s+SF-36
2026-09-11 14:17:30,385 - INFO - ✅ Synced procedure 'Questionário PHQ9' (ID: 652390) with date: 2026-09-11
2026-09-11 14:17:30,390 - INFO - No date found in REDCap for procedure Questionário WPAI (check_field=wpai0, date_field=wpai0). Skipping sync.
2026-09-11 14:17:30,393 - INFO - No date found in REDCap for procedure Questionário GAD-7 (check_field=gad7_0, date_field=gad7_0). Skipping sync.
2026-09-11 14:17:30,395 - INFO - Unique visit procedures synchronization completed. Total procedures synced: 1/9
2026-09-11 14:17:30,396 - INFO - Executor name from REDCap: Eduardo Augusto Rabelo Socca
2026-09-11 14:17:30,865 - INFO - Executor 'Eduardo Augusto Rabelo Socca' (ID: 2761) is already linked to procedure ID: 652384. No action needed.
2026-09-11 14:17:30,866 - INFO - Unique visit synchronization completed for record_id=240-3, event_name=visita_unica_arm_1
2026-09-11 14:17:30,867 - INFO - Successfully dispatched event: record_id=240-3, event_name=visita_unica_arm_1, repeat_instance=None
2026-09-11 14:17:36,306 - INFO - Received webhook from REDCap DET: project_id=68, username=[survey respondent], instrument=modulo_do_participante, record=240-3, redcap_event_name=visita_unica_arm_1, redcap_data_acess_group=, redcap_repeat_instance=None, redcap_repeat_instrument=None, redcap_url=https://svriglobal.org/redcap/, project_url=https://svriglobal.org/redcap/redcap_v17.3.10/index.php?pid=68
2026-09-11 14:17:36,308 - INFO - Dispatch runtime: pid=136344, module=/mnt/c/Users/Science/Documents/Python/integracao_embrace/src/integracao_embrace/dispatch.py, event_name='visita_unica_arm_1', instrument='modulo_do_participante'
2026-09-11 14:17:36,309 - INFO - Dispatching to unique visit handles: visita_unica_arm_1
2026-09-11 14:17:36,960 - INFO - Debug redcap url: https://svriglobal.org/redcap/api/
2026-09-11 14:17:36,962 - INFO - Debug redcaptoken (First 3 chars): E6B...
2026-09-11 14:17:36,964 - INFO - Debug redcap status: 200
2026-09-11 14:17:36,965 - INFO - Debug redcap response (first 30 chars): [{"record":"240-3","redcap_eve
2026-09-11 14:17:36,967 - INFO - REDCap: filtering event=visita_unica_arm_1 by repeat_instance=None; response instances=['', '1']
2026-09-11 14:17:36,969 - INFO - REDCap: exported record 240-3 for event visita_unica_arm_1, repeat_instance=None, with 232 fields from 232 entries
2026-09-11 14:17:36,983 - INFO - Mapped gender:  ➡ None
2026-09-11 14:17:36,985 - INFO - Mapped site: SVRI Clínica Morumbi ➡ 47
2026-09-11 14:17:36,986 - INFO - Volunteer payload prepared: {'nome': '240-3', 'iniciais': 'Larissa Matias ', 'data_nascimento': '1970-10-29', 'sexo': None, 'email': '', 'data_inclusao': '2026-09-11', 'centro': '47', 'contatos': '11111111111'}
2026-09-11 14:17:37,165 - INFO - Volunteer 240-3 already exists in PoloTrial with ID: 3341
2026-09-11 14:17:37,167 - INFO - DEBUG: Searching protocol Embrace for site 47
2026-09-11 14:17:37,579 - INFO - Protocol found: Embrace with ID: 2381 (site=47)
2026-09-11 14:17:37,772 - INFO - DEBUG: Protocol Arm founded for the unique visit: ['Embrace']
2026-09-11 14:17:37,774 - INFO - Arm matched: Embrace with ID: 283
2026-09-11 14:17:38,355 - INFO - Participant found in PoloTrial with ID: 3316
2026-09-11 14:17:40,498 - INFO - Received webhook from REDCap DET: project_id=68, username=[survey respondent], instrument=modulo_do_participante, record=240-3, redcap_event_name=visita_unica_arm_1, redcap_data_acess_group=, redcap_repeat_instance=None, redcap_repeat_instrument=None, redcap_url=https://svriglobal.org/redcap/, project_url=https://svriglobal.org/redcap/redcap_v17.3.10/index.php?pid=68
2026-09-11 14:17:40,502 - INFO - Dispatch runtime: pid=136344, module=/mnt/c/Users/Science/Documents/Python/integracao_embrace/src/integracao_embrace/dispatch.py, event_name='visita_unica_arm_1', instrument='modulo_do_participante'
2026-09-11 14:17:40,503 - INFO - Dispatching to unique visit handles: visita_unica_arm_1
2026-09-11 14:17:40,814 - INFO - Debug redcap url: https://svriglobal.org/redcap/api/
2026-09-11 14:17:40,815 - INFO - Debug redcaptoken (First 3 chars): E6B...
2026-09-11 14:17:40,817 - INFO - Debug redcap status: 200
2026-09-11 14:17:40,817 - INFO - Debug redcap response (first 30 chars): [{"record":"240-3","redcap_eve
2026-09-11 14:17:40,819 - INFO - REDCap: filtering event=visita_unica_arm_1 by repeat_instance=None; response instances=['', '1']
2026-09-11 14:17:40,820 - INFO - REDCap: exported record 240-3 for event visita_unica_arm_1, repeat_instance=None, with 232 fields from 232 entries
2026-09-11 14:17:40,821 - INFO - Mapped gender:  ➡ None
2026-09-11 14:17:40,822 - INFO - Mapped site: SVRI Clínica Morumbi ➡ 47
2026-09-11 14:17:40,823 - INFO - Volunteer payload prepared: {'nome': '240-3', 'iniciais': 'Larissa Matias ', 'data_nascimento': '1970-10-29', 'sexo': None, 'email': '', 'data_inclusao': '2026-09-11', 'centro': '47', 'contatos': '11111111111'}
2026-09-11 14:17:41,000 - INFO - Volunteer 240-3 already exists in PoloTrial with ID: 3341
2026-09-11 14:17:41,001 - INFO - DEBUG: Searching protocol Embrace for site 47
2026-09-11 14:17:41,390 - INFO - Protocol found: Embrace with ID: 2381 (site=47)
2026-09-11 14:17:41,609 - INFO - DEBUG: Protocol Arm founded for the unique visit: ['Embrace']
2026-09-11 14:17:41,610 - INFO - Arm matched: Embrace with ID: 283
2026-09-11 14:17:42,172 - INFO - Participant found in PoloTrial with ID: 3316
2026-09-11 14:17:42,608 - INFO - Participant visits retrieved: 1, for participant ID: 3316
2026-09-11 14:17:42,609 - INFO - Looking for unique visit with name: Visita única among: ['Visita única']
2026-09-11 14:17:42,610 - INFO - Participant visit found: Visita única with ID: 40710
2026-09-11 14:17:42,777 - INFO - Unique visit already up to date (id=40710).
2026-09-11 14:17:42,999 - INFO - DEBUG: Available procedures in PoloTrial for unique visit: ['Consulta Médica', 'Módulo Saúde', 'Módulo Identificação da Paciente', 'Módulo Menopausa', 'Questionário da Saúde da Mulher - WHQ\t', 'Questionário GAD-7', 'Questionário PHQ9', 'Questionário WPAI', 'Questionário Short Form - SF-36']
2026-09-11 14:17:43,000 - INFO -  - ID: 652384 | Procedure: Consulta Médica | Appointment date: 2026-09-11T00:00:00.000Z | Check field: cm_atendimento_dt=2026-09-11 | Date field: cm_atendimento_dt=2026-09-11
2026-09-11 14:17:43,001 - INFO -  - ID: 652385 | Procedure: Módulo Saúde | Appointment date: 2026-09-11T00:00:00.000Z | Check field: s0=2026-09-11 | Date field: s0=2026-09-11
2026-09-11 14:17:43,002 - INFO -  - ID: 652386 | Procedure: Módulo Identificação da Paciente | Appointment date: 2026-09-11T00:00:00.000Z | Check field: idp3=240-3 | Date field: idp4=2026-09-11
2026-09-11 14:17:43,004 - INFO -  - ID: 652387 | Procedure: Módulo Menopausa | Appointment date: 2026-09-11T00:00:00.000Z | Check field: pm0=2026-09-11 | Date field: pm0=2026-09-11
2026-09-11 14:17:43,006 - INFO -  - ID: 652388 | Procedure: Questionário da Saúde da Mulher - WHQ	 | Appointment date: 2026-09-11T00:00:00.000Z | Check field: whq0=2026-09-11 | Date field: whq0=2026-09-11
2026-09-11 14:17:43,008 - INFO -  - ID: 652389 | Procedure: Questionário GAD-7 | Appointment date: nan | Check field: gad7_0=N/A | Date field: gad7_0=N/A
2026-09-11 14:17:43,009 - INFO -  - ID: 652390 | Procedure: Questionário PHQ9 | Appointment date: 2026-09-11T00:00:00.000Z | Check field: phq9_0=2026-09-11 | Date field: phq9_0=2026-09-11
2026-09-11 14:17:43,011 - INFO -  - ID: 652391 | Procedure: Questionário WPAI | Appointment date: nan | Check field: wpai0=N/A | Date field: wpai0=N/A
2026-09-11 14:17:43,012 - INFO -  - ID: 652392 | Procedure: Questionário Short Form - SF-36 | Appointment date: nan | Check field: None=N/A | Date field: None=N/A
2026-09-11 14:17:43,012 - INFO - DEBUG: Procedure mapping summary:
2026-09-11 14:17:43,013 - INFO -  1. Total procedures in PoloTrial for unique visit: 9
2026-09-11 14:17:43,014 - INFO -  2. Matched with REDCap mapping: 8
2026-09-11 14:17:43,014 - INFO -  3. Unmatched procedures: 1
2026-09-11 14:17:43,015 - WARNING - DEBUG: Unmatched procedures (no mapping found in POLOTRIAL_UNIQUE_EVENT_PROCEDURES_MAP): ['Questionário Short Form - SF-36']
2026-09-11 14:17:43,016 - WARNING -  - 'Questionário Short Form - SF-36'
2026-09-11 14:17:43,018 - INFO - No procedures to sync for pattern: M[oóOÓ]dulo\s+Identifica[cçCÇ][aãAÃ]o\s+da\s+Paciente
2026-09-11 14:17:43,021 - INFO - No procedures to sync for pattern: Consulta\s+M[eéEÉ]dica
2026-09-11 14:17:43,026 - INFO - No procedures to sync for pattern: M[oóOÓ]dulo\s+Sa[uúUÚ]de
2026-09-11 14:17:43,028 - INFO - No procedures to sync for pattern: M[oóOÓ]dulo\s+Menopausa
2026-09-11 14:17:43,031 - INFO - No procedures to sync for pattern: Question[aáAÁ]rio\s+da\s+Sa[uúUÚ]de\s+da\s+Mulher\s+-\s+WHQ
2026-09-11 14:17:43,034 - INFO - No procedures to sync for pattern: Question[aáAÁ]rio\s+Short\s+Form\s+SF-36
2026-09-11 14:17:43,038 - INFO - No procedures to sync for pattern: Question[aáAÁ]rio\s+PHQ9
2026-09-11 14:17:43,042 - INFO - No date found in REDCap for procedure Questionário WPAI (check_field=wpai0, date_field=wpai0). Skipping sync.
2026-09-11 14:17:43,045 - INFO - No date found in REDCap for procedure Questionário GAD-7 (check_field=gad7_0, date_field=gad7_0). Skipping sync.
2026-09-11 14:17:43,046 - INFO - Unique visit procedures synchronization completed. Total procedures synced: 0/9
2026-09-11 14:17:43,047 - INFO - Executor name from REDCap: Eduardo Augusto Rabelo Socca
2026-09-11 14:17:43,359 - INFO - Received webhook from REDCap DET: project_id=68, username=[survey respondent], instrument=modulo_do_participante, record=240-3, redcap_event_name=visita_unica_arm_1, redcap_data_acess_group=, redcap_repeat_instance=None, redcap_repeat_instrument=None, redcap_url=https://svriglobal.org/redcap/, project_url=https://svriglobal.org/redcap/redcap_v17.3.10/index.php?pid=68
2026-09-11 14:17:43,363 - INFO - Dispatch runtime: pid=136344, module=/mnt/c/Users/Science/Documents/Python/integracao_embrace/src/integracao_embrace/dispatch.py, event_name='visita_unica_arm_1', instrument='modulo_do_participante'
2026-09-11 14:17:43,364 - INFO - Dispatching to unique visit handles: visita_unica_arm_1
2026-09-11 14:17:43,534 - INFO - Executor 'Eduardo Augusto Rabelo Socca' (ID: 2761) is already linked to procedure ID: 652384. No action needed.
2026-09-11 14:17:43,535 - INFO - Unique visit synchronization completed for record_id=240-3, event_name=visita_unica_arm_1
2026-09-11 14:17:43,536 - INFO - Successfully dispatched event: record_id=240-3, event_name=visita_unica_arm_1, repeat_instance=None
2026-09-11 14:17:43,663 - INFO - Debug redcap url: https://svriglobal.org/redcap/api/
2026-09-11 14:17:43,665 - INFO - Debug redcaptoken (First 3 chars): E6B...
2026-09-11 14:17:43,667 - INFO - Debug redcap status: 200
2026-09-11 14:17:43,668 - INFO - Debug redcap response (first 30 chars): [{"record":"240-3","redcap_eve
2026-09-11 14:17:43,671 - INFO - REDCap: filtering event=visita_unica_arm_1 by repeat_instance=None; response instances=['', '1']
2026-09-11 14:17:43,672 - INFO - REDCap: exported record 240-3 for event visita_unica_arm_1, repeat_instance=None, with 233 fields from 233 entries
2026-09-11 14:17:43,673 - INFO - Mapped gender:  ➡ None
2026-09-11 14:17:43,674 - INFO - Mapped site: SVRI Clínica Morumbi ➡ 47
2026-09-11 14:17:43,675 - INFO - Volunteer payload prepared: {'nome': '240-3', 'iniciais': 'Larissa Matias ', 'data_nascimento': '1970-10-29', 'sexo': None, 'email': '', 'data_inclusao': '2026-09-11', 'centro': '47', 'contatos': '11111111111'}
2026-09-11 14:17:43,861 - INFO - Volunteer 240-3 already exists in PoloTrial with ID: 3341
2026-09-11 14:17:43,864 - INFO - DEBUG: Searching protocol Embrace for site 47
2026-09-11 14:17:44,263 - INFO - Protocol found: Embrace with ID: 2381 (site=47)
2026-09-11 14:17:44,473 - INFO - DEBUG: Protocol Arm founded for the unique visit: ['Embrace']
2026-09-11 14:17:44,475 - INFO - Arm matched: Embrace with ID: 283
2026-09-11 14:17:45,039 - INFO - Participant found in PoloTrial with ID: 3316
2026-09-11 14:17:50,931 - INFO - Received webhook from REDCap DET: project_id=68, username=[survey respondent], instrument=modulo_do_participante, record=240-3, redcap_event_name=visita_unica_arm_1, redcap_data_acess_group=, redcap_repeat_instance=None, redcap_repeat_instrument=None, redcap_url=https://svriglobal.org/redcap/, project_url=https://svriglobal.org/redcap/redcap_v17.3.10/index.php?pid=68
2026-09-11 14:17:50,933 - INFO - Dispatch runtime: pid=136344, module=/mnt/c/Users/Science/Documents/Python/integracao_embrace/src/integracao_embrace/dispatch.py, event_name='visita_unica_arm_1', instrument='modulo_do_participante'
2026-09-11 14:17:50,935 - INFO - Dispatching to unique visit handles: visita_unica_arm_1
2026-09-11 14:17:51,593 - INFO - Debug redcap url: https://svriglobal.org/redcap/api/
2026-09-11 14:17:51,594 - INFO - Debug redcaptoken (First 3 chars): E6B...
2026-09-11 14:17:51,595 - INFO - Debug redcap status: 200
2026-09-11 14:17:51,595 - INFO - Debug redcap response (first 30 chars): [{"record":"240-3","redcap_eve
2026-09-11 14:17:51,597 - INFO - REDCap: filtering event=visita_unica_arm_1 by repeat_instance=None; response instances=['', '1']
2026-09-11 14:17:51,599 - INFO - REDCap: exported record 240-3 for event visita_unica_arm_1, repeat_instance=None, with 240 fields from 240 entries
2026-09-11 14:17:51,601 - INFO - Mapped gender:  ➡ None
2026-09-11 14:17:51,601 - INFO - Mapped site: SVRI Clínica Morumbi ➡ 47
2026-09-11 14:17:51,603 - INFO - Volunteer payload prepared: {'nome': '240-3', 'iniciais': 'Larissa Matias ', 'data_nascimento': '1970-10-29', 'sexo': None, 'email': '', 'data_inclusao': '2026-09-11', 'centro': '47', 'contatos': '11111111111'}
2026-09-11 14:17:51,797 - INFO - Volunteer 240-3 already exists in PoloTrial with ID: 3341
2026-09-11 14:17:51,798 - INFO - DEBUG: Searching protocol Embrace for site 47
2026-09-11 14:17:52,202 - INFO - Protocol found: Embrace with ID: 2381 (site=47)
2026-09-11 14:17:52,400 - INFO - DEBUG: Protocol Arm founded for the unique visit: ['Embrace']
2026-09-11 14:17:52,401 - INFO - Arm matched: Embrace with ID: 283
2026-09-11 14:17:52,959 - INFO - Participant found in PoloTrial with ID: 3316
2026-09-11 14:17:58,515 - INFO - Received webhook from REDCap DET: project_id=68, username=[survey respondent], instrument=modulo_do_participante, record=240-3, redcap_event_name=visita_unica_arm_1, redcap_data_acess_group=, redcap_repeat_instance=None, redcap_repeat_instrument=None, redcap_url=https://svriglobal.org/redcap/, project_url=https://svriglobal.org/redcap/redcap_v17.3.10/index.php?pid=68
2026-09-11 14:17:58,519 - INFO - Dispatch runtime: pid=136344, module=/mnt/c/Users/Science/Documents/Python/integracao_embrace/src/integracao_embrace/dispatch.py, event_name='visita_unica_arm_1', instrument='modulo_do_participante'
2026-09-11 14:17:58,520 - INFO - Dispatching to unique visit handles: visita_unica_arm_1
2026-09-11 14:17:58,893 - INFO - Participant visits retrieved: 1, for participant ID: 3316
2026-09-11 14:17:58,894 - INFO - Looking for unique visit with name: Visita única among: ['Visita única']
2026-09-11 14:17:58,895 - INFO - Participant visit found: Visita única with ID: 40710
2026-09-11 14:17:59,082 - INFO - Unique visit already up to date (id=40710).
2026-09-11 14:17:59,195 - INFO - Debug redcap url: https://svriglobal.org/redcap/api/
2026-09-11 14:17:59,197 - INFO - Debug redcaptoken (First 3 chars): E6B...
2026-09-11 14:17:59,199 - INFO - Debug redcap status: 200
2026-09-11 14:17:59,199 - INFO - Debug redcap response (first 30 chars): [{"record":"240-3","redcap_eve
2026-09-11 14:17:59,203 - INFO - REDCap: filtering event=visita_unica_arm_1 by repeat_instance=None; response instances=['', '1']
2026-09-11 14:17:59,204 - INFO - REDCap: exported record 240-3 for event visita_unica_arm_1, repeat_instance=None, with 242 fields from 242 entries
2026-09-11 14:17:59,206 - INFO - Mapped gender:  ➡ None
2026-09-11 14:17:59,207 - INFO - Mapped site: SVRI Clínica Morumbi ➡ 47
2026-09-11 14:17:59,210 - INFO - Volunteer payload prepared: {'nome': '240-3', 'iniciais': 'Larissa Matias ', 'data_nascimento': '1970-10-29', 'sexo': None, 'email': '', 'data_inclusao': '2026-09-11', 'centro': '47', 'contatos': '11111111111'}
2026-09-11 14:17:59,298 - INFO - DEBUG: Available procedures in PoloTrial for unique visit: ['Consulta Médica', 'Módulo Saúde', 'Módulo Identificação da Paciente', 'Módulo Menopausa', 'Questionário da Saúde da Mulher - WHQ\t', 'Questionário GAD-7', 'Questionário PHQ9', 'Questionário WPAI', 'Questionário Short Form - SF-36']
2026-09-11 14:17:59,300 - INFO -  - ID: 652384 | Procedure: Consulta Médica | Appointment date: 2026-09-11T00:00:00.000Z | Check field: cm_atendimento_dt=2026-09-11 | Date field: cm_atendimento_dt=2026-09-11
2026-09-11 14:17:59,301 - INFO -  - ID: 652385 | Procedure: Módulo Saúde | Appointment date: 2026-09-11T00:00:00.000Z | Check field: s0=2026-09-11 | Date field: s0=2026-09-11
2026-09-11 14:17:59,302 - INFO -  - ID: 652386 | Procedure: Módulo Identificação da Paciente | Appointment date: 2026-09-11T00:00:00.000Z | Check field: idp3=240-3 | Date field: idp4=2026-09-11
2026-09-11 14:17:59,303 - INFO -  - ID: 652387 | Procedure: Módulo Menopausa | Appointment date: 2026-09-11T00:00:00.000Z | Check field: pm0=2026-09-11 | Date field: pm0=2026-09-11
2026-09-11 14:17:59,304 - INFO -  - ID: 652388 | Procedure: Questionário da Saúde da Mulher - WHQ	 | Appointment date: 2026-09-11T00:00:00.000Z | Check field: whq0=2026-09-11 | Date field: whq0=2026-09-11
2026-09-11 14:17:59,305 - INFO -  - ID: 652389 | Procedure: Questionário GAD-7 | Appointment date: nan | Check field: gad7_0=N/A | Date field: gad7_0=N/A
2026-09-11 14:17:59,311 - INFO -  - ID: 652390 | Procedure: Questionário PHQ9 | Appointment date: 2026-09-11T00:00:00.000Z | Check field: phq9_0=2026-09-11 | Date field: phq9_0=2026-09-11
2026-09-11 14:17:59,313 - INFO -  - ID: 652391 | Procedure: Questionário WPAI | Appointment date: nan | Check field: wpai0=N/A | Date field: wpai0=N/A
2026-09-11 14:17:59,314 - INFO -  - ID: 652392 | Procedure: Questionário Short Form - SF-36 | Appointment date: nan | Check field: None=N/A | Date field: None=N/A
2026-09-11 14:17:59,315 - INFO - DEBUG: Procedure mapping summary:
2026-09-11 14:17:59,316 - INFO -  1. Total procedures in PoloTrial for unique visit: 9
2026-09-11 14:17:59,316 - INFO -  2. Matched with REDCap mapping: 8
2026-09-11 14:17:59,317 - INFO -  3. Unmatched procedures: 1
2026-09-11 14:17:59,319 - WARNING - DEBUG: Unmatched procedures (no mapping found in POLOTRIAL_UNIQUE_EVENT_PROCEDURES_MAP): ['Questionário Short Form - SF-36']
2026-09-11 14:17:59,320 - WARNING -  - 'Questionário Short Form - SF-36'
2026-09-11 14:17:59,330 - INFO - No procedures to sync for pattern: M[oóOÓ]dulo\s+Identifica[cçCÇ][aãAÃ]o\s+da\s+Paciente
2026-09-11 14:17:59,334 - INFO - No procedures to sync for pattern: Consulta\s+M[eéEÉ]dica
2026-09-11 14:17:59,337 - INFO - No procedures to sync for pattern: M[oóOÓ]dulo\s+Sa[uúUÚ]de
2026-09-11 14:17:59,344 - INFO - No procedures to sync for pattern: M[oóOÓ]dulo\s+Menopausa
2026-09-11 14:17:59,347 - INFO - No procedures to sync for pattern: Question[aáAÁ]rio\s+da\s+Sa[uúUÚ]de\s+da\s+Mulher\s+-\s+WHQ
2026-09-11 14:17:59,351 - INFO - No procedures to sync for pattern: Question[aáAÁ]rio\s+Short\s+Form\s+SF-36
2026-09-11 14:17:59,359 - INFO - No procedures to sync for pattern: Question[aáAÁ]rio\s+PHQ9
2026-09-11 14:17:59,362 - INFO - No date found in REDCap for procedure Questionário WPAI (check_field=wpai0, date_field=wpai0). Skipping sync.
2026-09-11 14:17:59,365 - INFO - No date found in REDCap for procedure Questionário GAD-7 (check_field=gad7_0, date_field=gad7_0). Skipping sync.
2026-09-11 14:17:59,373 - INFO - Unique visit procedures synchronization completed. Total procedures synced: 0/9
2026-09-11 14:17:59,374 - INFO - Executor name from REDCap: Eduardo Augusto Rabelo Socca
2026-09-11 14:17:59,407 - INFO - Volunteer 240-3 already exists in PoloTrial with ID: 3341
2026-09-11 14:17:59,408 - INFO - DEBUG: Searching protocol Embrace for site 47
2026-09-11 14:17:59,852 - INFO - Executor 'Eduardo Augusto Rabelo Socca' (ID: 2761) is already linked to procedure ID: 652384. No action needed.
2026-09-11 14:17:59,855 - INFO - Unique visit synchronization completed for record_id=240-3, event_name=visita_unica_arm_1
2026-09-11 14:17:59,855 - INFO - Protocol found: Embrace with ID: 2381 (site=47)
2026-09-11 14:17:59,856 - INFO - Successfully dispatched event: record_id=240-3, event_name=visita_unica_arm_1, repeat_instance=None
2026-09-11 14:18:00,065 - INFO - DEBUG: Protocol Arm founded for the unique visit: ['Embrace']
2026-09-11 14:18:00,066 - INFO - Arm matched: Embrace with ID: 283
2026-09-11 14:18:00,584 - INFO - Participant found in PoloTrial with ID: 3316
2026-09-11 14:18:06,326 - INFO - Participant visits retrieved: 1, for participant ID: 3316
2026-09-11 14:18:06,327 - INFO - Looking for unique visit with name: Visita única among: ['Visita única']
2026-09-11 14:18:06,328 - INFO - Participant visit found: Visita única with ID: 40710
2026-09-11 14:18:06,488 - INFO - Unique visit already up to date (id=40710).
2026-09-11 14:18:06,701 - INFO - DEBUG: Available procedures in PoloTrial for unique visit: ['Consulta Médica', 'Módulo Saúde', 'Módulo Identificação da Paciente', 'Módulo Menopausa', 'Questionário da Saúde da Mulher - WHQ\t', 'Questionário GAD-7', 'Questionário PHQ9', 'Questionário WPAI', 'Questionário Short Form - SF-36']
2026-09-11 14:18:06,703 - INFO -  - ID: 652384 | Procedure: Consulta Médica | Appointment date: 2026-09-11T00:00:00.000Z | Check field: cm_atendimento_dt=2026-09-11 | Date field: cm_atendimento_dt=2026-09-11
2026-09-11 14:18:06,705 - INFO -  - ID: 652385 | Procedure: Módulo Saúde | Appointment date: 2026-09-11T00:00:00.000Z | Check field: s0=2026-09-11 | Date field: s0=2026-09-11
2026-09-11 14:18:06,706 - INFO -  - ID: 652386 | Procedure: Módulo Identificação da Paciente | Appointment date: 2026-09-11T00:00:00.000Z | Check field: idp3=240-3 | Date field: idp4=2026-09-11
2026-09-11 14:18:06,707 - INFO -  - ID: 652387 | Procedure: Módulo Menopausa | Appointment date: 2026-09-11T00:00:00.000Z | Check field: pm0=2026-09-11 | Date field: pm0=2026-09-11
2026-09-11 14:18:06,708 - INFO -  - ID: 652388 | Procedure: Questionário da Saúde da Mulher - WHQ	 | Appointment date: 2026-09-11T00:00:00.000Z | Check field: whq0=2026-09-11 | Date field: whq0=2026-09-11
2026-09-11 14:18:06,710 - INFO -  - ID: 652389 | Procedure: Questionário GAD-7 | Appointment date: nan | Check field: gad7_0=N/A | Date field: gad7_0=N/A
2026-09-11 14:18:06,711 - INFO -  - ID: 652390 | Procedure: Questionário PHQ9 | Appointment date: 2026-09-11T00:00:00.000Z | Check field: phq9_0=2026-09-11 | Date field: phq9_0=2026-09-11
2026-09-11 14:18:06,713 - INFO -  - ID: 652391 | Procedure: Questionário WPAI | Appointment date: nan | Check field: wpai0=N/A | Date field: wpai0=N/A
2026-09-11 14:18:06,714 - INFO -  - ID: 652392 | Procedure: Questionário Short Form - SF-36 | Appointment date: nan | Check field: None=N/A | Date field: None=N/A
2026-09-11 14:18:06,715 - INFO - DEBUG: Procedure mapping summary:
2026-09-11 14:18:06,715 - INFO -  1. Total procedures in PoloTrial for unique visit: 9
2026-09-11 14:18:06,716 - INFO -  2. Matched with REDCap mapping: 8
2026-09-11 14:18:06,718 - INFO -  3. Unmatched procedures: 1
2026-09-11 14:18:06,719 - WARNING - DEBUG: Unmatched procedures (no mapping found in POLOTRIAL_UNIQUE_EVENT_PROCEDURES_MAP): ['Questionário Short Form - SF-36']
2026-09-11 14:18:06,720 - WARNING -  - 'Questionário Short Form - SF-36'
2026-09-11 14:18:06,724 - INFO - No procedures to sync for pattern: M[oóOÓ]dulo\s+Identifica[cçCÇ][aãAÃ]o\s+da\s+Paciente
2026-09-11 14:18:06,728 - INFO - No procedures to sync for pattern: Consulta\s+M[eéEÉ]dica
2026-09-11 14:18:06,732 - INFO - No procedures to sync for pattern: M[oóOÓ]dulo\s+Sa[uúUÚ]de
2026-09-11 14:18:06,735 - INFO - No procedures to sync for pattern: M[oóOÓ]dulo\s+Menopausa
2026-09-11 14:18:06,740 - INFO - No procedures to sync for pattern: Question[aáAÁ]rio\s+da\s+Sa[uúUÚ]de\s+da\s+Mulher\s+-\s+WHQ
2026-09-11 14:18:06,744 - INFO - No procedures to sync for pattern: Question[aáAÁ]rio\s+Short\s+Form\s+SF-36
2026-09-11 14:18:06,748 - INFO - No procedures to sync for pattern: Question[aáAÁ]rio\s+PHQ9
2026-09-11 14:18:06,753 - INFO - No date found in REDCap for procedure Questionário WPAI (check_field=wpai0, date_field=wpai0). Skipping sync.
2026-09-11 14:18:06,760 - INFO - No date found in REDCap for procedure Questionário GAD-7 (check_field=gad7_0, date_field=gad7_0). Skipping sync.
2026-09-11 14:18:06,761 - INFO - Unique visit procedures synchronization completed. Total procedures synced: 0/9
2026-09-11 14:18:06,762 - INFO - Executor name from REDCap: Eduardo Augusto Rabelo Socca
2026-09-11 14:18:07,244 - INFO - Executor 'Eduardo Augusto Rabelo Socca' (ID: 2761) is already linked to procedure ID: 652384. No action needed.
2026-09-11 14:18:07,245 - INFO - Unique visit synchronization completed for record_id=240-3, event_name=visita_unica_arm_1
2026-09-11 14:18:07,246 - INFO - Successfully dispatched event: record_id=240-3, event_name=visita_unica_arm_1, repeat_instance=None
2026-09-11 14:18:09,212 - INFO - Participant visits retrieved: 1, for participant ID: 3316
2026-09-11 14:18:09,214 - INFO - Looking for unique visit with name: Visita única among: ['Visita única']
2026-09-11 14:18:09,215 - INFO - Participant visit found: Visita única with ID: 40710
2026-09-11 14:18:09,435 - INFO - Unique visit already up to date (id=40710).
2026-09-11 14:18:09,644 - INFO - DEBUG: Available procedures in PoloTrial for unique visit: ['Consulta Médica', 'Módulo Saúde', 'Módulo Identificação da Paciente', 'Módulo Menopausa', 'Questionário da Saúde da Mulher - WHQ\t', 'Questionário GAD-7', 'Questionário PHQ9', 'Questionário WPAI', 'Questionário Short Form - SF-36']
2026-09-11 14:18:09,649 - INFO -  - ID: 652384 | Procedure: Consulta Médica | Appointment date: 2026-09-11T00:00:00.000Z | Check field: cm_atendimento_dt=2026-09-11 | Date field: cm_atendimento_dt=2026-09-11
2026-09-11 14:18:09,650 - INFO -  - ID: 652385 | Procedure: Módulo Saúde | Appointment date: 2026-09-11T00:00:00.000Z | Check field: s0=2026-09-11 | Date field: s0=2026-09-11
2026-09-11 14:18:09,652 - INFO -  - ID: 652386 | Procedure: Módulo Identificação da Paciente | Appointment date: 2026-09-11T00:00:00.000Z | Check field: idp3=240-3 | Date field: idp4=2026-09-11
2026-09-11 14:18:09,654 - INFO -  - ID: 652387 | Procedure: Módulo Menopausa | Appointment date: 2026-09-11T00:00:00.000Z | Check field: pm0=2026-09-11 | Date field: pm0=2026-09-11
2026-09-11 14:18:09,656 - INFO -  - ID: 652388 | Procedure: Questionário da Saúde da Mulher - WHQ	 | Appointment date: 2026-09-11T00:00:00.000Z | Check field: whq0=2026-09-11 | Date field: whq0=2026-09-11
2026-09-11 14:18:09,658 - INFO -  - ID: 652389 | Procedure: Questionário GAD-7 | Appointment date: nan | Check field: gad7_0=2026-09-11 | Date field: gad7_0=2026-09-11
2026-09-11 14:18:09,660 - INFO -  - ID: 652390 | Procedure: Questionário PHQ9 | Appointment date: 2026-09-11T00:00:00.000Z | Check field: phq9_0=2026-09-11 | Date field: phq9_0=2026-09-11
2026-09-11 14:18:09,661 - INFO -  - ID: 652391 | Procedure: Questionário WPAI | Appointment date: nan | Check field: wpai0=N/A | Date field: wpai0=N/A
2026-09-11 14:18:09,663 - INFO -  - ID: 652392 | Procedure: Questionário Short Form - SF-36 | Appointment date: nan | Check field: None=N/A | Date field: None=N/A
2026-09-11 14:18:09,665 - INFO - DEBUG: Procedure mapping summary:
2026-09-11 14:18:09,672 - INFO -  1. Total procedures in PoloTrial for unique visit: 9
2026-09-11 14:18:09,674 - INFO -  2. Matched with REDCap mapping: 8
2026-09-11 14:18:09,676 - INFO -  3. Unmatched procedures: 1
2026-09-11 14:18:09,678 - WARNING - DEBUG: Unmatched procedures (no mapping found in POLOTRIAL_UNIQUE_EVENT_PROCEDURES_MAP): ['Questionário Short Form - SF-36']
2026-09-11 14:18:09,680 - WARNING -  - 'Questionário Short Form - SF-36'
2026-09-11 14:18:09,687 - INFO - No procedures to sync for pattern: M[oóOÓ]dulo\s+Identifica[cçCÇ][aãAÃ]o\s+da\s+Paciente
2026-09-11 14:18:09,692 - INFO - No procedures to sync for pattern: Consulta\s+M[eéEÉ]dica
2026-09-11 14:18:09,697 - INFO - No procedures to sync for pattern: M[oóOÓ]dulo\s+Sa[uúUÚ]de
2026-09-11 14:18:09,701 - INFO - No procedures to sync for pattern: M[oóOÓ]dulo\s+Menopausa
2026-09-11 14:18:09,705 - INFO - No procedures to sync for pattern: Question[aáAÁ]rio\s+da\s+Sa[uúUÚ]de\s+da\s+Mulher\s+-\s+WHQ
2026-09-11 14:18:09,713 - INFO - No procedures to sync for pattern: Question[aáAÁ]rio\s+Short\s+Form\s+SF-36
2026-09-11 14:18:09,717 - INFO - No procedures to sync for pattern: Question[aáAÁ]rio\s+PHQ9
2026-09-11 14:18:09,730 - INFO - No date found in REDCap for procedure Questionário WPAI (check_field=wpai0, date_field=wpai0). Skipping sync.
2026-09-11 14:18:09,920 - INFO - ✅ Synced procedure 'Questionário GAD-7' (ID: 652389) with date: 2026-09-11
2026-09-11 14:18:09,921 - INFO - Unique visit procedures synchronization completed. Total procedures synced: 1/9
2026-09-11 14:18:09,922 - INFO - Executor name from REDCap: Eduardo Augusto Rabelo Socca
2026-09-11 14:18:10,362 - INFO - Executor 'Eduardo Augusto Rabelo Socca' (ID: 2761) is already linked to procedure ID: 652384. No action needed.
2026-09-11 14:18:10,364 - INFO - Unique visit synchronization completed for record_id=240-3, event_name=visita_unica_arm_1
2026-09-11 14:18:10,365 - INFO - Successfully dispatched event: record_id=240-3, event_name=visita_unica_arm_1, repeat_instance=None
2026-09-11 14:18:17,186 - INFO - Participant visits retrieved: 1, for participant ID: 3316
2026-09-11 14:18:17,194 - INFO - Looking for unique visit with name: Visita única among: ['Visita única']
2026-09-11 14:18:17,196 - INFO - Participant visit found: Visita única with ID: 40710
2026-09-11 14:18:18,008 - INFO - Unique visit already up to date (id=40710).
2026-09-11 14:18:18,290 - INFO - DEBUG: Available procedures in PoloTrial for unique visit: ['Consulta Médica', 'Módulo Saúde', 'Módulo Identificação da Paciente', 'Módulo Menopausa', 'Questionário da Saúde da Mulher - WHQ\t', 'Questionário GAD-7', 'Questionário PHQ9', 'Questionário WPAI', 'Questionário Short Form - SF-36']
2026-09-11 14:18:18,321 - INFO -  - ID: 652384 | Procedure: Consulta Médica | Appointment date: 2026-09-11T00:00:00.000Z | Check field: cm_atendimento_dt=2026-09-11 | Date field: cm_atendimento_dt=2026-09-11
2026-09-11 14:18:18,418 - INFO -  - ID: 652385 | Procedure: Módulo Saúde | Appointment date: 2026-09-11T00:00:00.000Z | Check field: s0=2026-09-11 | Date field: s0=2026-09-11
2026-09-11 14:18:18,523 - INFO -  - ID: 652386 | Procedure: Módulo Identificação da Paciente | Appointment date: 2026-09-11T00:00:00.000Z | Check field: idp3=240-3 | Date field: idp4=2026-09-11
2026-09-11 14:18:18,530 - INFO -  - ID: 652387 | Procedure: Módulo Menopausa | Appointment date: 2026-09-11T00:00:00.000Z | Check field: pm0=2026-09-11 | Date field: pm0=2026-09-11
2026-09-11 14:18:18,551 - INFO -  - ID: 652388 | Procedure: Questionário da Saúde da Mulher - WHQ	 | Appointment date: 2026-09-11T00:00:00.000Z | Check field: whq0=2026-09-11 | Date field: whq0=2026-09-11
2026-09-11 14:18:18,568 - INFO -  - ID: 652389 | Procedure: Questionário GAD-7 | Appointment date: 2026-09-11T00:00:00.000Z | Check field: gad7_0=2026-09-11 | Date field: gad7_0=2026-09-11
2026-09-11 14:18:18,585 - INFO -  - ID: 652390 | Procedure: Questionário PHQ9 | Appointment date: 2026-09-11T00:00:00.000Z | Check field: phq9_0=2026-09-11 | Date field: phq9_0=2026-09-11
2026-09-11 14:18:18,595 - INFO -  - ID: 652391 | Procedure: Questionário WPAI | Appointment date: nan | Check field: wpai0=N/A | Date field: wpai0=N/A
2026-09-11 14:18:18,616 - INFO -  - ID: 652392 | Procedure: Questionário Short Form - SF-36 | Appointment date: nan | Check field: None=N/A | Date field: None=N/A
2026-09-11 14:18:18,624 - INFO - DEBUG: Procedure mapping summary:
2026-09-11 14:18:18,629 - INFO -  1. Total procedures in PoloTrial for unique visit: 9
2026-09-11 14:18:18,640 - INFO -  2. Matched with REDCap mapping: 8
2026-09-11 14:18:18,643 - INFO -  3. Unmatched procedures: 1
2026-09-11 14:18:18,654 - WARNING - DEBUG: Unmatched procedures (no mapping found in POLOTRIAL_UNIQUE_EVENT_PROCEDURES_MAP): ['Questionário Short Form - SF-36']
2026-09-11 14:18:18,659 - WARNING -  - 'Questionário Short Form - SF-36'
2026-09-11 14:18:18,676 - INFO - No procedures to sync for pattern: M[oóOÓ]dulo\s+Identifica[cçCÇ][aãAÃ]o\s+da\s+Paciente
2026-09-11 14:18:18,690 - INFO - No procedures to sync for pattern: Consulta\s+M[eéEÉ]dica
2026-09-11 14:18:18,707 - INFO - No procedures to sync for pattern: M[oóOÓ]dulo\s+Sa[uúUÚ]de
2026-09-11 14:18:18,720 - INFO - No procedures to sync for pattern: M[oóOÓ]dulo\s+Menopausa
2026-09-11 14:18:18,734 - INFO - No procedures to sync for pattern: Question[aáAÁ]rio\s+da\s+Sa[uúUÚ]de\s+da\s+Mulher\s+-\s+WHQ
2026-09-11 14:18:18,748 - INFO - No procedures to sync for pattern: Question[aáAÁ]rio\s+Short\s+Form\s+SF-36
2026-09-11 14:18:18,768 - INFO - No procedures to sync for pattern: Question[aáAÁ]rio\s+PHQ9
2026-09-11 14:18:18,774 - INFO - No date found in REDCap for procedure Questionário WPAI (check_field=wpai0, date_field=wpai0). Skipping sync.
2026-09-11 14:18:18,804 - INFO - No procedures to sync for pattern: Question[aáAÁ]rio\s+GAD-7
2026-09-11 14:18:18,806 - INFO - Unique visit procedures synchronization completed. Total procedures synced: 0/9
2026-09-11 14:18:18,807 - INFO - Executor name from REDCap: Eduardo Augusto Rabelo Socca
2026-09-11 14:18:19,453 - INFO - Executor 'Eduardo Augusto Rabelo Socca' (ID: 2761) is already linked to procedure ID: 652384. No action needed.
2026-09-11 14:18:19,454 - INFO - Unique visit synchronization completed for record_id=240-3, event_name=visita_unica_arm_1
2026-09-11 14:18:19,455 - INFO - Successfully dispatched event: record_id=240-3, event_name=visita_unica_arm_1, repeat_instance=None
2026-09-11 14:18:24,921 - INFO - Participant visits retrieved: 1, for participant ID: 3316
2026-09-11 14:18:24,922 - INFO - Looking for unique visit with name: Visita única among: ['Visita única']
2026-09-11 14:18:24,923 - INFO - Participant visit found: Visita única with ID: 40710
2026-09-11 14:18:25,090 - INFO - Unique visit already up to date (id=40710).
2026-09-11 14:18:25,356 - INFO - DEBUG: Available procedures in PoloTrial for unique visit: ['Consulta Médica', 'Módulo Saúde', 'Módulo Identificação da Paciente', 'Módulo Menopausa', 'Questionário da Saúde da Mulher - WHQ\t', 'Questionário GAD-7', 'Questionário PHQ9', 'Questionário WPAI', 'Questionário Short Form - SF-36']
2026-09-11 14:18:25,364 - INFO -  - ID: 652384 | Procedure: Consulta Médica | Appointment date: 2026-09-11T00:00:00.000Z | Check field: cm_atendimento_dt=2026-09-11 | Date field: cm_atendimento_dt=2026-09-11
2026-09-11 14:18:25,366 - INFO -  - ID: 652385 | Procedure: Módulo Saúde | Appointment date: 2026-09-11T00:00:00.000Z | Check field: s0=2026-09-11 | Date field: s0=2026-09-11
2026-09-11 14:18:25,368 - INFO -  - ID: 652386 | Procedure: Módulo Identificação da Paciente | Appointment date: 2026-09-11T00:00:00.000Z | Check field: idp3=240-3 | Date field: idp4=2026-09-11
2026-09-11 14:18:25,373 - INFO -  - ID: 652387 | Procedure: Módulo Menopausa | Appointment date: 2026-09-11T00:00:00.000Z | Check field: pm0=2026-09-11 | Date field: pm0=2026-09-11
2026-09-11 14:18:25,383 - INFO -  - ID: 652388 | Procedure: Questionário da Saúde da Mulher - WHQ	 | Appointment date: 2026-09-11T00:00:00.000Z | Check field: whq0=2026-09-11 | Date field: whq0=2026-09-11
2026-09-11 14:18:25,385 - INFO -  - ID: 652389 | Procedure: Questionário GAD-7 | Appointment date: 2026-09-11T00:00:00.000Z | Check field: gad7_0=2026-09-11 | Date field: gad7_0=2026-09-11
2026-09-11 14:18:25,387 - INFO -  - ID: 652390 | Procedure: Questionário PHQ9 | Appointment date: 2026-09-11T00:00:00.000Z | Check field: phq9_0=2026-09-11 | Date field: phq9_0=2026-09-11
2026-09-11 14:18:25,389 - INFO -  - ID: 652391 | Procedure: Questionário WPAI | Appointment date: nan | Check field: wpai0=N/A | Date field: wpai0=N/A
2026-09-11 14:18:25,391 - INFO -  - ID: 652392 | Procedure: Questionário Short Form - SF-36 | Appointment date: nan | Check field: None=N/A | Date field: None=N/A
2026-09-11 14:18:25,392 - INFO - DEBUG: Procedure mapping summary:
2026-09-11 14:18:25,394 - INFO -  1. Total procedures in PoloTrial for unique visit: 9
2026-09-11 14:18:25,397 - INFO -  2. Matched with REDCap mapping: 8
2026-09-11 14:18:25,398 - INFO -  3. Unmatched procedures: 1
2026-09-11 14:18:25,399 - WARNING - DEBUG: Unmatched procedures (no mapping found in POLOTRIAL_UNIQUE_EVENT_PROCEDURES_MAP): ['Questionário Short Form - SF-36']
2026-09-11 14:18:25,401 - WARNING -  - 'Questionário Short Form - SF-36'
2026-09-11 14:18:25,407 - INFO - No procedures to sync for pattern: M[oóOÓ]dulo\s+Identifica[cçCÇ][aãAÃ]o\s+da\s+Paciente
2026-09-11 14:18:25,419 - INFO - No procedures to sync for pattern: Consulta\s+M[eéEÉ]dica
2026-09-11 14:18:25,424 - INFO - No procedures to sync for pattern: M[oóOÓ]dulo\s+Sa[uúUÚ]de
2026-09-11 14:18:25,435 - INFO - No procedures to sync for pattern: M[oóOÓ]dulo\s+Menopausa
2026-09-11 14:18:25,441 - INFO - No procedures to sync for pattern: Question[aáAÁ]rio\s+da\s+Sa[uúUÚ]de\s+da\s+Mulher\s+-\s+WHQ
2026-09-11 14:18:25,455 - INFO - No procedures to sync for pattern: Question[aáAÁ]rio\s+Short\s+Form\s+SF-36
2026-09-11 14:18:25,464 - INFO - No procedures to sync for pattern: Question[aáAÁ]rio\s+PHQ9
2026-09-11 14:18:25,478 - INFO - No date found in REDCap for procedure Questionário WPAI (check_field=wpai0, date_field=wpai0). Skipping sync.
2026-09-11 14:18:25,491 - INFO - No procedures to sync for pattern: Question[aáAÁ]rio\s+GAD-7
2026-09-11 14:18:25,492 - INFO - Unique visit procedures synchronization completed. Total procedures synced: 0/9
2026-09-11 14:18:25,493 - INFO - Executor name from REDCap: Eduardo Augusto Rabelo Socca
2026-09-11 14:18:25,940 - INFO - Executor 'Eduardo Augusto Rabelo Socca' (ID: 2761) is already linked to procedure ID: 652384. No action needed.
2026-09-11 14:18:25,941 - INFO - Unique visit synchronization completed for record_id=240-3, event_name=visita_unica_arm_1
2026-09-11 14:18:25,942 - INFO - Successfully dispatched event: record_id=240-3, event_name=visita_unica_arm_1, repeat_instance=None
2026-09-11 14:18:34,840 - INFO - Received webhook from REDCap DET: project_id=68, username=[survey respondent], instrument=modulo_do_participante, record=240-3, redcap_event_name=visita_unica_arm_1, redcap_data_acess_group=, redcap_repeat_instance=None, redcap_repeat_instrument=None, redcap_url=https://svriglobal.org/redcap/, project_url=https://svriglobal.org/redcap/redcap_v17.3.10/index.php?pid=68
2026-09-11 14:18:34,844 - INFO - Dispatch runtime: pid=136344, module=/mnt/c/Users/Science/Documents/Python/integracao_embrace/src/integracao_embrace/dispatch.py, event_name='visita_unica_arm_1', instrument='modulo_do_participante'
2026-09-11 14:18:34,846 - INFO - Dispatching to unique visit handles: visita_unica_arm_1
2026-09-11 14:18:35,537 - INFO - Debug redcap url: https://svriglobal.org/redcap/api/
2026-09-11 14:18:35,538 - INFO - Debug redcaptoken (First 3 chars): E6B...
2026-09-11 14:18:35,538 - INFO - Debug redcap status: 200
2026-09-11 14:18:35,539 - INFO - Debug redcap response (first 30 chars): [{"record":"240-3","redcap_eve
2026-09-11 14:18:35,542 - INFO - REDCap: filtering event=visita_unica_arm_1 by repeat_instance=None; response instances=['', '1']
2026-09-11 14:18:35,543 - INFO - REDCap: exported record 240-3 for event visita_unica_arm_1, repeat_instance=None, with 250 fields from 250 entries
2026-09-11 14:18:35,544 - INFO - Mapped gender:  ➡ None
2026-09-11 14:18:35,545 - INFO - Mapped site: SVRI Clínica Morumbi ➡ 47
2026-09-11 14:18:35,546 - INFO - Volunteer payload prepared: {'nome': '240-3', 'iniciais': 'Larissa Matias ', 'data_nascimento': '1970-10-29', 'sexo': None, 'email': '', 'data_inclusao': '2026-09-11', 'centro': '47', 'contatos': '11111111111'}
2026-09-11 14:18:35,724 - INFO - Volunteer 240-3 already exists in PoloTrial with ID: 3341
2026-09-11 14:18:35,734 - INFO - DEBUG: Searching protocol Embrace for site 47
2026-09-11 14:18:36,196 - INFO - Protocol found: Embrace with ID: 2381 (site=47)
2026-09-11 14:18:36,401 - INFO - DEBUG: Protocol Arm founded for the unique visit: ['Embrace']
2026-09-11 14:18:36,411 - INFO - Arm matched: Embrace with ID: 283
2026-09-11 14:18:36,962 - INFO - Participant found in PoloTrial with ID: 3316
2026-09-11 14:19:01,101 - INFO - Participant visits retrieved: 1, for participant ID: 3316
2026-09-11 14:19:01,102 - INFO - Looking for unique visit with name: Visita única among: ['Visita única']
2026-09-11 14:19:01,102 - INFO - Participant visit found: Visita única with ID: 40710
2026-09-11 14:19:01,270 - INFO - Unique visit already up to date (id=40710).
2026-09-11 14:19:01,506 - INFO - DEBUG: Available procedures in PoloTrial for unique visit: ['Consulta Médica', 'Módulo Saúde', 'Módulo Identificação da Paciente', 'Módulo Menopausa', 'Questionário da Saúde da Mulher - WHQ\t', 'Questionário GAD-7', 'Questionário PHQ9', 'Questionário WPAI', 'Questionário Short Form - SF-36']
2026-09-11 14:19:01,508 - INFO -  - ID: 652384 | Procedure: Consulta Médica | Appointment date: 2026-09-11T00:00:00.000Z | Check field: cm_atendimento_dt=2026-09-11 | Date field: cm_atendimento_dt=2026-09-11
2026-09-11 14:19:01,509 - INFO -  - ID: 652385 | Procedure: Módulo Saúde | Appointment date: 2026-09-11T00:00:00.000Z | Check field: s0=2026-09-11 | Date field: s0=2026-09-11
2026-09-11 14:19:01,510 - INFO -  - ID: 652386 | Procedure: Módulo Identificação da Paciente | Appointment date: 2026-09-11T00:00:00.000Z | Check field: idp3=240-3 | Date field: idp4=2026-09-11
2026-09-11 14:19:01,511 - INFO -  - ID: 652387 | Procedure: Módulo Menopausa | Appointment date: 2026-09-11T00:00:00.000Z | Check field: pm0=2026-09-11 | Date field: pm0=2026-09-11
2026-09-11 14:19:01,512 - INFO -  - ID: 652388 | Procedure: Questionário da Saúde da Mulher - WHQ	 | Appointment date: 2026-09-11T00:00:00.000Z | Check field: whq0=2026-09-11 | Date field: whq0=2026-09-11
2026-09-11 14:19:01,513 - INFO -  - ID: 652389 | Procedure: Questionário GAD-7 | Appointment date: 2026-09-11T00:00:00.000Z | Check field: gad7_0=2026-09-11 | Date field: gad7_0=2026-09-11
2026-09-11 14:19:01,514 - INFO -  - ID: 652390 | Procedure: Questionário PHQ9 | Appointment date: 2026-09-11T00:00:00.000Z | Check field: phq9_0=2026-09-11 | Date field: phq9_0=2026-09-11
2026-09-11 14:19:01,514 - INFO -  - ID: 652391 | Procedure: Questionário WPAI | Appointment date: nan | Check field: wpai0=N/A | Date field: wpai0=N/A
2026-09-11 14:19:01,515 - INFO -  - ID: 652392 | Procedure: Questionário Short Form - SF-36 | Appointment date: nan | Check field: None=N/A | Date field: None=N/A
2026-09-11 14:19:01,516 - INFO - DEBUG: Procedure mapping summary:
2026-09-11 14:19:01,516 - INFO -  1. Total procedures in PoloTrial for unique visit: 9
2026-09-11 14:19:01,517 - INFO -  2. Matched with REDCap mapping: 8
2026-09-11 14:19:01,519 - INFO -  3. Unmatched procedures: 1
2026-09-11 14:19:01,519 - WARNING - DEBUG: Unmatched procedures (no mapping found in POLOTRIAL_UNIQUE_EVENT_PROCEDURES_MAP): ['Questionário Short Form - SF-36']
2026-09-11 14:19:01,520 - WARNING -  - 'Questionário Short Form - SF-36'
2026-09-11 14:19:01,523 - INFO - No procedures to sync for pattern: M[oóOÓ]dulo\s+Identifica[cçCÇ][aãAÃ]o\s+da\s+Paciente
2026-09-11 14:19:01,525 - INFO - No procedures to sync for pattern: Consulta\s+M[eéEÉ]dica
2026-09-11 14:19:01,527 - INFO - No procedures to sync for pattern: M[oóOÓ]dulo\s+Sa[uúUÚ]de
2026-09-11 14:19:01,529 - INFO - No procedures to sync for pattern: M[oóOÓ]dulo\s+Menopausa
2026-09-11 14:19:01,532 - INFO - No procedures to sync for pattern: Question[aáAÁ]rio\s+da\s+Sa[uúUÚ]de\s+da\s+Mulher\s+-\s+WHQ
2026-09-11 14:19:01,536 - INFO - No procedures to sync for pattern: Question[aáAÁ]rio\s+Short\s+Form\s+SF-36
2026-09-11 14:19:01,538 - INFO - No procedures to sync for pattern: Question[aáAÁ]rio\s+PHQ9
2026-09-11 14:19:01,541 - INFO - No date found in REDCap for procedure Questionário WPAI (check_field=wpai0, date_field=wpai0). Skipping sync.
2026-09-11 14:19:01,543 - INFO - No procedures to sync for pattern: Question[aáAÁ]rio\s+GAD-7
2026-09-11 14:19:01,544 - INFO - Unique visit procedures synchronization completed. Total procedures synced: 0/9
2026-09-11 14:19:01,545 - INFO - Executor name from REDCap: Eduardo Augusto Rabelo Socca
2026-09-11 14:19:02,032 - INFO - Executor 'Eduardo Augusto Rabelo Socca' (ID: 2761) is already linked to procedure ID: 652384. No action needed.
2026-09-11 14:19:02,032 - INFO - Unique visit synchronization completed for record_id=240-3, event_name=visita_unica_arm_1
2026-09-11 14:19:02,033 - INFO - Successfully dispatched event: record_id=240-3, event_name=visita_unica_arm_1, repeat_instance=None
2026-09-11 14:22:29,859 - INFO - Received webhook from REDCap DET: project_id=68, username=eduardosoccasvri, instrument=modulo_do_participante, record=240-3, redcap_event_name=visita_unica_arm_1, redcap_data_acess_group=, redcap_repeat_instance=None, redcap_repeat_instrument=None, redcap_url=https://svriglobal.org/redcap/, project_url=https://svriglobal.org/redcap/redcap_v17.3.10/index.php?pid=68
2026-09-11 14:22:29,863 - INFO - Dispatch runtime: pid=136344, module=/mnt/c/Users/Science/Documents/Python/integracao_embrace/src/integracao_embrace/dispatch.py, event_name='visita_unica_arm_1', instrument='modulo_do_participante'
2026-09-11 14:22:29,864 - INFO - Dispatching to unique visit handles: visita_unica_arm_1
2026-09-11 14:22:30,528 - INFO - Debug redcap url: https://svriglobal.org/redcap/api/
2026-09-11 14:22:30,529 - INFO - Debug redcaptoken (First 3 chars): E6B...
2026-09-11 14:22:30,529 - INFO - Debug redcap status: 200
2026-09-11 14:22:30,531 - INFO - Debug redcap response (first 30 chars): [{"record":"240-3","redcap_eve
2026-09-11 14:22:30,533 - INFO - REDCap: filtering event=visita_unica_arm_1 by repeat_instance=None; response instances=['', '1']
2026-09-11 14:22:30,534 - INFO - REDCap: exported record 240-3 for event visita_unica_arm_1, repeat_instance=None, with 250 fields from 250 entries
2026-09-11 14:22:30,534 - INFO - Mapped gender:  ➡ None
2026-09-11 14:22:30,535 - INFO - Mapped site: SVRI Clínica Morumbi ➡ 47
2026-09-11 14:22:30,536 - INFO - Volunteer payload prepared: {'nome': '240-3', 'iniciais': 'Larissa Matias ', 'data_nascimento': '1970-10-29', 'sexo': None, 'email': '', 'data_inclusao': '2026-09-11', 'centro': '47', 'contatos': '11111111111'}
2026-09-11 14:22:30,736 - INFO - Volunteer 240-3 already exists in PoloTrial with ID: 3341
2026-09-11 14:22:30,736 - INFO - DEBUG: Searching protocol Embrace for site 47
2026-09-11 14:22:31,143 - INFO - Protocol found: Embrace with ID: 2381 (site=47)
2026-09-11 14:22:31,365 - INFO - DEBUG: Protocol Arm founded for the unique visit: ['Embrace']
2026-09-11 14:22:31,366 - INFO - Arm matched: Embrace with ID: 283
2026-09-11 14:22:31,914 - INFO - Participant found in PoloTrial with ID: 3316
2026-09-11 14:22:56,075 - INFO - Participant visits retrieved: 1, for participant ID: 3316
2026-09-11 14:22:56,076 - INFO - Looking for unique visit with name: Visita única among: ['Visita única']
2026-09-11 14:22:56,077 - INFO - Participant visit found: Visita única with ID: 40710
2026-09-11 14:22:56,255 - INFO - Unique visit already up to date (id=40710).
2026-09-11 14:22:56,528 - INFO - DEBUG: Available procedures in PoloTrial for unique visit: ['Consulta Médica', 'Módulo Saúde', 'Módulo Identificação da Paciente', 'Módulo Menopausa', 'Questionário da Saúde da Mulher - WHQ\t', 'Questionário GAD-7', 'Questionário PHQ9', 'Questionário WPAI', 'Questionário Short Form - SF-36']
2026-09-11 14:22:56,530 - INFO -  - ID: 652384 | Procedure: Consulta Médica | Appointment date: 2026-09-11T00:00:00.000Z | Check field: cm_atendimento_dt=2026-09-11 | Date field: cm_atendimento_dt=2026-09-11
2026-09-11 14:22:56,531 - INFO -  - ID: 652385 | Procedure: Módulo Saúde | Appointment date: 2026-09-11T00:00:00.000Z | Check field: s0=2026-09-11 | Date field: s0=2026-09-11
2026-09-11 14:22:56,532 - INFO -  - ID: 652386 | Procedure: Módulo Identificação da Paciente | Appointment date: 2026-09-11T00:00:00.000Z | Check field: idp3=240-3 | Date field: idp4=2026-09-11
2026-09-11 14:22:56,532 - INFO -  - ID: 652387 | Procedure: Módulo Menopausa | Appointment date: 2026-09-11T00:00:00.000Z | Check field: pm0=2026-09-11 | Date field: pm0=2026-09-11
2026-09-11 14:22:56,533 - INFO -  - ID: 652388 | Procedure: Questionário da Saúde da Mulher - WHQ	 | Appointment date: 2026-09-11T00:00:00.000Z | Check field: whq0=2026-09-11 | Date field: whq0=2026-09-11
2026-09-11 14:22:56,534 - INFO -  - ID: 652389 | Procedure: Questionário GAD-7 | Appointment date: 2026-09-11T00:00:00.000Z | Check field: gad7_0=2026-09-11 | Date field: gad7_0=2026-09-11
2026-09-11 14:22:56,535 - INFO -  - ID: 652390 | Procedure: Questionário PHQ9 | Appointment date: 2026-09-11T00:00:00.000Z | Check field: phq9_0=2026-09-11 | Date field: phq9_0=2026-09-11
2026-09-11 14:22:56,536 - INFO -  - ID: 652391 | Procedure: Questionário WPAI | Appointment date: nan | Check field: wpai0=N/A | Date field: wpai0=N/A
2026-09-11 14:22:56,538 - INFO -  - ID: 652392 | Procedure: Questionário Short Form - SF-36 | Appointment date: nan | Check field: None=N/A | Date field: None=N/A
2026-09-11 14:22:56,538 - INFO - DEBUG: Procedure mapping summary:
2026-09-11 14:22:56,539 - INFO -  1. Total procedures in PoloTrial for unique visit: 9
2026-09-11 14:22:56,540 - INFO -  2. Matched with REDCap mapping: 8
2026-09-11 14:22:56,540 - INFO -  3. Unmatched procedures: 1
2026-09-11 14:22:56,541 - WARNING - DEBUG: Unmatched procedures (no mapping found in POLOTRIAL_UNIQUE_EVENT_PROCEDURES_MAP): ['Questionário Short Form - SF-36']
2026-09-11 14:22:56,542 - WARNING -  - 'Questionário Short Form - SF-36'
2026-09-11 14:22:56,545 - INFO - No procedures to sync for pattern: M[oóOÓ]dulo\s+Identifica[cçCÇ][aãAÃ]o\s+da\s+Paciente
2026-09-11 14:22:56,548 - INFO - No procedures to sync for pattern: Consulta\s+M[eéEÉ]dica
2026-09-11 14:22:56,550 - INFO - No procedures to sync for pattern: M[oóOÓ]dulo\s+Sa[uúUÚ]de
2026-09-11 14:22:56,553 - INFO - No procedures to sync for pattern: M[oóOÓ]dulo\s+Menopausa
2026-09-11 14:22:56,557 - INFO - No procedures to sync for pattern: Question[aáAÁ]rio\s+da\s+Sa[uúUÚ]de\s+da\s+Mulher\s+-\s+WHQ
2026-09-11 14:22:56,559 - INFO - No procedures to sync for pattern: Question[aáAÁ]rio\s+Short\s+Form\s+SF-36
2026-09-11 14:22:56,562 - INFO - No procedures to sync for pattern: Question[aáAÁ]rio\s+PHQ9
2026-09-11 14:22:56,564 - INFO - No date found in REDCap for procedure Questionário WPAI (check_field=wpai0, date_field=wpai0). Skipping sync.
2026-09-11 14:22:56,566 - INFO - No procedures to sync for pattern: Question[aáAÁ]rio\s+GAD-7
2026-09-11 14:22:56,567 - INFO - Unique visit procedures synchronization completed. Total procedures synced: 0/9
2026-09-11 14:22:56,568 - INFO - Executor name from REDCap: Eduardo Augusto Rabelo Socca
2026-09-11 14:22:58,047 - INFO - Executor 'Eduardo Augusto Rabelo Socca' (ID: 2761) is already linked to procedure ID: 652384. No action needed.
2026-09-11 14:22:58,048 - INFO - Unique visit synchronization completed for record_id=240-3, event_name=visita_unica_arm_1
2026-09-11 14:22:58,049 - INFO - Successfully dispatched event: record_id=240-3, event_name=visita_unica_arm_1, repeat_instance=None
2026-09-11 14:24:33,531 - INFO - Received webhook from REDCap DET: project_id=68, username=eduardosoccasvri, instrument=modulo_do_participante, record=240-3, redcap_event_name=visita_unica_arm_1, redcap_data_acess_group=, redcap_repeat_instance=None, redcap_repeat_instrument=None, redcap_url=https://svriglobal.org/redcap/, project_url=https://svriglobal.org/redcap/redcap_v17.3.10/index.php?pid=68
2026-09-11 14:24:33,534 - INFO - Dispatch runtime: pid=136344, module=/mnt/c/Users/Science/Documents/Python/integracao_embrace/src/integracao_embrace/dispatch.py, event_name='visita_unica_arm_1', instrument='modulo_do_participante'
2026-09-11 14:24:33,535 - INFO - Dispatching to unique visit handles: visita_unica_arm_1
2026-09-11 14:24:34,209 - INFO - Debug redcap url: https://svriglobal.org/redcap/api/
2026-09-11 14:24:34,210 - INFO - Debug redcaptoken (First 3 chars): E6B...
2026-09-11 14:24:34,211 - INFO - Debug redcap status: 200
2026-09-11 14:24:34,211 - INFO - Debug redcap response (first 30 chars): [{"record":"240-3","redcap_eve
2026-09-11 14:24:34,213 - INFO - REDCap: filtering event=visita_unica_arm_1 by repeat_instance=None; response instances=['', '1']
2026-09-11 14:24:34,214 - INFO - REDCap: exported record 240-3 for event visita_unica_arm_1, repeat_instance=None, with 250 fields from 250 entries
2026-09-11 14:24:34,215 - INFO - Mapped gender:  ➡ None
2026-09-11 14:24:34,216 - INFO - Mapped site: SVRI Clínica Morumbi ➡ 47
2026-09-11 14:24:34,217 - INFO - Volunteer payload prepared: {'nome': '240-3', 'iniciais': 'Larissa Matias ', 'data_nascimento': '1970-10-29', 'sexo': None, 'email': '', 'data_inclusao': '2026-09-11', 'centro': '47', 'contatos': '11111111111'}
2026-09-11 14:24:34,426 - INFO - Volunteer 240-3 already exists in PoloTrial with ID: 3341
2026-09-11 14:24:34,427 - INFO - DEBUG: Searching protocol Embrace for site 47
2026-09-11 14:24:34,865 - INFO - Protocol found: Embrace with ID: 2381 (site=47)
2026-09-11 14:24:35,072 - INFO - DEBUG: Protocol Arm founded for the unique visit: ['Embrace']
2026-09-11 14:24:35,073 - INFO - Arm matched: Embrace with ID: 283
2026-09-11 14:24:35,661 - INFO - Participant found in PoloTrial with ID: 3316
2026-09-11 14:24:59,872 - INFO - Participant visits retrieved: 1, for participant ID: 3316
2026-09-11 14:24:59,874 - INFO - Looking for unique visit with name: Visita única among: ['Visita única']
2026-09-11 14:24:59,874 - INFO - Participant visit found: Visita única with ID: 40710
2026-09-11 14:25:00,043 - INFO - Unique visit already up to date (id=40710).
2026-09-11 14:25:00,262 - INFO - DEBUG: Available procedures in PoloTrial for unique visit: ['Consulta Médica', 'Módulo Saúde', 'Módulo Identificação da Paciente', 'Módulo Menopausa', 'Questionário da Saúde da Mulher - WHQ\t', 'Questionário GAD-7', 'Questionário PHQ9', 'Questionário WPAI', 'Questionário Short Form - SF-36']
2026-09-11 14:25:00,262 - INFO -  - ID: 652384 | Procedure: Consulta Médica | Appointment date: 2026-09-11T00:00:00.000Z | Check field: cm_atendimento_dt=2026-09-11 | Date field: cm_atendimento_dt=2026-09-11
2026-09-11 14:25:00,263 - INFO -  - ID: 652385 | Procedure: Módulo Saúde | Appointment date: 2026-09-11T00:00:00.000Z | Check field: s0=2026-09-11 | Date field: s0=2026-09-11
2026-09-11 14:25:00,263 - INFO -  - ID: 652386 | Procedure: Módulo Identificação da Paciente | Appointment date: 2026-09-11T00:00:00.000Z | Check field: idp3=240-3 | Date field: idp4=2026-09-11
2026-09-11 14:25:00,264 - INFO -  - ID: 652387 | Procedure: Módulo Menopausa | Appointment date: 2026-09-11T00:00:00.000Z | Check field: pm0=2026-09-11 | Date field: pm0=2026-09-11
2026-09-11 14:25:00,265 - INFO -  - ID: 652388 | Procedure: Questionário da Saúde da Mulher - WHQ	 | Appointment date: 2026-09-11T00:00:00.000Z | Check field: whq0=2026-09-11 | Date field: whq0=2026-09-11
2026-09-11 14:25:00,265 - INFO -  - ID: 652389 | Procedure: Questionário GAD-7 | Appointment date: 2026-09-11T00:00:00.000Z | Check field: gad7_0=2026-09-11 | Date field: gad7_0=2026-09-11
2026-09-11 14:25:00,266 - INFO -  - ID: 652390 | Procedure: Questionário PHQ9 | Appointment date: 2026-09-11T00:00:00.000Z | Check field: phq9_0=2026-09-11 | Date field: phq9_0=2026-09-11
2026-09-11 14:25:00,266 - INFO -  - ID: 652391 | Procedure: Questionário WPAI | Appointment date: nan | Check field: wpai0=N/A | Date field: wpai0=N/A
2026-09-11 14:25:00,267 - INFO -  - ID: 652392 | Procedure: Questionário Short Form - SF-36 | Appointment date: nan | Check field: None=N/A | Date field: None=N/A
2026-09-11 14:25:00,267 - INFO - DEBUG: Procedure mapping summary:
2026-09-11 14:25:00,267 - INFO -  1. Total procedures in PoloTrial for unique visit: 9
2026-09-11 14:25:00,268 - INFO -  2. Matched with REDCap mapping: 8
2026-09-11 14:25:00,268 - INFO -  3. Unmatched procedures: 1
2026-09-11 14:25:00,269 - WARNING - DEBUG: Unmatched procedures (no mapping found in POLOTRIAL_UNIQUE_EVENT_PROCEDURES_MAP): ['Questionário Short Form - SF-36']
2026-09-11 14:25:00,269 - WARNING -  - 'Questionário Short Form - SF-36'
2026-09-11 14:25:00,271 - INFO - No procedures to sync for pattern: M[oóOÓ]dulo\s+Identifica[cçCÇ][aãAÃ]o\s+da\s+Paciente
2026-09-11 14:25:00,273 - INFO - No procedures to sync for pattern: Consulta\s+M[eéEÉ]dica
2026-09-11 14:25:00,274 - INFO - No procedures to sync for pattern: M[oóOÓ]dulo\s+Sa[uúUÚ]de
2026-09-11 14:25:00,275 - INFO - No procedures to sync for pattern: M[oóOÓ]dulo\s+Menopausa
2026-09-11 14:25:00,277 - INFO - No procedures to sync for pattern: Question[aáAÁ]rio\s+da\s+Sa[uúUÚ]de\s+da\s+Mulher\s+-\s+WHQ
2026-09-11 14:25:00,278 - INFO - No procedures to sync for pattern: Question[aáAÁ]rio\s+Short\s+Form\s+SF-36
2026-09-11 14:25:00,279 - INFO - No procedures to sync for pattern: Question[aáAÁ]rio\s+PHQ9
2026-09-11 14:25:00,281 - INFO - No date found in REDCap for procedure Questionário WPAI (check_field=wpai0, date_field=wpai0). Skipping sync.
2026-09-11 14:25:00,282 - INFO - No procedures to sync for pattern: Question[aáAÁ]rio\s+GAD-7
2026-09-11 14:25:00,283 - INFO - Unique visit procedures synchronization completed. Total procedures synced: 0/9
2026-09-11 14:25:00,284 - INFO - Executor name from REDCap: Eduardo Augusto Rabelo Socca
2026-09-11 14:25:00,752 - INFO - Executor 'Eduardo Augusto Rabelo Socca' (ID: 2761) is already linked to procedure ID: 652384. No action needed.
2026-09-11 14:25:00,753 - INFO - Unique visit synchronization completed for record_id=240-3, event_name=visita_unica_arm_1
2026-09-11 14:25:00,754 - INFO - Successfully dispatched event: record_id=240-3, event_name=visita_unica_arm_1, repeat_instance=None
2026-09-11 14:25:00,825 - INFO - Shutting down webhooks for protocol Embrace
2026-09-11 14:25:42,339 - INFO - Webhook initialized for protocol Embrace
2026-09-11 14:25:42,417 - INFO - Received webhook from REDCap DET: project_id=68, username=eduardosoccasvri, instrument=modulo_do_participante, record=240-3, redcap_event_name=visita_unica_arm_1, redcap_data_acess_group=, redcap_repeat_instance=None, redcap_repeat_instrument=None, redcap_url=https://svriglobal.org/redcap/, project_url=https://svriglobal.org/redcap/redcap_v17.3.10/index.php?pid=68
2026-09-11 14:25:42,541 - INFO - Dispatch runtime: pid=149958, module=/mnt/c/Users/Science/Documents/Python/integracao_embrace/src/integracao_embrace/dispatch.py, event_name='visita_unica_arm_1', instrument='modulo_do_participante'
2026-09-11 14:25:42,541 - INFO - Dispatching to unique visit handles: visita_unica_arm_1
2026-09-11 14:25:43,282 - INFO - Debug redcap url: https://svriglobal.org/redcap/api/
2026-09-11 14:25:43,299 - INFO - Debug redcaptoken (First 3 chars): E6B...
2026-09-11 14:25:43,305 - INFO - Debug redcap status: 200
2026-09-11 14:25:43,307 - INFO - Debug redcap response (first 30 chars): [{"record":"240-3","redcap_eve
2026-09-11 14:25:43,311 - INFO - REDCap: filtering event=visita_unica_arm_1 by repeat_instance=None; response instances=['', '1']
2026-09-11 14:25:43,312 - INFO - REDCap: exported record 240-3 for event visita_unica_arm_1, repeat_instance=None, with 250 fields from 250 entries
2026-09-11 14:25:43,314 - INFO - Mapped gender:  ➡ None
2026-09-11 14:25:43,321 - INFO - Mapped site: SVRI Clínica Morumbi ➡ 47
2026-09-11 14:25:43,325 - INFO - Volunteer payload prepared: {'nome': '240-3', 'iniciais': 'Larissa Matias ', 'data_nascimento': '1970-10-29', 'sexo': None, 'email': '', 'data_inclusao': '2026-09-11', 'centro': '47', 'contatos': '11111111111'}
2026-09-11 14:25:44,502 - INFO - Polotrial: authentication succsssful
2026-09-11 14:25:44,705 - INFO - Volunteer 240-3 already exists in PoloTrial with ID: 3341
2026-09-11 14:25:44,706 - INFO - DEBUG: Searching protocol Embrace for site 47
2026-09-11 14:25:45,281 - INFO - Protocol found: Embrace with ID: 2381 (site=47)
2026-09-11 14:25:45,529 - INFO - DEBUG: Protocol Arm founded for the unique visit: ['Embrace']
2026-09-11 14:25:45,530 - INFO - Arm matched: Embrace with ID: 283
2026-09-11 14:25:46,188 - INFO - Participant found in PoloTrial with ID: 3316
2026-09-11 14:26:10,502 - INFO - Participant visits retrieved: 1, for participant ID: 3316
2026-09-11 14:26:10,503 - INFO - Looking for unique visit with name: Visita única among: ['Visita única']
2026-09-11 14:26:10,503 - INFO - Participant visit found: Visita única with ID: 40710
2026-09-11 14:26:10,710 - INFO - Unique visit already up to date (id=40710).
2026-09-11 14:26:10,966 - INFO - DEBUG: Available procedures in PoloTrial for unique visit: ['Consulta Médica', 'Módulo Saúde', 'Módulo Identificação da Paciente', 'Módulo Menopausa', 'Questionário da Saúde da Mulher - WHQ\t', 'Questionário GAD-7', 'Questionário PHQ9', 'Questionário WPAI', 'Questionário Short Form - SF-36']
2026-09-11 14:26:10,967 - INFO -  - ID: 652384 | Procedure: Consulta Médica | Appointment date: 2026-09-11T00:00:00.000Z | Check field: cm_atendimento_dt=2026-09-11 | Date field: cm_atendimento_dt=2026-09-11
2026-09-11 14:26:10,968 - INFO -  - ID: 652385 | Procedure: Módulo Saúde | Appointment date: 2026-09-11T00:00:00.000Z | Check field: s0=2026-09-11 | Date field: s0=2026-09-11
2026-09-11 14:26:10,969 - INFO -  - ID: 652386 | Procedure: Módulo Identificação da Paciente | Appointment date: 2026-09-11T00:00:00.000Z | Check field: idp3=240-3 | Date field: idp4=2026-09-11
2026-09-11 14:26:10,970 - INFO -  - ID: 652387 | Procedure: Módulo Menopausa | Appointment date: 2026-09-11T00:00:00.000Z | Check field: pm0=2026-09-11 | Date field: pm0=2026-09-11
2026-09-11 14:26:10,971 - INFO -  - ID: 652388 | Procedure: Questionário da Saúde da Mulher - WHQ	 | Appointment date: 2026-09-11T00:00:00.000Z | Check field: whq0=2026-09-11 | Date field: whq0=2026-09-11
2026-09-11 14:26:10,972 - INFO -  - ID: 652389 | Procedure: Questionário GAD-7 | Appointment date: 2026-09-11T00:00:00.000Z | Check field: gad7_0=2026-09-11 | Date field: gad7_0=2026-09-11
2026-09-11 14:26:10,972 - INFO -  - ID: 652390 | Procedure: Questionário PHQ9 | Appointment date: 2026-09-11T00:00:00.000Z | Check field: phq9_0=2026-09-11 | Date field: phq9_0=2026-09-11
2026-09-11 14:26:10,973 - INFO -  - ID: 652391 | Procedure: Questionário WPAI | Appointment date: nan | Check field: wpai0=N/A | Date field: wpai0=N/A
2026-09-11 14:26:10,974 - INFO -  - ID: 652392 | Procedure: Questionário Short Form - SF-36 | Appointment date: nan | Check field: sf36_0=2026-09-11 | Date field: sf36_0=2026-09-11
2026-09-11 14:26:10,974 - INFO - DEBUG: Procedure mapping summary:
2026-09-11 14:26:10,975 - INFO -  1. Total procedures in PoloTrial for unique visit: 9
2026-09-11 14:26:10,975 - INFO -  2. Matched with REDCap mapping: 9
2026-09-11 14:26:10,976 - INFO -  3. Unmatched procedures: 0
2026-09-11 14:26:10,984 - INFO - No procedures to sync for pattern: M[oóOÓ]dulo\s+Identifica[cçCÇ][aãAÃ]o\s+da\s+Paciente
2026-09-11 14:26:10,987 - INFO - No procedures to sync for pattern: Consulta\s+M[eéEÉ]dica
2026-09-11 14:26:10,989 - INFO - No procedures to sync for pattern: M[oóOÓ]dulo\s+Sa[uúUÚ]de
2026-09-11 14:26:10,992 - INFO - No procedures to sync for pattern: M[oóOÓ]dulo\s+Menopausa
2026-09-11 14:26:10,994 - INFO - No procedures to sync for pattern: Question[aáAÁ]rio\s+da\s+Sa[uúUÚ]de\s+da\s+Mulher\s+-\s+WHQ
2026-09-11 14:26:11,266 - INFO - ✅ Synced procedure 'Questionário Short Form - SF-36' (ID: 652392) with date: 2026-09-11
2026-09-11 14:26:11,268 - INFO - No procedures to sync for pattern: Question[aáAÁ]rio\s+PHQ9
2026-09-11 14:26:11,271 - INFO - No date found in REDCap for procedure Questionário WPAI (check_field=wpai0, date_field=wpai0). Skipping sync.
2026-09-11 14:26:11,273 - INFO - No procedures to sync for pattern: Question[aáAÁ]rio\s+GAD-7
2026-09-11 14:26:11,273 - INFO - Unique visit procedures synchronization completed. Total procedures synced: 1/9
2026-09-11 14:26:11,274 - INFO - Executor name from REDCap: Eduardo Augusto Rabelo Socca
2026-09-11 14:26:11,760 - INFO - Executor 'Eduardo Augusto Rabelo Socca' (ID: 2761) is already linked to procedure ID: 652384. No action needed.
2026-09-11 14:26:11,761 - INFO - Unique visit synchronization completed for record_id=240-3, event_name=visita_unica_arm_1
2026-09-11 14:26:11,762 - INFO - Successfully dispatched event: record_id=240-3, event_name=visita_unica_arm_1, repeat_instance=None
2026-09-11 14:28:18,349 - INFO - Shutting down webhooks for protocol Embrace
2026-09-11 14:28:31,383 - INFO - Webhook initialized for protocol Embrace
2026-09-11 14:31:16,242 - INFO - Received webhook from REDCap DET: project_id=68, username=eduardosoccasvri, instrument=modulo_m_menopausa, record=240-3, redcap_event_name=visita_unica_arm_1, redcap_data_acess_group=, redcap_repeat_instance=None, redcap_repeat_instrument=None, redcap_url=https://svriglobal.org/redcap/, project_url=https://svriglobal.org/redcap/redcap_v17.3.10/index.php?pid=68
2026-09-11 14:31:16,308 - INFO - Dispatch runtime: pid=150360, module=/mnt/c/Users/Science/Documents/Python/integracao_embrace/src/integracao_embrace/dispatch.py, event_name='visita_unica_arm_1', instrument='modulo_m_menopausa'
2026-09-11 14:31:16,309 - INFO - Dispatching to unique visit handles: visita_unica_arm_1
2026-09-11 14:31:17,029 - INFO - Debug redcap url: https://svriglobal.org/redcap/api/
2026-09-11 14:31:17,030 - INFO - Debug redcaptoken (First 3 chars): E6B...
2026-09-11 14:31:17,031 - INFO - Debug redcap status: 200
2026-09-11 14:31:17,032 - INFO - Debug redcap response (first 30 chars): [{"record":"240-3","redcap_eve
2026-09-11 14:31:17,035 - INFO - REDCap: filtering event=visita_unica_arm_1 by repeat_instance=None; response instances=['', '1']
2026-09-11 14:31:17,036 - INFO - REDCap: exported record 240-3 for event visita_unica_arm_1, repeat_instance=None, with 250 fields from 250 entries
2026-09-11 14:31:17,037 - INFO - Mapped gender:  ➡ None
2026-09-11 14:31:17,038 - INFO - Mapped site: SVRI Clínica Morumbi ➡ 47
2026-09-11 14:31:17,039 - INFO - Volunteer payload prepared: {'nome': '240-3', 'iniciais': 'Larissa Matias ', 'data_nascimento': '1970-10-29', 'sexo': None, 'email': '', 'data_inclusao': '2026-09-11', 'centro': '47', 'contatos': '11111111111'}
2026-09-11 14:31:17,751 - INFO - Polotrial: authentication succsssful
2026-09-11 14:31:17,934 - INFO - Volunteer 240-3 already exists in PoloTrial with ID: 3341
2026-09-11 14:31:17,935 - INFO - DEBUG: Searching protocol Embrace for site 47
2026-09-11 14:31:18,336 - INFO - Protocol found: Embrace with ID: 2381 (site=47)
2026-09-11 14:31:18,533 - INFO - DEBUG: Protocol Arm founded for the unique visit: ['Embrace']
2026-09-11 14:31:18,533 - INFO - Arm matched: Embrace with ID: 283
2026-09-11 14:31:19,059 - INFO - Participant found in PoloTrial with ID: 3316
2026-09-11 14:31:39,646 - INFO - Participant visits retrieved: 1, for participant ID: 3316
2026-09-11 14:31:39,646 - INFO - Looking for unique visit with name: Visita única among: ['Visita única']
2026-09-11 14:31:39,647 - INFO - Participant visit found: Visita única with ID: 40710
2026-09-11 14:31:39,823 - INFO - Unique visit already up to date (id=40710).
2026-09-11 14:31:40,306 - INFO - DEBUG: Available procedures in PoloTrial for unique visit: ['Consulta Médica', 'Módulo Saúde', 'Módulo Identificação da Paciente', 'Módulo Menopausa', 'Questionário da Saúde da Mulher - WHQ\t', 'Questionário GAD-7', 'Questionário PHQ9', 'Questionário WPAI', 'Questionário Short Form - SF-36']
2026-09-11 14:31:40,308 - INFO -  - ID: 652384 | Procedure: Consulta Médica | Appointment date: 2026-09-11T00:00:00.000Z | Check field: cm_atendimento_dt=2026-09-11 | Date field: cm_atendimento_dt=2026-09-11
2026-09-11 14:31:40,309 - INFO -  - ID: 652385 | Procedure: Módulo Saúde | Appointment date: 2026-09-11T00:00:00.000Z | Check field: s0=2026-09-11 | Date field: s0=2026-09-11
2026-09-11 14:31:40,310 - INFO -  - ID: 652386 | Procedure: Módulo Identificação da Paciente | Appointment date: 2026-09-11T00:00:00.000Z | Check field: idp3=240-3 | Date field: idp4=2026-09-11
2026-09-11 14:31:40,311 - INFO -  - ID: 652387 | Procedure: Módulo Menopausa | Appointment date: 2026-09-11T00:00:00.000Z | Check field: pm0=2026-09-11 | Date field: pm0=2026-09-11
2026-09-11 14:31:40,312 - INFO -  - ID: 652388 | Procedure: Questionário da Saúde da Mulher - WHQ	 | Appointment date: 2026-09-11T00:00:00.000Z | Check field: whq0=2026-09-11 | Date field: whq0=2026-09-11
2026-09-11 14:31:40,313 - INFO -  - ID: 652389 | Procedure: Questionário GAD-7 | Appointment date: 2026-09-11T00:00:00.000Z | Check field: gad7_0=2026-09-11 | Date field: gad7_0=2026-09-11
2026-09-11 14:31:40,314 - INFO -  - ID: 652390 | Procedure: Questionário PHQ9 | Appointment date: 2026-09-11T00:00:00.000Z | Check field: phq9_0=2026-09-11 | Date field: phq9_0=2026-09-11
2026-09-11 14:31:40,315 - INFO -  - ID: 652391 | Procedure: Questionário WPAI | Appointment date: nan | Check field: wpai0=N/A | Date field: wpai0=N/A
2026-09-11 14:31:40,315 - INFO -  - ID: 652392 | Procedure: Questionário Short Form - SF-36 | Appointment date: 2026-09-11T00:00:00.000Z | Check field: sf36_0=2026-09-11 | Date field: sf36_0=2026-09-11
2026-09-11 14:31:40,316 - INFO - DEBUG: Procedure mapping summary:
2026-09-11 14:31:40,316 - INFO -  1. Total procedures in PoloTrial for unique visit: 9
2026-09-11 14:31:40,317 - INFO -  2. Matched with REDCap mapping: 9
2026-09-11 14:31:40,318 - INFO -  3. Unmatched procedures: 0
2026-09-11 14:31:40,327 - INFO - No procedures to sync for pattern: M[oóOÓ]dulo\s+Identifica[cçCÇ][aãAÃ]o\s+da\s+Paciente
2026-09-11 14:31:40,330 - INFO - No procedures to sync for pattern: Consulta\s+M[eéEÉ]dica
2026-09-11 14:31:40,333 - INFO - No procedures to sync for pattern: M[oóOÓ]dulo\s+Sa[uúUÚ]de
2026-09-11 14:31:40,336 - INFO - No procedures to sync for pattern: M[oóOÓ]dulo\s+Menopausa
2026-09-11 14:31:40,340 - INFO - No procedures to sync for pattern: Question[aáAÁ]rio\s+da\s+Sa[uúUÚ]de\s+da\s+Mulher\s+-\s+WHQ
2026-09-11 14:31:40,342 - INFO - No procedures to sync for pattern: Question[aáAÁ]rio\s+Short\s+Form\s-\s+SF-36
2026-09-11 14:31:40,344 - INFO - No procedures to sync for pattern: Question[aáAÁ]rio\s+PHQ9
2026-09-11 14:31:40,347 - INFO - No date found in REDCap for procedure Questionário WPAI (check_field=wpai0, date_field=wpai0). Skipping sync.
2026-09-11 14:31:40,350 - INFO - No procedures to sync for pattern: Question[aáAÁ]rio\s+GAD-7
2026-09-11 14:31:40,351 - INFO - Unique visit procedures synchronization completed. Total procedures synced: 0/9
2026-09-11 14:31:40,352 - INFO - Executor name from REDCap: Eduardo Augusto Rabelo Socca
2026-09-11 14:31:40,860 - INFO - Executor 'Eduardo Augusto Rabelo Socca' (ID: 2761) is already linked to procedure ID: 652384. No action needed.
2026-09-11 14:31:40,861 - INFO - Unique visit synchronization completed for record_id=240-3, event_name=visita_unica_arm_1
2026-09-11 14:31:40,862 - INFO - Successfully dispatched event: record_id=240-3, event_name=visita_unica_arm_1, repeat_instance=None
2026-09-11 14:37:15,213 - INFO - Received webhook from REDCap DET: project_id=68, username=eduardosoccasvri, instrument=modulo_do_participante, record=240-3, redcap_event_name=visita_unica_arm_1, redcap_data_acess_group=, redcap_repeat_instance=None, redcap_repeat_instrument=None, redcap_url=https://svriglobal.org/redcap/, project_url=https://svriglobal.org/redcap/redcap_v17.3.10/index.php?pid=68
2026-09-11 14:37:15,219 - INFO - Dispatch runtime: pid=150360, module=/mnt/c/Users/Science/Documents/Python/integracao_embrace/src/integracao_embrace/dispatch.py, event_name='visita_unica_arm_1', instrument='modulo_do_participante'
2026-09-11 14:37:15,220 - INFO - Dispatching to unique visit handles: visita_unica_arm_1
2026-09-11 14:37:15,936 - INFO - Debug redcap url: https://svriglobal.org/redcap/api/
2026-09-11 14:37:15,937 - INFO - Debug redcaptoken (First 3 chars): E6B...
2026-09-11 14:37:15,939 - INFO - Debug redcap status: 200
2026-09-11 14:37:15,940 - INFO - Debug redcap response (first 30 chars): [{"record":"240-3","redcap_eve
2026-09-11 14:37:15,942 - INFO - REDCap: filtering event=visita_unica_arm_1 by repeat_instance=None; response instances=['', '1']
2026-09-11 14:37:15,943 - INFO - REDCap: exported record 240-3 for event visita_unica_arm_1, repeat_instance=None, with 255 fields from 255 entries
2026-09-11 14:37:15,944 - INFO - Mapped gender:  ➡ None
2026-09-11 14:37:15,945 - INFO - Mapped site: SVRI Clínica Morumbi ➡ 47
2026-09-11 14:37:15,945 - INFO - Volunteer payload prepared: {'nome': '240-3', 'iniciais': 'Larissa Matias ', 'data_nascimento': '1970-10-29', 'sexo': None, 'email': '', 'data_inclusao': '2026-09-11', 'centro': '47', 'contatos': '11111111111'}
2026-09-11 14:37:16,145 - INFO - Volunteer 240-3 already exists in PoloTrial with ID: 3341
2026-09-11 14:37:16,146 - INFO - DEBUG: Searching protocol Embrace for site 47
2026-09-11 14:37:16,542 - INFO - Protocol found: Embrace with ID: 2381 (site=47)
2026-09-11 14:37:16,773 - INFO - DEBUG: Protocol Arm founded for the unique visit: ['Embrace']
2026-09-11 14:37:16,780 - INFO - Arm matched: Embrace with ID: 283
2026-09-11 14:37:17,311 - INFO - Participant found in PoloTrial with ID: 3316
2026-09-11 14:37:37,947 - INFO - Participant visits retrieved: 1, for participant ID: 3316
2026-09-11 14:37:37,947 - INFO - Looking for unique visit with name: Visita única among: ['Visita única']
2026-09-11 14:37:37,948 - INFO - Participant visit found: Visita única with ID: 40710
2026-09-11 14:37:38,143 - INFO - Unique visit already up to date (id=40710).
2026-09-11 14:37:38,361 - INFO - DEBUG: Available procedures in PoloTrial for unique visit: ['Consulta Médica', 'Módulo Saúde', 'Módulo Identificação da Paciente', 'Módulo Menopausa', 'Questionário da Saúde da Mulher - WHQ\t', 'Questionário GAD-7', 'Questionário PHQ9', 'Questionário WPAI', 'Questionário Short Form - SF-36']
2026-09-11 14:37:38,363 - INFO -  - ID: 652384 | Procedure: Consulta Médica | Appointment date: 2026-09-11T00:00:00.000Z | Check field: cm_atendimento_dt=2026-09-11 | Date field: cm_atendimento_dt=2026-09-11
2026-09-11 14:37:38,364 - INFO -  - ID: 652385 | Procedure: Módulo Saúde | Appointment date: 2026-09-11T00:00:00.000Z | Check field: s0=2026-09-11 | Date field: s0=2026-09-11
2026-09-11 14:37:38,365 - INFO -  - ID: 652386 | Procedure: Módulo Identificação da Paciente | Appointment date: 2026-09-11T00:00:00.000Z | Check field: idp3=240-3 | Date field: idp4=2026-09-11
2026-09-11 14:37:38,366 - INFO -  - ID: 652387 | Procedure: Módulo Menopausa | Appointment date: 2026-09-11T00:00:00.000Z | Check field: pm0=2026-09-11 | Date field: pm0=2026-09-11
2026-09-11 14:37:38,367 - INFO -  - ID: 652388 | Procedure: Questionário da Saúde da Mulher - WHQ	 | Appointment date: 2026-09-11T00:00:00.000Z | Check field: whq0=2026-09-11 | Date field: whq0=2026-09-11
2026-09-11 14:37:38,368 - INFO -  - ID: 652389 | Procedure: Questionário GAD-7 | Appointment date: 2026-09-11T00:00:00.000Z | Check field: gad7_0=2026-09-11 | Date field: gad7_0=2026-09-11
2026-09-11 14:37:38,370 - INFO -  - ID: 652390 | Procedure: Questionário PHQ9 | Appointment date: 2026-09-11T00:00:00.000Z | Check field: phq9_0=2026-09-11 | Date field: phq9_0=2026-09-11
2026-09-11 14:37:38,371 - INFO -  - ID: 652391 | Procedure: Questionário WPAI | Appointment date: nan | Check field: wpai0=2026-09-11 | Date field: wpai0=2026-09-11
2026-09-11 14:37:38,372 - INFO -  - ID: 652392 | Procedure: Questionário Short Form - SF-36 | Appointment date: 2026-09-11T00:00:00.000Z | Check field: sf36_0=2026-09-11 | Date field: sf36_0=2026-09-11
2026-09-11 14:37:38,373 - INFO - DEBUG: Procedure mapping summary:
2026-09-11 14:37:38,374 - INFO -  1. Total procedures in PoloTrial for unique visit: 9
2026-09-11 14:37:38,375 - INFO -  2. Matched with REDCap mapping: 9
2026-09-11 14:37:38,375 - INFO -  3. Unmatched procedures: 0
2026-09-11 14:37:38,379 - INFO - No procedures to sync for pattern: M[oóOÓ]dulo\s+Identifica[cçCÇ][aãAÃ]o\s+da\s+Paciente
2026-09-11 14:37:38,382 - INFO - No procedures to sync for pattern: Consulta\s+M[eéEÉ]dica
2026-09-11 14:37:38,386 - INFO - No procedures to sync for pattern: M[oóOÓ]dulo\s+Sa[uúUÚ]de
2026-09-11 14:37:38,389 - INFO - No procedures to sync for pattern: M[oóOÓ]dulo\s+Menopausa
2026-09-11 14:37:38,392 - INFO - No procedures to sync for pattern: Question[aáAÁ]rio\s+da\s+Sa[uúUÚ]de\s+da\s+Mulher\s+-\s+WHQ
2026-09-11 14:37:38,395 - INFO - No procedures to sync for pattern: Question[aáAÁ]rio\s+Short\s+Form\s-\s+SF-36
2026-09-11 14:37:38,398 - INFO - No procedures to sync for pattern: Question[aáAÁ]rio\s+PHQ9
2026-09-11 14:37:38,592 - INFO - ✅ Synced procedure 'Questionário WPAI' (ID: 652391) with date: 2026-09-11
2026-09-11 14:37:38,596 - INFO - No procedures to sync for pattern: Question[aáAÁ]rio\s+GAD-7
2026-09-11 14:37:38,597 - INFO - Unique visit procedures synchronization completed. Total procedures synced: 1/9
2026-09-11 14:37:38,598 - INFO - Executor name from REDCap: Eduardo Augusto Rabelo Socca
2026-09-11 14:37:39,259 - INFO - Executor 'Eduardo Augusto Rabelo Socca' (ID: 2761) is already linked to procedure ID: 652384. No action needed.
2026-09-11 14:37:39,260 - INFO - Unique visit synchronization completed for record_id=240-3, event_name=visita_unica_arm_1
2026-09-11 14:37:39,261 - INFO - Successfully dispatched event: record_id=240-3, event_name=visita_unica_arm_1, repeat_instance=None
2026-09-11 17:58:36,352 - INFO - Shutting down webhooks for protocol Embrace
2026-09-11 17:59:30,977 - INFO - Webhook initialized for protocol Embrace
2026-09-11 20:00:40,061 - INFO - Received webhook from REDCap DET: project_id=68, username=[survey respondent], instrument=modulo_do_participante, record=240-4, redcap_event_name=visita_unica_arm_1, redcap_data_acess_group=, redcap_repeat_instance=None, redcap_repeat_instrument=None, redcap_url=https://svriglobal.org/redcap/, project_url=https://svriglobal.org/redcap/redcap_v17.3.10/index.php?pid=68
2026-09-11 20:00:40,330 - INFO - Dispatch runtime: pid=177558, module=/mnt/c/Users/Science/Documents/Python/integracao_embrace/src/integracao_embrace/dispatch.py, event_name='visita_unica_arm_1', instrument='modulo_do_participante'
2026-09-11 20:00:40,332 - INFO - Dispatching to unique visit handles: visita_unica_arm_1
2026-09-11 20:00:44,832 - INFO - Debug redcap url: https://svriglobal.org/redcap/api/
2026-09-11 20:00:44,833 - INFO - Debug redcaptoken (First 3 chars): E6B...
2026-09-11 20:00:44,834 - INFO - Debug redcap status: 200
2026-09-11 20:00:44,834 - INFO - Debug redcap response (first 30 chars): [{"record":"240-4","redcap_eve
2026-09-11 20:00:44,836 - INFO - REDCap: filtering event=visita_unica_arm_1 by repeat_instance=None; response instances=[]
2026-09-11 20:00:44,837 - INFO - REDCap: exported record 240-4 for event visita_unica_arm_1, repeat_instance=None, with 57 fields from 57 entries
2026-09-11 20:00:44,839 - INFO - Mapped gender:  ➡ None
2026-09-11 20:00:44,840 - INFO - Mapped site: SVRI Clínica Morumbi ➡ 47
2026-09-11 20:00:44,841 - INFO - Volunteer payload prepared: {'nome': '240-4', 'iniciais': 'Luana Batista Fernandes', 'data_nascimento': '2026-05-31', 'sexo': None, 'email': '', 'data_inclusao': '1972-09-05', 'centro': '47', 'contatos': '11111111111'}
2026-09-11 20:00:45,669 - INFO - Polotrial: authentication succsssful
2026-09-11 20:00:45,876 - INFO - Volunteer 240-4 already exists in PoloTrial with ID: 3342
2026-09-11 20:00:45,876 - INFO - DEBUG: Searching protocol Embrace for site 47
2026-09-11 20:00:46,487 - INFO - Protocol found: Embrace with ID: 2381 (site=47)
2026-09-11 20:00:46,688 - INFO - DEBUG: Protocol Arm founded for the unique visit: ['Embrace']
2026-09-11 20:00:46,689 - INFO - Arm matched: Embrace with ID: 283
2026-09-11 20:00:47,340 - INFO - Participant found in PoloTrial with ID: 3317
2026-09-11 20:01:08,963 - INFO - Participant visits retrieved: 1, for participant ID: 3317
2026-09-11 20:01:08,964 - INFO - Looking for unique visit with name: Visita única among: ['Visita única']
2026-09-11 20:01:08,965 - INFO - Participant visit found: Visita única with ID: 40711
2026-09-11 20:01:09,150 - INFO - Unique visit already up to date (id=40711).
2026-09-11 20:01:09,574 - INFO - DEBUG: Available procedures in PoloTrial for unique visit: ['Consulta Médica', 'Módulo Saúde', 'Módulo Identificação da Paciente', 'Módulo Menopausa', 'Questionário da Saúde da Mulher - WHQ\t', 'Questionário GAD-7', 'Questionário PHQ9', 'Questionário WPAI', 'Questionário Short Form - SF-36']
2026-09-11 20:01:09,576 - INFO -  - ID: 652399 | Procedure: Consulta Médica | Appointment date: nan | Check field: cm_atendimento_dt=N/A | Date field: cm_atendimento_dt=N/A
2026-09-11 20:01:09,577 - INFO -  - ID: 652400 | Procedure: Módulo Saúde | Appointment date: nan | Check field: s0=N/A | Date field: s0=N/A
2026-09-11 20:01:09,578 - INFO -  - ID: 652401 | Procedure: Módulo Identificação da Paciente | Appointment date: 2026-09-11T00:00:00.000Z | Check field: idp3=240-4 | Date field: idp4=1972-09-05
2026-09-11 20:01:09,579 - INFO -  - ID: 652402 | Procedure: Módulo Menopausa | Appointment date: 2026-09-11T00:00:00.000Z | Check field: pm0=2026-09-11 | Date field: pm0=2026-09-11
2026-09-11 20:01:09,581 - INFO -  - ID: 652403 | Procedure: Questionário da Saúde da Mulher - WHQ	 | Appointment date: nan | Check field: whq0=N/A | Date field: whq0=N/A
2026-09-11 20:01:09,583 - INFO -  - ID: 652404 | Procedure: Questionário GAD-7 | Appointment date: nan | Check field: gad7_0=N/A | Date field: gad7_0=N/A
2026-09-11 20:01:09,584 - INFO -  - ID: 652405 | Procedure: Questionário PHQ9 | Appointment date: nan | Check field: phq9_0=N/A | Date field: phq9_0=N/A
2026-09-11 20:01:09,585 - INFO -  - ID: 652406 | Procedure: Questionário WPAI | Appointment date: nan | Check field: wpai0=N/A | Date field: wpai0=N/A
2026-09-11 20:01:09,586 - INFO -  - ID: 652407 | Procedure: Questionário Short Form - SF-36 | Appointment date: nan | Check field: sf36_0=N/A | Date field: sf36_0=N/A
2026-09-11 20:01:09,587 - INFO - DEBUG: Procedure mapping summary:
2026-09-11 20:01:09,587 - INFO -  1. Total procedures in PoloTrial for unique visit: 9
2026-09-11 20:01:09,588 - INFO -  2. Matched with REDCap mapping: 9
2026-09-11 20:01:09,589 - INFO -  3. Unmatched procedures: 0
2026-09-11 20:01:09,626 - INFO - No procedures to sync for pattern: M[oóOÓ]dulo\s+Identifica[cçCÇ][aãAÃ]o\s+da\s+Paciente
2026-09-11 20:01:09,635 - INFO - No date found in REDCap for procedure Consulta Médica (check_field=cm_atendimento_dt, date_field=cm_atendimento_dt). Skipping sync.
2026-09-11 20:01:09,638 - INFO - No date found in REDCap for procedure Módulo Saúde (check_field=s0, date_field=s0). Skipping sync.
2026-09-11 20:01:09,642 - INFO - No procedures to sync for pattern: M[oóOÓ]dulo\s+Menopausa
2026-09-11 20:01:09,645 - INFO - No date found in REDCap for procedure Questionário da Saúde da Mulher - WHQ	 (check_field=whq0, date_field=whq0). Skipping sync.
2026-09-11 20:01:09,648 - INFO - No date found in REDCap for procedure Questionário Short Form - SF-36 (check_field=sf36_0, date_field=sf36_0). Skipping sync.
2026-09-11 20:01:09,652 - INFO - No date found in REDCap for procedure Questionário PHQ9 (check_field=phq9_0, date_field=phq9_0). Skipping sync.
2026-09-11 20:01:09,657 - INFO - No date found in REDCap for procedure Questionário WPAI (check_field=wpai0, date_field=wpai0). Skipping sync.
2026-09-11 20:01:09,661 - INFO - No date found in REDCap for procedure Questionário GAD-7 (check_field=gad7_0, date_field=gad7_0). Skipping sync.
2026-09-11 20:01:09,662 - INFO - Unique visit procedures synchronization completed. Total procedures synced: 0/9
2026-09-11 20:01:09,663 - INFO - Executor name from REDCap: 
2026-09-11 20:01:09,664 - INFO - No executor name provided in REDCap payload. Skipping executor synchronization.
2026-09-11 20:01:09,664 - INFO - Unique visit synchronization completed for record_id=240-4, event_name=visita_unica_arm_1
2026-09-11 20:01:09,665 - INFO - Successfully dispatched event: record_id=240-4, event_name=visita_unica_arm_1, repeat_instance=None
2026-09-14 14:14:09,814 - INFO - Received webhook from REDCap DET: project_id=68, username=eduardosoccasvri, instrument=status_do_participante, record=240-4, redcap_event_name=visita_unica_arm_1, redcap_data_acess_group=, redcap_repeat_instance=None, redcap_repeat_instrument=None, redcap_url=https://svriglobal.org/redcap/, project_url=https://svriglobal.org/redcap/redcap_v17.3.10/index.php?pid=68
2026-09-14 14:14:09,889 - INFO - Dispatch runtime: pid=177558, module=/mnt/c/Users/Science/Documents/Python/integracao_embrace/src/integracao_embrace/dispatch.py, event_name='visita_unica_arm_1', instrument='status_do_participante'
2026-09-14 14:14:09,894 - INFO - Dispatching to unique visit handles: visita_unica_arm_1
2026-09-14 14:14:11,058 - INFO - Debug redcap url: https://svriglobal.org/redcap/api/
2026-09-14 14:14:11,073 - INFO - Debug redcaptoken (First 3 chars): E6B...
2026-09-14 14:14:11,077 - INFO - Debug redcap status: 200
2026-09-14 14:14:11,080 - INFO - Debug redcap response (first 30 chars): [{"record":"240-4","redcap_eve
2026-09-14 14:14:11,087 - INFO - REDCap: filtering event=visita_unica_arm_1 by repeat_instance=None; response instances=[]
2026-09-14 14:14:11,090 - INFO - REDCap: exported record 240-4 for event visita_unica_arm_1, repeat_instance=None, with 57 fields from 57 entries
2026-09-14 14:14:11,097 - INFO - Mapped gender:  ➡ None
2026-09-14 14:14:11,099 - INFO - Mapped site: SVRI Clínica Morumbi ➡ 47
2026-09-14 14:14:11,110 - INFO - Volunteer payload prepared: {'nome': '240-4', 'iniciais': 'Luana Batista Fernandes', 'data_nascimento': '2026-05-31', 'sexo': None, 'email': '', 'data_inclusao': '1972-09-05', 'centro': '47', 'contatos': '11111111111'}
2026-09-14 14:14:11,632 - WARNING - Polotrial: auth failed (401). Retrying login onde...
2026-09-14 14:14:12,037 - INFO - Polotrial: authentication succsssful
2026-09-14 14:14:12,238 - INFO - Volunteer 240-4 already exists in PoloTrial with ID: 3342
2026-09-14 14:14:12,239 - INFO - DEBUG: Searching protocol Embrace for site 47
2026-09-14 14:14:12,658 - INFO - Protocol found: Embrace with ID: 2381 (site=47)
2026-09-14 14:14:12,866 - INFO - DEBUG: Protocol Arm founded for the unique visit: ['Embrace']
2026-09-14 14:14:12,869 - INFO - Arm matched: Embrace with ID: 283
2026-09-14 14:14:13,523 - INFO - Participant found in PoloTrial with ID: 3317
2026-09-14 14:14:38,378 - INFO - Participant visits retrieved: 1, for participant ID: 3317
2026-09-14 14:14:38,380 - INFO - Looking for unique visit with name: Visita única among: ['Visita única']
2026-09-14 14:14:38,381 - INFO - Participant visit found: Visita única with ID: 40711
2026-09-14 14:14:38,562 - INFO - Unique visit already up to date (id=40711).
2026-09-14 14:14:38,915 - INFO - DEBUG: Available procedures in PoloTrial for unique visit: ['Consulta Médica', 'Módulo Saúde', 'Módulo Identificação da Paciente', 'Módulo Menopausa', 'Questionário da Saúde da Mulher - WHQ\t', 'Questionário GAD-7', 'Questionário PHQ9', 'Questionário WPAI', 'Questionário Short Form - SF-36']
2026-09-14 14:14:38,916 - INFO -  - ID: 652399 | Procedure: Consulta Médica | Appointment date: nan | Check field: cm_atendimento_dt=N/A | Date field: cm_atendimento_dt=N/A
2026-09-14 14:14:38,918 - INFO -  - ID: 652400 | Procedure: Módulo Saúde | Appointment date: nan | Check field: s0=N/A | Date field: s0=N/A
2026-09-14 14:14:38,919 - INFO -  - ID: 652401 | Procedure: Módulo Identificação da Paciente | Appointment date: 2026-09-11T00:00:00.000Z | Check field: idp3=240-4 | Date field: idp4=1972-09-05
2026-09-14 14:14:38,920 - INFO -  - ID: 652402 | Procedure: Módulo Menopausa | Appointment date: 2026-09-11T00:00:00.000Z | Check field: pm0=2026-09-11 | Date field: pm0=2026-09-11
2026-09-14 14:14:38,922 - INFO -  - ID: 652403 | Procedure: Questionário da Saúde da Mulher - WHQ	 | Appointment date: nan | Check field: whq0=N/A | Date field: whq0=N/A
2026-09-14 14:14:38,924 - INFO -  - ID: 652404 | Procedure: Questionário GAD-7 | Appointment date: nan | Check field: gad7_0=N/A | Date field: gad7_0=N/A
2026-09-14 14:14:38,926 - INFO -  - ID: 652405 | Procedure: Questionário PHQ9 | Appointment date: nan | Check field: phq9_0=N/A | Date field: phq9_0=N/A
2026-09-14 14:14:38,927 - INFO -  - ID: 652406 | Procedure: Questionário WPAI | Appointment date: nan | Check field: wpai0=N/A | Date field: wpai0=N/A
2026-09-14 14:14:38,928 - INFO -  - ID: 652407 | Procedure: Questionário Short Form - SF-36 | Appointment date: nan | Check field: sf36_0=N/A | Date field: sf36_0=N/A
2026-09-14 14:14:38,929 - INFO - DEBUG: Procedure mapping summary:
2026-09-14 14:14:38,930 - INFO -  1. Total procedures in PoloTrial for unique visit: 9
2026-09-14 14:14:38,931 - INFO -  2. Matched with REDCap mapping: 9
2026-09-14 14:14:38,933 - INFO -  3. Unmatched procedures: 0
2026-09-14 14:14:38,966 - INFO - No procedures to sync for pattern: M[oóOÓ]dulo\s+Identifica[cçCÇ][aãAÃ]o\s+da\s+Paciente
2026-09-14 14:14:38,978 - INFO - No date found in REDCap for procedure Consulta Médica (check_field=cm_atendimento_dt, date_field=cm_atendimento_dt). Skipping sync.
2026-09-14 14:14:38,982 - INFO - No date found in REDCap for procedure Módulo Saúde (check_field=s0, date_field=s0). Skipping sync.
2026-09-14 14:14:38,990 - INFO - No procedures to sync for pattern: M[oóOÓ]dulo\s+Menopausa
2026-09-14 14:14:38,996 - INFO - No date found in REDCap for procedure Questionário da Saúde da Mulher - WHQ	 (check_field=whq0, date_field=whq0). Skipping sync.
2026-09-14 14:14:39,000 - INFO - No date found in REDCap for procedure Questionário Short Form - SF-36 (check_field=sf36_0, date_field=sf36_0). Skipping sync.
2026-09-14 14:14:39,006 - INFO - No date found in REDCap for procedure Questionário PHQ9 (check_field=phq9_0, date_field=phq9_0). Skipping sync.
2026-09-14 14:14:39,010 - INFO - No date found in REDCap for procedure Questionário WPAI (check_field=wpai0, date_field=wpai0). Skipping sync.
2026-09-14 14:14:39,013 - INFO - No date found in REDCap for procedure Questionário GAD-7 (check_field=gad7_0, date_field=gad7_0). Skipping sync.
2026-09-14 14:14:39,014 - INFO - Unique visit procedures synchronization completed. Total procedures synced: 0/9
2026-09-14 14:14:39,016 - INFO - Executor name from REDCap: 
2026-09-14 14:14:39,017 - INFO - No executor name provided in REDCap payload. Skipping executor synchronization.
2026-09-14 14:14:39,018 - INFO - Unique visit synchronization completed for record_id=240-4, event_name=visita_unica_arm_1
2026-09-14 14:14:39,019 - INFO - Successfully dispatched event: record_id=240-4, event_name=visita_unica_arm_1, repeat_instance=None
2026-09-14 14:23:34,824 - INFO - Shutting down webhooks for protocol Embrace
2026-09-14 14:24:27,396 - INFO - Webhook initialized for protocol Embrace
2026-09-14 14:24:27,438 - INFO - Received webhook from REDCap DET: project_id=68, username=eduardosoccasvri, instrument=status_do_participante, record=240-4, redcap_event_name=visita_unica_arm_1, redcap_data_acess_group=, redcap_repeat_instance=None, redcap_repeat_instrument=None, redcap_url=https://svriglobal.org/redcap/, project_url=https://svriglobal.org/redcap/redcap_v17.3.10/index.php?pid=68
2026-09-14 14:24:27,630 - INFO - Dispatch runtime: pid=977515, module=/mnt/c/Users/Science/Documents/Python/integracao_embrace/src/integracao_embrace/dispatch.py, event_name='visita_unica_arm_1', instrument='status_do_participante'
2026-09-14 14:24:27,632 - INFO - Dispatching to unique visit handles: visita_unica_arm_1
2026-09-14 14:24:28,480 - INFO - Debug redcap url: https://svriglobal.org/redcap/api/
2026-09-14 14:24:28,486 - INFO - Debug redcaptoken (First 3 chars): E6B...
2026-09-14 14:24:28,491 - INFO - Debug redcap status: 200
2026-09-14 14:24:28,493 - INFO - Debug redcap response (first 30 chars): [{"record":"240-4","redcap_eve
2026-09-14 14:24:28,496 - INFO - REDCap: filtering event=visita_unica_arm_1 by repeat_instance=None; response instances=[]
2026-09-14 14:24:28,506 - INFO - REDCap: exported record 240-4 for event visita_unica_arm_1, repeat_instance=None, with 57 fields from 57 entries
2026-09-14 14:24:28,512 - INFO - Mapped gender:  ➡ None
2026-09-14 14:24:28,517 - INFO - Mapped site: SVRI Clínica Morumbi ➡ 47
2026-09-14 14:24:28,525 - INFO - Volunteer payload prepared: {'nome': '240-4', 'iniciais': 'Luana Batista Fernandes', 'data_nascimento': '2026-05-31', 'sexo': None, 'email': '', 'data_inclusao': '1972-09-05', 'centro': '47', 'contatos': '11111111111'}
2026-09-14 14:24:29,758 - INFO - Polotrial: authentication succsssful
2026-09-14 14:24:29,976 - INFO - Volunteer 240-4 already exists in PoloTrial with ID: 3342
2026-09-14 14:24:29,985 - INFO - DEBUG: Searching protocol Embrace for site 47
2026-09-14 14:24:30,489 - INFO - Protocol found: Embrace with ID: 2381 (site=47)
2026-09-14 14:24:30,769 - INFO - DEBUG: Protocol Arm founded for the unique visit: ['Embrace']
2026-09-14 14:24:30,770 - INFO - Arm matched: Embrace with ID: 283
2026-09-14 14:24:31,376 - INFO - Participant found in PoloTrial with ID: 3317
2026-09-14 14:24:52,879 - INFO - Participant visits retrieved: 1, for participant ID: 3317
2026-09-14 14:24:52,880 - INFO - Looking for unique visit with name: Visita única among: ['Visita única']
2026-09-14 14:24:52,881 - INFO - Participant visit found: Visita única with ID: 40711
2026-09-14 14:24:53,081 - INFO - Unique visit already up to date (id=40711).
2026-09-14 14:24:53,412 - INFO - DEBUG: Available procedures in PoloTrial for unique visit: ['Consulta Médica', 'Módulo Saúde', 'Módulo Identificação da Paciente', 'Módulo Menopausa', 'Questionário da Saúde da Mulher - WHQ\t', 'Questionário GAD-7', 'Questionário PHQ9', 'Questionário WPAI', 'Questionário Short Form - SF-36']
2026-09-14 14:24:53,414 - INFO -  - ID: 652399 | Procedure: Consulta Médica | Appointment date: nan | Check field: cm_atendimento_dt=N/A | Date field: cm_atendimento_dt=N/A
2026-09-14 14:24:53,415 - INFO -  - ID: 652400 | Procedure: Módulo Saúde | Appointment date: nan | Check field: s0=N/A | Date field: s0=N/A
2026-09-14 14:24:53,415 - INFO -  - ID: 652401 | Procedure: Módulo Identificação da Paciente | Appointment date: 2026-09-11T00:00:00.000Z | Check field: idp3=240-4 | Date field: idp4=1972-09-05
2026-09-14 14:24:53,416 - INFO -  - ID: 652402 | Procedure: Módulo Menopausa | Appointment date: 2026-09-11T00:00:00.000Z | Check field: pm0=2026-09-11 | Date field: pm0=2026-09-11
2026-09-14 14:24:53,417 - INFO -  - ID: 652403 | Procedure: Questionário da Saúde da Mulher - WHQ	 | Appointment date: nan | Check field: whq0=N/A | Date field: whq0=N/A
2026-09-14 14:24:53,418 - INFO -  - ID: 652404 | Procedure: Questionário GAD-7 | Appointment date: nan | Check field: gad7_0=N/A | Date field: gad7_0=N/A
2026-09-14 14:24:53,419 - INFO -  - ID: 652405 | Procedure: Questionário PHQ9 | Appointment date: nan | Check field: phq9_0=N/A | Date field: phq9_0=N/A
2026-09-14 14:24:53,420 - INFO -  - ID: 652406 | Procedure: Questionário WPAI | Appointment date: nan | Check field: wpai0=N/A | Date field: wpai0=N/A
2026-09-14 14:24:53,421 - INFO -  - ID: 652407 | Procedure: Questionário Short Form - SF-36 | Appointment date: nan | Check field: sf36_0=N/A | Date field: sf36_0=N/A
2026-09-14 14:24:53,421 - INFO - DEBUG: Procedure mapping summary:
2026-09-14 14:24:53,422 - INFO -  1. Total procedures in PoloTrial for unique visit: 9
2026-09-14 14:24:53,422 - INFO -  2. Matched with REDCap mapping: 9
2026-09-14 14:24:53,423 - INFO -  3. Unmatched procedures: 0
2026-09-14 14:24:53,434 - INFO - No procedures to sync for pattern: M[oóOÓ]dulo\s+Identifica[cçCÇ][aãAÃ]o\s+da\s+Paciente
2026-09-14 14:24:53,440 - INFO - No date found in REDCap for procedure Consulta Médica (check_field=cm_atendimento_dt, date_field=cm_atendimento_dt). Skipping sync.
2026-09-14 14:24:53,443 - INFO - No date found in REDCap for procedure Módulo Saúde (check_field=s0, date_field=s0). Skipping sync.
2026-09-14 14:24:53,446 - INFO - No procedures to sync for pattern: M[oóOÓ]dulo\s+Menopausa
2026-09-14 14:24:53,449 - INFO - No date found in REDCap for procedure Questionário da Saúde da Mulher - WHQ	 (check_field=whq0, date_field=whq0). Skipping sync.
2026-09-14 14:24:53,451 - INFO - No date found in REDCap for procedure Questionário Short Form - SF-36 (check_field=sf36_0, date_field=sf36_0). Skipping sync.
2026-09-14 14:24:53,453 - INFO - No date found in REDCap for procedure Questionário PHQ9 (check_field=phq9_0, date_field=phq9_0). Skipping sync.
2026-09-14 14:24:53,455 - INFO - No date found in REDCap for procedure Questionário WPAI (check_field=wpai0, date_field=wpai0). Skipping sync.
2026-09-14 14:24:53,458 - INFO - No date found in REDCap for procedure Questionário GAD-7 (check_field=gad7_0, date_field=gad7_0). Skipping sync.
2026-09-14 14:24:53,459 - INFO - Unique visit procedures synchronization completed. Total procedures synced: 0/9
2026-09-14 14:24:53,460 - INFO - Executor name from REDCap: 
2026-09-14 14:24:53,460 - INFO - No executor name provided in REDCap payload. Skipping executor synchronization.
2026-09-14 14:24:53,461 - INFO - Unique visit synchronization completed for record_id=240-4, event_name=visita_unica_arm_1
2026-09-14 14:24:53,462 - INFO - Dispatching to participant status update handler: instrument=status_do_participante
2026-09-14 14:24:54,208 - INFO - Debug redcap url: https://svriglobal.org/redcap/api/
2026-09-14 14:24:54,209 - INFO - Debug redcaptoken (First 3 chars): E6B...
2026-09-14 14:24:54,210 - INFO - Debug redcap status: 200
2026-09-14 14:24:54,210 - INFO - Debug redcap response (first 30 chars): [{"record":"240-4","redcap_eve
2026-09-14 14:24:54,212 - INFO - REDCap: filtering event=visita_unica_arm_1 by repeat_instance=None; response instances=[]
2026-09-14 14:24:54,213 - INFO - REDCap: exported record 240-4 for event visita_unica_arm_1, repeat_instance=None, with 57 fields from 57 entries
2026-09-14 14:24:54,214 - INFO - Retrieved REDCap payload for record_id=240-4, event_name=visita_unica_arm_1: {'asr1': '12', 'asr2': 'Não', 'asr3': '2026-09-10', 'asr4': 'Não', 'asr5': 'Não sei', 'cm1': 'teste', 'cm10': 'Não sei opinar', 'cm11': 'Não concordo', 'cm12': 'teste', 'cm19': 'Concordo', 'cm2': 'Pouco informado (a)', 'cm20': 'Não concordo', 'cm21': 'Não concordo', 'cm22': 'Concordo', 'cm23': 'Concordo', 'cm24': 'Concordo', 'cm25': 'Concordo', 'cm26': 'Concordo', 'cm27': 'Concordo', 'cm28': 'Concordo', 'cm29': 'Concordo', 'cm3': 'Concordo', 'cm30': 'Concordo', 'cm31': 'Concordo', 'cm32': 'Concordo', 'cm4': 'Não sei opinar', 'cm5': 'Não concordo', 'cm6': 'Não concordo', 'cm7': 'Não concordo', 'cm8': 'Não sei opinar', 'cm9': 'Não sei opinar', 'idp_faixa_etaria': '2', 'idp1': 'Luana Batista Fernandes', 'idp3': '240-4', 'idp4': '1972-09-05', 'idp5': '53', 'idp6': '2026-05-31', 'idp7': 'SVRI Clínica Morumbi', 'idp8': '26', 'idp9': 'SP', 'modulo_do_participante_complete': 'Incomplete', 'modulo_idp_identificacao_da_paciente_complete': 'Complete', 'modulo_m_menopausa_complete': 'Complete', 'modulo_participante_dt': '2026-09-11', 'modulo_whq_questionario_da_saude_da_mulher_complete': 'Incomplete', 'pm0': '2026-09-11', 'pm1': 'Concordo', 'pm2': 'Concordo', 'pm3': 'Concordo', 'pm4': 'Concordo', 'pm5': 'Concordo', 'pm6': 'Concordo', 'qsm34': 'NA', 'sc1_1': 'Dor de cabeça', 'status_do_participante_complete': 'Complete', 'status_participante': 'Concluído', 'status_participante_dt': '2026-09-11'}
2026-09-14 14:24:54,503 - INFO - Debug redcap url: https://svriglobal.org/redcap/api/
2026-09-14 14:24:54,503 - INFO - Debug redcaptoken (First 3 chars): E6B...
2026-09-14 14:24:54,504 - INFO - Debug redcap status: 200
2026-09-14 14:24:54,505 - INFO - Debug redcap response (first 30 chars): [{"record":"240-4","redcap_eve
2026-09-14 14:24:54,507 - INFO - REDCap: filtering event=visita_unica_arm_1 by repeat_instance=None; response instances=[]
2026-09-14 14:24:54,508 - INFO - REDCap: exported record 240-4 for event visita_unica_arm_1, repeat_instance=None, with 57 fields from 57 entries
2026-09-14 14:24:54,835 - INFO - Found volunteer in PoloTrial: record_id=240-4, volunteer_code=3342
2026-09-14 14:24:56,088 - INFO - Found protocol in PoloTrial: site_code=47, protocol_nickname=Embrace, protocol_code=2381
2026-09-14 14:24:56,961 - INFO - Found participant in PoloTrial: volunteer_code=3342, protocol_code=2381, participant_code=3317
2026-09-14 14:24:56,962 - INFO - Mapped REDCap status=Concluído to PoloTrial status_code=308 for record_id=240-4
2026-09-14 14:25:01,223 - INFO - Updated participant status in PoloTrial for record_id=240-4: 540 -> 308
2026-09-14 14:25:01,224 - INFO - Successfully dispatched event: record_id=240-4, event_name=visita_unica_arm_1, repeat_instance=None
2026-09-14 14:26:41,234 - INFO - Received webhook from REDCap DET: project_id=68, username=eduardosoccasvri, instrument=mdulo_cm_consulta_mdica, record=240-4, redcap_event_name=visita_unica_arm_1, redcap_data_acess_group=, redcap_repeat_instance=1, redcap_repeat_instrument=mdulo_cm_consulta_mdica, redcap_url=https://svriglobal.org/redcap/, project_url=https://svriglobal.org/redcap/redcap_v17.3.10/index.php?pid=68
2026-09-14 14:26:41,237 - INFO - Dispatch runtime: pid=977515, module=/mnt/c/Users/Science/Documents/Python/integracao_embrace/src/integracao_embrace/dispatch.py, event_name='visita_unica_arm_1', instrument='mdulo_cm_consulta_mdica'
2026-09-14 14:26:41,238 - INFO - Dispatching to unique visit handles: visita_unica_arm_1
2026-09-14 14:26:42,112 - INFO - Debug redcap url: https://svriglobal.org/redcap/api/
2026-09-14 14:26:42,113 - INFO - Debug redcaptoken (First 3 chars): E6B...
2026-09-14 14:26:42,114 - INFO - Debug redcap status: 200
2026-09-14 14:26:42,115 - INFO - Debug redcap response (first 30 chars): [{"record":"240-4","redcap_eve
2026-09-14 14:26:42,117 - INFO - REDCap: filtering event=visita_unica_arm_1 by repeat_instance=None; response instances=['', '1']
2026-09-14 14:26:42,118 - INFO - REDCap: exported record 240-4 for event visita_unica_arm_1, repeat_instance=None, with 77 fields from 77 entries
2026-09-14 14:26:42,120 - INFO - Mapped gender:  ➡ None
2026-09-14 14:26:42,121 - INFO - Mapped site: SVRI Clínica Morumbi ➡ 47
2026-09-14 14:26:42,121 - INFO - Volunteer payload prepared: {'nome': '240-4', 'iniciais': 'Luana Batista Fernandes', 'data_nascimento': '2026-05-31', 'sexo': None, 'email': '', 'data_inclusao': '1972-09-05', 'centro': '47', 'contatos': '11111111111'}
2026-09-14 14:26:42,354 - INFO - Volunteer 240-4 already exists in PoloTrial with ID: 3342
2026-09-14 14:26:42,355 - INFO - DEBUG: Searching protocol Embrace for site 47
2026-09-14 14:26:42,810 - INFO - Protocol found: Embrace with ID: 2381 (site=47)
2026-09-14 14:26:43,115 - INFO - DEBUG: Protocol Arm founded for the unique visit: ['Embrace']
2026-09-14 14:26:43,117 - INFO - Arm matched: Embrace with ID: 283
2026-09-14 14:26:46,782 - INFO - Participant found in PoloTrial with ID: 3317
2026-09-14 14:27:07,350 - INFO - Participant visits retrieved: 1, for participant ID: 3317
2026-09-14 14:27:07,351 - INFO - Looking for unique visit with name: Visita única among: ['Visita única']
2026-09-14 14:27:07,351 - INFO - Participant visit found: Visita única with ID: 40711
2026-09-14 14:27:07,521 - INFO - Unique visit already up to date (id=40711).
2026-09-14 14:27:07,738 - INFO - DEBUG: Available procedures in PoloTrial for unique visit: ['Consulta Médica', 'Módulo Saúde', 'Módulo Identificação da Paciente', 'Módulo Menopausa', 'Questionário da Saúde da Mulher - WHQ\t', 'Questionário GAD-7', 'Questionário PHQ9', 'Questionário WPAI', 'Questionário Short Form - SF-36']
2026-09-14 14:27:07,740 - INFO -  - ID: 652399 | Procedure: Consulta Médica | Appointment date: nan | Check field: cm_atendimento_dt=2026-09-14 | Date field: cm_atendimento_dt=2026-09-14
2026-09-14 14:27:07,743 - INFO -  - ID: 652400 | Procedure: Módulo Saúde | Appointment date: nan | Check field: s0=N/A | Date field: s0=N/A
2026-09-14 14:27:07,744 - INFO -  - ID: 652401 | Procedure: Módulo Identificação da Paciente | Appointment date: 2026-09-11T00:00:00.000Z | Check field: idp3=240-4 | Date field: idp4=1972-09-05
2026-09-14 14:27:07,746 - INFO -  - ID: 652402 | Procedure: Módulo Menopausa | Appointment date: 2026-09-11T00:00:00.000Z | Check field: pm0=2026-09-11 | Date field: pm0=2026-09-11
2026-09-14 14:27:07,747 - INFO -  - ID: 652403 | Procedure: Questionário da Saúde da Mulher - WHQ	 | Appointment date: nan | Check field: whq0=N/A | Date field: whq0=N/A
2026-09-14 14:27:07,748 - INFO -  - ID: 652404 | Procedure: Questionário GAD-7 | Appointment date: nan | Check field: gad7_0=N/A | Date field: gad7_0=N/A
2026-09-14 14:27:07,749 - INFO -  - ID: 652405 | Procedure: Questionário PHQ9 | Appointment date: nan | Check field: phq9_0=N/A | Date field: phq9_0=N/A
2026-09-14 14:27:07,750 - INFO -  - ID: 652406 | Procedure: Questionário WPAI | Appointment date: nan | Check field: wpai0=N/A | Date field: wpai0=N/A
2026-09-14 14:27:07,751 - INFO -  - ID: 652407 | Procedure: Questionário Short Form - SF-36 | Appointment date: nan | Check field: sf36_0=N/A | Date field: sf36_0=N/A
2026-09-14 14:27:07,752 - INFO - DEBUG: Procedure mapping summary:
2026-09-14 14:27:07,756 - INFO -  1. Total procedures in PoloTrial for unique visit: 9
2026-09-14 14:27:07,759 - INFO -  2. Matched with REDCap mapping: 9
2026-09-14 14:27:07,760 - INFO -  3. Unmatched procedures: 0
2026-09-14 14:27:07,764 - INFO - No procedures to sync for pattern: M[oóOÓ]dulo\s+Identifica[cçCÇ][aãAÃ]o\s+da\s+Paciente
2026-09-14 14:27:07,967 - INFO - ✅ Synced procedure 'Consulta Médica' (ID: 652399) with date: 2026-09-14
2026-09-14 14:27:07,971 - INFO - No date found in REDCap for procedure Módulo Saúde (check_field=s0, date_field=s0). Skipping sync.
2026-09-14 14:27:07,974 - INFO - No procedures to sync for pattern: M[oóOÓ]dulo\s+Menopausa
2026-09-14 14:27:07,980 - INFO - No date found in REDCap for procedure Questionário da Saúde da Mulher - WHQ	 (check_field=whq0, date_field=whq0). Skipping sync.
2026-09-14 14:27:07,984 - INFO - No date found in REDCap for procedure Questionário Short Form - SF-36 (check_field=sf36_0, date_field=sf36_0). Skipping sync.
2026-09-14 14:27:07,988 - INFO - No date found in REDCap for procedure Questionário PHQ9 (check_field=phq9_0, date_field=phq9_0). Skipping sync.
2026-09-14 14:27:07,992 - INFO - No date found in REDCap for procedure Questionário WPAI (check_field=wpai0, date_field=wpai0). Skipping sync.
2026-09-14 14:27:07,999 - INFO - No date found in REDCap for procedure Questionário GAD-7 (check_field=gad7_0, date_field=gad7_0). Skipping sync.
2026-09-14 14:27:08,000 - INFO - Unique visit procedures synchronization completed. Total procedures synced: 1/9
2026-09-14 14:27:08,002 - INFO - Executor name from REDCap: Eduardo Augusto Rabelo Socca
2026-09-14 14:27:08,690 - INFO - Unique visit: Executor 'Eduardo Augusto Rabelo Socca' (ID: 2761) linked to procedure ID: 652399 with payload: {
  "co_participante_visita_procedimento": 652399,
  "executor": 2761,
  "data_realizada": "2026-09-14",
  "data_previsto_pagamento": "",
  "data_pagamento_realizado": "",
  "valor": "",
  "valor_total_procedimento": "",
  "observacoes": ""
}. Response: {
  "id": 17899,
  "observacoes": "",
  "valor_total_procedimento": "",
  "valor": "",
  "executor": 2761,
  "co_participante_visita_procedimento": 652399,
  "data_realizada": "2026-09-14T00:00:00.000Z",
  "data_previsto_pagamento": null,
  "user_id_log": 4593
}
2026-09-14 14:27:08,691 - INFO - Unique visit synchronization completed for record_id=240-4, event_name=visita_unica_arm_1
2026-09-14 14:27:08,692 - INFO - Successfully dispatched event: record_id=240-4, event_name=visita_unica_arm_1, repeat_instance=1
2026-09-14 14:29:09,192 - INFO - Received webhook from REDCap DET: project_id=68, username=eduardosoccasvri, instrument=modulo_s_saude, record=240-4, redcap_event_name=visita_unica_arm_1, redcap_data_acess_group=, redcap_repeat_instance=None, redcap_repeat_instrument=None, redcap_url=https://svriglobal.org/redcap/, project_url=https://svriglobal.org/redcap/redcap_v17.3.10/index.php?pid=68
2026-09-14 14:29:09,195 - INFO - Dispatch runtime: pid=977515, module=/mnt/c/Users/Science/Documents/Python/integracao_embrace/src/integracao_embrace/dispatch.py, event_name='visita_unica_arm_1', instrument='modulo_s_saude'
2026-09-14 14:29:09,196 - INFO - Dispatching to unique visit handles: visita_unica_arm_1
2026-09-14 14:29:09,911 - INFO - Debug redcap url: https://svriglobal.org/redcap/api/
2026-09-14 14:29:09,912 - INFO - Debug redcaptoken (First 3 chars): E6B...
2026-09-14 14:29:09,913 - INFO - Debug redcap status: 200
2026-09-14 14:29:09,914 - INFO - Debug redcap response (first 30 chars): [{"record":"240-4","redcap_eve
2026-09-14 14:29:09,916 - INFO - REDCap: filtering event=visita_unica_arm_1 by repeat_instance=None; response instances=['', '1']
2026-09-14 14:29:09,917 - INFO - REDCap: exported record 240-4 for event visita_unica_arm_1, repeat_instance=None, with 138 fields from 150 entries
2026-09-14 14:29:09,919 - INFO - Mapped gender:  ➡ None
2026-09-14 14:29:09,920 - INFO - Mapped site: SVRI Clínica Morumbi ➡ 47
2026-09-14 14:29:09,921 - INFO - Volunteer payload prepared: {'nome': '240-4', 'iniciais': 'Luana Batista Fernandes', 'data_nascimento': '2026-05-31', 'sexo': None, 'email': '', 'data_inclusao': '1972-09-05', 'centro': '47', 'contatos': '11111111111'}
2026-09-14 14:29:10,141 - INFO - Volunteer 240-4 already exists in PoloTrial with ID: 3342
2026-09-14 14:29:10,145 - INFO - DEBUG: Searching protocol Embrace for site 47
2026-09-14 14:29:10,685 - INFO - Protocol found: Embrace with ID: 2381 (site=47)
2026-09-14 14:29:10,918 - INFO - DEBUG: Protocol Arm founded for the unique visit: ['Embrace']
2026-09-14 14:29:10,931 - INFO - Arm matched: Embrace with ID: 283
2026-09-14 14:29:11,510 - INFO - Participant found in PoloTrial with ID: 3317
2026-09-14 14:29:32,198 - INFO - Participant visits retrieved: 1, for participant ID: 3317
2026-09-14 14:29:32,198 - INFO - Looking for unique visit with name: Visita única among: ['Visita única']
2026-09-14 14:29:32,199 - INFO - Participant visit found: Visita única with ID: 40711
2026-09-14 14:29:32,410 - INFO - Unique visit already up to date (id=40711).
2026-09-14 14:29:32,737 - INFO - DEBUG: Available procedures in PoloTrial for unique visit: ['Consulta Médica', 'Módulo Saúde', 'Módulo Identificação da Paciente', 'Módulo Menopausa', 'Questionário da Saúde da Mulher - WHQ\t', 'Questionário GAD-7', 'Questionário PHQ9', 'Questionário WPAI', 'Questionário Short Form - SF-36']
2026-09-14 14:29:32,739 - INFO -  - ID: 652399 | Procedure: Consulta Médica | Appointment date: 2026-09-14T00:00:00.000Z | Check field: cm_atendimento_dt=2026-09-14 | Date field: cm_atendimento_dt=2026-09-14
2026-09-14 14:29:32,740 - INFO -  - ID: 652400 | Procedure: Módulo Saúde | Appointment date: nan | Check field: s0=2026-09-14 | Date field: s0=2026-09-14
2026-09-14 14:29:32,742 - INFO -  - ID: 652401 | Procedure: Módulo Identificação da Paciente | Appointment date: 2026-09-11T00:00:00.000Z | Check field: idp3=240-4 | Date field: idp4=1972-09-05
2026-09-14 14:29:32,743 - INFO -  - ID: 652402 | Procedure: Módulo Menopausa | Appointment date: 2026-09-11T00:00:00.000Z | Check field: pm0=2026-09-11 | Date field: pm0=2026-09-11
2026-09-14 14:29:32,744 - INFO -  - ID: 652403 | Procedure: Questionário da Saúde da Mulher - WHQ	 | Appointment date: nan | Check field: whq0=N/A | Date field: whq0=N/A
2026-09-14 14:29:32,747 - INFO -  - ID: 652404 | Procedure: Questionário GAD-7 | Appointment date: nan | Check field: gad7_0=N/A | Date field: gad7_0=N/A
2026-09-14 14:29:32,750 - INFO -  - ID: 652405 | Procedure: Questionário PHQ9 | Appointment date: nan | Check field: phq9_0=N/A | Date field: phq9_0=N/A
2026-09-14 14:29:32,752 - INFO -  - ID: 652406 | Procedure: Questionário WPAI | Appointment date: nan | Check field: wpai0=N/A | Date field: wpai0=N/A
2026-09-14 14:29:32,753 - INFO -  - ID: 652407 | Procedure: Questionário Short Form - SF-36 | Appointment date: nan | Check field: sf36_0=N/A | Date field: sf36_0=N/A
2026-09-14 14:29:32,754 - INFO - DEBUG: Procedure mapping summary:
2026-09-14 14:29:32,755 - INFO -  1. Total procedures in PoloTrial for unique visit: 9
2026-09-14 14:29:32,756 - INFO -  2. Matched with REDCap mapping: 9
2026-09-14 14:29:32,760 - INFO -  3. Unmatched procedures: 0
2026-09-14 14:29:32,766 - INFO - No procedures to sync for pattern: M[oóOÓ]dulo\s+Identifica[cçCÇ][aãAÃ]o\s+da\s+Paciente
2026-09-14 14:29:32,782 - INFO - No procedures to sync for pattern: Consulta\s+M[eéEÉ]dica
2026-09-14 14:29:33,000 - INFO - ✅ Synced procedure 'Módulo Saúde' (ID: 652400) with date: 2026-09-14
2026-09-14 14:29:33,005 - INFO - No procedures to sync for pattern: M[oóOÓ]dulo\s+Menopausa
2026-09-14 14:29:33,010 - INFO - No date found in REDCap for procedure Questionário da Saúde da Mulher - WHQ	 (check_field=whq0, date_field=whq0). Skipping sync.
2026-09-14 14:29:33,015 - INFO - No date found in REDCap for procedure Questionário Short Form - SF-36 (check_field=sf36_0, date_field=sf36_0). Skipping sync.
2026-09-14 14:29:33,018 - INFO - No date found in REDCap for procedure Questionário PHQ9 (check_field=phq9_0, date_field=phq9_0). Skipping sync.
2026-09-14 14:29:33,023 - INFO - No date found in REDCap for procedure Questionário WPAI (check_field=wpai0, date_field=wpai0). Skipping sync.
2026-09-14 14:29:33,029 - INFO - No date found in REDCap for procedure Questionário GAD-7 (check_field=gad7_0, date_field=gad7_0). Skipping sync.
2026-09-14 14:29:33,030 - INFO - Unique visit procedures synchronization completed. Total procedures synced: 1/9
2026-09-14 14:29:33,031 - INFO - Executor name from REDCap: Eduardo Augusto Rabelo Socca
2026-09-14 14:29:33,612 - INFO - Executor 'Eduardo Augusto Rabelo Socca' (ID: 2761) is already linked to procedure ID: 652399. No action needed.
2026-09-14 14:29:33,613 - INFO - Unique visit synchronization completed for record_id=240-4, event_name=visita_unica_arm_1
2026-09-14 14:29:33,614 - INFO - Successfully dispatched event: record_id=240-4, event_name=visita_unica_arm_1, repeat_instance=None
2026-09-14 14:32:29,800 - INFO - Received webhook from REDCap DET: project_id=68, username=eduardosoccasvri, instrument=modulo_do_participante, record=240-4, redcap_event_name=visita_unica_arm_1, redcap_data_acess_group=, redcap_repeat_instance=None, redcap_repeat_instrument=None, redcap_url=https://svriglobal.org/redcap/, project_url=https://svriglobal.org/redcap/redcap_v17.3.10/index.php?pid=68
2026-09-14 14:32:29,804 - INFO - Dispatch runtime: pid=977515, module=/mnt/c/Users/Science/Documents/Python/integracao_embrace/src/integracao_embrace/dispatch.py, event_name='visita_unica_arm_1', instrument='modulo_do_participante'
2026-09-14 14:32:29,807 - INFO - Dispatching to unique visit handles: visita_unica_arm_1
2026-09-14 14:32:30,588 - INFO - Debug redcap url: https://svriglobal.org/redcap/api/
2026-09-14 14:32:30,590 - INFO - Debug redcaptoken (First 3 chars): E6B...
2026-09-14 14:32:30,591 - INFO - Debug redcap status: 200
2026-09-14 14:32:30,593 - INFO - Debug redcap response (first 30 chars): [{"record":"240-4","redcap_eve
2026-09-14 14:32:30,597 - INFO - REDCap: filtering event=visita_unica_arm_1 by repeat_instance=None; response instances=['', '1']
2026-09-14 14:32:30,599 - INFO - REDCap: exported record 240-4 for event visita_unica_arm_1, repeat_instance=None, with 232 fields from 264 entries
2026-09-14 14:32:30,601 - INFO - Mapped gender:  ➡ None
2026-09-14 14:32:30,602 - INFO - Mapped site: SVRI Clínica Morumbi ➡ 47
2026-09-14 14:32:30,604 - INFO - Volunteer payload prepared: {'nome': '240-4', 'iniciais': 'Luana Batista Fernandes', 'data_nascimento': '2026-05-31', 'sexo': None, 'email': '', 'data_inclusao': '1972-09-05', 'centro': '47', 'contatos': '11111111111'}
2026-09-14 14:32:30,878 - INFO - Volunteer 240-4 already exists in PoloTrial with ID: 3342
2026-09-14 14:32:30,891 - INFO - DEBUG: Searching protocol Embrace for site 47
2026-09-14 14:32:31,373 - INFO - Protocol found: Embrace with ID: 2381 (site=47)
2026-09-14 14:32:31,607 - INFO - DEBUG: Protocol Arm founded for the unique visit: ['Embrace']
2026-09-14 14:32:31,611 - INFO - Arm matched: Embrace with ID: 283
2026-09-14 14:32:32,177 - INFO - Participant found in PoloTrial with ID: 3317
2026-09-14 14:32:56,144 - INFO - Participant visits retrieved: 1, for participant ID: 3317
2026-09-14 14:32:56,145 - INFO - Looking for unique visit with name: Visita única among: ['Visita única']
2026-09-14 14:32:56,146 - INFO - Participant visit found: Visita única with ID: 40711
2026-09-14 14:32:56,330 - INFO - Unique visit already up to date (id=40711).
2026-09-14 14:32:56,580 - INFO - DEBUG: Available procedures in PoloTrial for unique visit: ['Consulta Médica', 'Módulo Saúde', 'Módulo Identificação da Paciente', 'Módulo Menopausa', 'Questionário da Saúde da Mulher - WHQ\t', 'Questionário GAD-7', 'Questionário PHQ9', 'Questionário WPAI', 'Questionário Short Form - SF-36']
2026-09-14 14:32:56,583 - INFO -  - ID: 652399 | Procedure: Consulta Médica | Appointment date: 2026-09-14T00:00:00.000Z | Check field: cm_atendimento_dt=2026-09-14 | Date field: cm_atendimento_dt=2026-09-14
2026-09-14 14:32:56,585 - INFO -  - ID: 652400 | Procedure: Módulo Saúde | Appointment date: 2026-09-14T00:00:00.000Z | Check field: s0=2026-09-14 | Date field: s0=2026-09-14
2026-09-14 14:32:56,592 - INFO -  - ID: 652401 | Procedure: Módulo Identificação da Paciente | Appointment date: 2026-09-11T00:00:00.000Z | Check field: idp3=240-4 | Date field: idp4=1972-09-05
2026-09-14 14:32:56,594 - INFO -  - ID: 652402 | Procedure: Módulo Menopausa | Appointment date: 2026-09-11T00:00:00.000Z | Check field: pm0=2026-09-11 | Date field: pm0=2026-09-11
2026-09-14 14:32:56,596 - INFO -  - ID: 652403 | Procedure: Questionário da Saúde da Mulher - WHQ	 | Appointment date: nan | Check field: whq0=N/A | Date field: whq0=N/A
2026-09-14 14:32:56,597 - INFO -  - ID: 652404 | Procedure: Questionário GAD-7 | Appointment date: nan | Check field: gad7_0=2026-09-14 | Date field: gad7_0=2026-09-14
2026-09-14 14:32:56,599 - INFO -  - ID: 652405 | Procedure: Questionário PHQ9 | Appointment date: nan | Check field: phq9_0=2026-09-14 | Date field: phq9_0=2026-09-14
2026-09-14 14:32:56,600 - INFO -  - ID: 652406 | Procedure: Questionário WPAI | Appointment date: nan | Check field: wpai0=2026-09-14 | Date field: wpai0=2026-09-14
2026-09-14 14:32:56,605 - INFO -  - ID: 652407 | Procedure: Questionário Short Form - SF-36 | Appointment date: nan | Check field: sf36_0=2026-09-14 | Date field: sf36_0=2026-09-14
2026-09-14 14:32:56,607 - INFO - DEBUG: Procedure mapping summary:
2026-09-14 14:32:56,608 - INFO -  1. Total procedures in PoloTrial for unique visit: 9
2026-09-14 14:32:56,608 - INFO -  2. Matched with REDCap mapping: 9
2026-09-14 14:32:56,609 - INFO -  3. Unmatched procedures: 0
2026-09-14 14:32:56,614 - INFO - No procedures to sync for pattern: M[oóOÓ]dulo\s+Identifica[cçCÇ][aãAÃ]o\s+da\s+Paciente
2026-09-14 14:32:56,619 - INFO - No procedures to sync for pattern: Consulta\s+M[eéEÉ]dica
2026-09-14 14:32:56,658 - INFO - No procedures to sync for pattern: M[oóOÓ]dulo\s+Sa[uúUÚ]de
2026-09-14 14:32:56,662 - INFO - No procedures to sync for pattern: M[oóOÓ]dulo\s+Menopausa
2026-09-14 14:32:56,675 - INFO - No date found in REDCap for procedure Questionário da Saúde da Mulher - WHQ	 (check_field=whq0, date_field=whq0). Skipping sync.
2026-09-14 14:32:56,885 - INFO - ✅ Synced procedure 'Questionário Short Form - SF-36' (ID: 652407) with date: 2026-09-14
2026-09-14 14:32:57,121 - INFO - ✅ Synced procedure 'Questionário PHQ9' (ID: 652405) with date: 2026-09-14
2026-09-14 14:32:57,313 - INFO - ✅ Synced procedure 'Questionário WPAI' (ID: 652406) with date: 2026-09-14
2026-09-14 14:32:57,500 - INFO - ✅ Synced procedure 'Questionário GAD-7' (ID: 652404) with date: 2026-09-14
2026-09-14 14:32:57,501 - INFO - Unique visit procedures synchronization completed. Total procedures synced: 4/9
2026-09-14 14:32:57,501 - INFO - Executor name from REDCap: Eduardo Augusto Rabelo Socca
2026-09-14 14:32:57,945 - INFO - Executor 'Eduardo Augusto Rabelo Socca' (ID: 2761) is already linked to procedure ID: 652399. No action needed.
2026-09-14 14:32:57,946 - INFO - Unique visit synchronization completed for record_id=240-4, event_name=visita_unica_arm_1
2026-09-14 14:32:57,949 - INFO - Successfully dispatched event: record_id=240-4, event_name=visita_unica_arm_1, repeat_instance=None
2026-09-14 14:34:09,104 - INFO - Received webhook from REDCap DET: project_id=68, username=eduardosoccasvri, instrument=modulo_whq_questionario_da_saude_da_mulher, record=240-4, redcap_event_name=visita_unica_arm_1, redcap_data_acess_group=, redcap_repeat_instance=None, redcap_repeat_instrument=None, redcap_url=https://svriglobal.org/redcap/, project_url=https://svriglobal.org/redcap/redcap_v17.3.10/index.php?pid=68
2026-09-14 14:34:09,110 - INFO - Dispatch runtime: pid=977515, module=/mnt/c/Users/Science/Documents/Python/integracao_embrace/src/integracao_embrace/dispatch.py, event_name='visita_unica_arm_1', instrument='modulo_whq_questionario_da_saude_da_mulher'
2026-09-14 14:34:09,111 - INFO - Dispatching to unique visit handles: visita_unica_arm_1
2026-09-14 14:34:09,812 - INFO - Debug redcap url: https://svriglobal.org/redcap/api/
2026-09-14 14:34:09,813 - INFO - Debug redcaptoken (First 3 chars): E6B...
2026-09-14 14:34:09,814 - INFO - Debug redcap status: 200
2026-09-14 14:34:09,819 - INFO - Debug redcap response (first 30 chars): [{"record":"240-4","redcap_eve
2026-09-14 14:34:09,822 - INFO - REDCap: filtering event=visita_unica_arm_1 by repeat_instance=None; response instances=['', '1']
2026-09-14 14:34:09,826 - INFO - REDCap: exported record 240-4 for event visita_unica_arm_1, repeat_instance=None, with 270 fields from 302 entries
2026-09-14 14:34:09,829 - INFO - Mapped gender:  ➡ None
2026-09-14 14:34:09,833 - INFO - Mapped site: SVRI Clínica Morumbi ➡ 47
2026-09-14 14:34:09,836 - INFO - Volunteer payload prepared: {'nome': '240-4', 'iniciais': 'Luana Batista Fernandes', 'data_nascimento': '2026-05-31', 'sexo': None, 'email': '', 'data_inclusao': '1972-09-05', 'centro': '47', 'contatos': '11111111111'}
2026-09-14 14:34:10,053 - INFO - Volunteer 240-4 already exists in PoloTrial with ID: 3342
2026-09-14 14:34:10,099 - INFO - DEBUG: Searching protocol Embrace for site 47
2026-09-14 14:34:10,562 - INFO - Protocol found: Embrace with ID: 2381 (site=47)
2026-09-14 14:34:10,872 - INFO - DEBUG: Protocol Arm founded for the unique visit: ['Embrace']
2026-09-14 14:34:10,890 - INFO - Arm matched: Embrace with ID: 283
2026-09-14 14:34:11,532 - INFO - Participant found in PoloTrial with ID: 3317
2026-09-14 14:34:35,460 - INFO - Participant visits retrieved: 1, for participant ID: 3317
2026-09-14 14:34:35,468 - INFO - Looking for unique visit with name: Visita única among: ['Visita única']
2026-09-14 14:34:35,473 - INFO - Participant visit found: Visita única with ID: 40711
2026-09-14 14:34:35,674 - INFO - Unique visit already up to date (id=40711).
2026-09-14 14:34:35,904 - INFO - DEBUG: Available procedures in PoloTrial for unique visit: ['Consulta Médica', 'Módulo Saúde', 'Módulo Identificação da Paciente', 'Módulo Menopausa', 'Questionário da Saúde da Mulher - WHQ\t', 'Questionário GAD-7', 'Questionário PHQ9', 'Questionário WPAI', 'Questionário Short Form - SF-36']
2026-09-14 14:34:35,906 - INFO -  - ID: 652399 | Procedure: Consulta Médica | Appointment date: 2026-09-14T00:00:00.000Z | Check field: cm_atendimento_dt=2026-09-14 | Date field: cm_atendimento_dt=2026-09-14
2026-09-14 14:34:35,907 - INFO -  - ID: 652400 | Procedure: Módulo Saúde | Appointment date: 2026-09-14T00:00:00.000Z | Check field: s0=2026-09-14 | Date field: s0=2026-09-14
2026-09-14 14:34:35,908 - INFO -  - ID: 652401 | Procedure: Módulo Identificação da Paciente | Appointment date: 2026-09-11T00:00:00.000Z | Check field: idp3=240-4 | Date field: idp4=1972-09-05
2026-09-14 14:34:35,909 - INFO -  - ID: 652402 | Procedure: Módulo Menopausa | Appointment date: 2026-09-11T00:00:00.000Z | Check field: pm0=2026-09-11 | Date field: pm0=2026-09-11
2026-09-14 14:34:35,910 - INFO -  - ID: 652403 | Procedure: Questionário da Saúde da Mulher - WHQ	 | Appointment date: nan | Check field: whq0=2026-09-14 | Date field: whq0=2026-09-14
2026-09-14 14:34:35,911 - INFO -  - ID: 652404 | Procedure: Questionário GAD-7 | Appointment date: 2026-09-14T00:00:00.000Z | Check field: gad7_0=2026-09-14 | Date field: gad7_0=2026-09-14
2026-09-14 14:34:35,912 - INFO -  - ID: 652405 | Procedure: Questionário PHQ9 | Appointment date: 2026-09-14T00:00:00.000Z | Check field: phq9_0=2026-09-14 | Date field: phq9_0=2026-09-14
2026-09-14 14:34:35,913 - INFO -  - ID: 652406 | Procedure: Questionário WPAI | Appointment date: 2026-09-14T00:00:00.000Z | Check field: wpai0=2026-09-14 | Date field: wpai0=2026-09-14
2026-09-14 14:34:35,914 - INFO -  - ID: 652407 | Procedure: Questionário Short Form - SF-36 | Appointment date: 2026-09-14T00:00:00.000Z | Check field: sf36_0=2026-09-14 | Date field: sf36_0=2026-09-14
2026-09-14 14:34:35,914 - INFO - DEBUG: Procedure mapping summary:
2026-09-14 14:34:35,915 - INFO -  1. Total procedures in PoloTrial for unique visit: 9
2026-09-14 14:34:35,916 - INFO -  2. Matched with REDCap mapping: 9
2026-09-14 14:34:35,917 - INFO -  3. Unmatched procedures: 0
2026-09-14 14:34:35,920 - INFO - No procedures to sync for pattern: M[oóOÓ]dulo\s+Identifica[cçCÇ][aãAÃ]o\s+da\s+Paciente
2026-09-14 14:34:35,922 - INFO - No procedures to sync for pattern: Consulta\s+M[eéEÉ]dica
2026-09-14 14:34:35,925 - INFO - No procedures to sync for pattern: M[oóOÓ]dulo\s+Sa[uúUÚ]de
2026-09-14 14:34:35,927 - INFO - No procedures to sync for pattern: M[oóOÓ]dulo\s+Menopausa
2026-09-14 14:34:36,128 - INFO - ✅ Synced procedure 'Questionário da Saúde da Mulher - WHQ	' (ID: 652403) with date: 2026-09-14
2026-09-14 14:34:36,131 - INFO - No procedures to sync for pattern: Question[aáAÁ]rio\s+Short\s+Form\s-\s+SF-36
2026-09-14 14:34:36,135 - INFO - No procedures to sync for pattern: Question[aáAÁ]rio\s+PHQ9
2026-09-14 14:34:36,138 - INFO - No procedures to sync for pattern: Question[aáAÁ]rio\s+WPAI
2026-09-14 14:34:36,141 - INFO - No procedures to sync for pattern: Question[aáAÁ]rio\s+GAD-7
2026-09-14 14:34:36,142 - INFO - Unique visit procedures synchronization completed. Total procedures synced: 1/9
2026-09-14 14:34:36,143 - INFO - Executor name from REDCap: Eduardo Augusto Rabelo Socca
2026-09-14 14:34:36,592 - INFO - Executor 'Eduardo Augusto Rabelo Socca' (ID: 2761) is already linked to procedure ID: 652399. No action needed.
2026-09-14 14:34:36,593 - INFO - Unique visit synchronization completed for record_id=240-4, event_name=visita_unica_arm_1
2026-09-14 14:34:36,595 - INFO - Successfully dispatched event: record_id=240-4, event_name=visita_unica_arm_1, repeat_instance=None
2026-09-14 14:53:14,747 - INFO - Received webhook from REDCap DET: project_id=49, username=eduardosoccasvri, instrument=status_do_participante, record=174-1, redcap_event_name=visita_unica_arm_1, redcap_data_acess_group=, redcap_repeat_instance=None, redcap_repeat_instrument=None, redcap_url=https://svriglobal.org/redcap/, project_url=https://svriglobal.org/redcap/redcap_v17.3.10/index.php?pid=49
2026-09-14 14:53:14,769 - INFO - Dispatch runtime: pid=977515, module=/mnt/c/Users/Science/Documents/Python/integracao_embrace/src/integracao_embrace/dispatch.py, event_name='visita_unica_arm_1', instrument='status_do_participante'
2026-09-14 14:53:14,772 - INFO - Dispatching to unique visit handles: visita_unica_arm_1
2026-09-14 14:53:15,848 - INFO - Debug redcap url: https://svriglobal.org/redcap/api/
2026-09-14 14:53:15,850 - INFO - Debug redcaptoken (First 3 chars): E6B...
2026-09-14 14:53:15,858 - INFO - Debug redcap status: 200
2026-09-14 14:53:15,860 - INFO - Debug redcap response (first 30 chars): []
2026-09-14 14:53:15,861 - INFO - REDCap: filtering event=visita_unica_arm_1 by repeat_instance=None; response instances=[]
2026-09-14 14:53:15,862 - INFO - REDCap: exported record 174-1 for event visita_unica_arm_1, repeat_instance=None, with 0 fields from 0 entries
2026-09-14 14:53:15,865 - INFO - Mapped gender:  ➡ None
2026-09-14 14:53:15,869 - INFO - Mapped site:  ➡ None
2026-09-14 14:53:15,871 - INFO - Volunteer payload prepared: {'nome': '174-1', 'iniciais': '', 'data_nascimento': '', 'sexo': None, 'email': '', 'data_inclusao': '', 'centro': None, 'contatos': '11111111111'}
2026-09-14 14:53:15,875 - ERROR - Error dispatching event: record_id=174-1, event_name=visita_unica_arm_1, repeat_instance=None, error=Site code mapping not found for CENTRO value: ''. Please check SITE_CODE_MAPPING keys.
Traceback (most recent call last):
  File "/mnt/c/Users/Science/Documents/Python/integracao_embrace/src/integracao_embrace/webhook.py", line 213, in _run_sync
    dispatch_event(
    ~~~~~~~~~~~~~~^
        record_id=record_id,
        ^^^^^^^^^^^^^^^^^^^^
    ...<5 lines>...
        repeat_instance=repeat_instance
        ^^^^^^^^^^^^^^^^^^^^^^^^^^^^^^^
    )
    ^
  File "/mnt/c/Users/Science/Documents/Python/integracao_embrace/src/integracao_embrace/dispatch.py", line 58, in dispatch_event
    sync_unique_event(
    ~~~~~~~~~~~~~~~~~^
        record_id=record_id,
        ^^^^^^^^^^^^^^^^^^^^
    ...<3 lines>...
        protocol_nickname=protocol_nickname,
        ^^^^^^^^^^^^^^^^^^^^^^^^^^^^^^^^^^^^
    )
    ^
  File "/mnt/c/Users/Science/Documents/Python/integracao_embrace/src/integracao_embrace/events/unique_visit.py", line 121, in sync_unique_event
    raise RuntimeError(f"Site code mapping not found for CENTRO value: {raw_centro!r}. Please check SITE_CODE_MAPPING keys.")
RuntimeError: Site code mapping not found for CENTRO value: ''. Please check SITE_CODE_MAPPING keys.
2026-09-14 14:55:27,688 - INFO - Received webhook from REDCap DET: project_id=49, username=eduardosoccasvri, instrument=modulo_idp_identificacao_da_paciente, record=174-1, redcap_event_name=visita_unica_arm_1, redcap_data_acess_group=, redcap_repeat_instance=None, redcap_repeat_instrument=None, redcap_url=https://svriglobal.org/redcap/, project_url=https://svriglobal.org/redcap/redcap_v17.3.10/index.php?pid=49
2026-09-14 14:55:27,693 - INFO - Dispatch runtime: pid=977515, module=/mnt/c/Users/Science/Documents/Python/integracao_embrace/src/integracao_embrace/dispatch.py, event_name='visita_unica_arm_1', instrument='modulo_idp_identificacao_da_paciente'
2026-09-14 14:55:27,695 - INFO - Dispatching to unique visit handles: visita_unica_arm_1
2026-09-14 14:55:59,683 - ERROR - Error dispatching event: record_id=174-1, event_name=visita_unica_arm_1, repeat_instance=None, error=HTTPSConnectionPool(host='svriglobal.org', port=443): Max retries exceeded with url: /redcap/api/ (Caused by ConnectTimeoutError(<HTTPSConnection(host='svriglobal.org', port=443) at 0x75a870d963c0>, 'Connection to svriglobal.org timed out. (connect timeout=30)'))
Traceback (most recent call last):
  File "/mnt/c/Users/Science/Documents/Python/integracao_embrace/.venv/lib/python3.13/site-packages/urllib3/connection.py", line 204, in _new_conn
    sock = connection.create_connection(
        (self._dns_host, self.port),
    ...<2 lines>...
        socket_options=self.socket_options,
    )
  File "/mnt/c/Users/Science/Documents/Python/integracao_embrace/.venv/lib/python3.13/site-packages/urllib3/util/connection.py", line 85, in create_connection
    raise err
  File "/mnt/c/Users/Science/Documents/Python/integracao_embrace/.venv/lib/python3.13/site-packages/urllib3/util/connection.py", line 73, in create_connection
    sock.connect(sa)
    ~~~~~~~~~~~~^^^^
TimeoutError: timed out

The above exception was the direct cause of the following exception:

Traceback (most recent call last):
  File "/mnt/c/Users/Science/Documents/Python/integracao_embrace/.venv/lib/python3.13/site-packages/urllib3/connectionpool.py", line 788, in urlopen
    response = self._make_request(
        conn,
    ...<10 lines>...
        **response_kw,
    )
  File "/mnt/c/Users/Science/Documents/Python/integracao_embrace/.venv/lib/python3.13/site-packages/urllib3/connectionpool.py", line 488, in _make_request
    raise new_e
  File "/mnt/c/Users/Science/Documents/Python/integracao_embrace/.venv/lib/python3.13/site-packages/urllib3/connectionpool.py", line 464, in _make_request
    self._validate_conn(conn)
    ~~~~~~~~~~~~~~~~~~~^^^^^^
  File "/mnt/c/Users/Science/Documents/Python/integracao_embrace/.venv/lib/python3.13/site-packages/urllib3/connectionpool.py", line 1106, in _validate_conn
    conn.connect()
    ~~~~~~~~~~~~^^
  File "/mnt/c/Users/Science/Documents/Python/integracao_embrace/.venv/lib/python3.13/site-packages/urllib3/connection.py", line 759, in connect
    self.sock = sock = self._new_conn()
                       ~~~~~~~~~~~~~~^^
  File "/mnt/c/Users/Science/Documents/Python/integracao_embrace/.venv/lib/python3.13/site-packages/urllib3/connection.py", line 213, in _new_conn
    raise ConnectTimeoutError(
    ...<2 lines>...
    ) from e
urllib3.exceptions.ConnectTimeoutError: (<HTTPSConnection(host='svriglobal.org', port=443) at 0x75a870d963c0>, 'Connection to svriglobal.org timed out. (connect timeout=30)')

The above exception was the direct cause of the following exception:

Traceback (most recent call last):
  File "/mnt/c/Users/Science/Documents/Python/integracao_embrace/.venv/lib/python3.13/site-packages/requests/adapters.py", line 696, in send
    resp = conn.urlopen(
        method=request.method,
    ...<9 lines>...
        chunked=chunked,
    )
  File "/mnt/c/Users/Science/Documents/Python/integracao_embrace/.venv/lib/python3.13/site-packages/urllib3/connectionpool.py", line 842, in urlopen
    retries = retries.increment(
        method, url, error=new_e, _pool=self, _stacktrace=sys.exc_info()[2]
    )
  File "/mnt/c/Users/Science/Documents/Python/integracao_embrace/.venv/lib/python3.13/site-packages/urllib3/util/retry.py", line 543, in increment
    raise MaxRetryError(_pool, url, reason) from reason  # type: ignore[arg-type]
    ^^^^^^^^^^^^^^^^^^^^^^^^^^^^^^^^^^^^^^^^^^^^^^^^^^^
urllib3.exceptions.MaxRetryError: HTTPSConnectionPool(host='svriglobal.org', port=443): Max retries exceeded with url: /redcap/api/ (Caused by ConnectTimeoutError(<HTTPSConnection(host='svriglobal.org', port=443) at 0x75a870d963c0>, 'Connection to svriglobal.org timed out. (connect timeout=30)'))

During handling of the above exception, another exception occurred:

Traceback (most recent call last):
  File "/mnt/c/Users/Science/Documents/Python/integracao_embrace/src/integracao_embrace/webhook.py", line 213, in _run_sync
    dispatch_event(
    ~~~~~~~~~~~~~~^
        record_id=record_id,
        ^^^^^^^^^^^^^^^^^^^^
    ...<5 lines>...
        repeat_instance=repeat_instance
        ^^^^^^^^^^^^^^^^^^^^^^^^^^^^^^^
    )
    ^
  File "/mnt/c/Users/Science/Documents/Python/integracao_embrace/src/integracao_embrace/dispatch.py", line 58, in dispatch_event
    sync_unique_event(
    ~~~~~~~~~~~~~~~~~^
        record_id=record_id,
        ^^^^^^^^^^^^^^^^^^^^
    ...<3 lines>...
        protocol_nickname=protocol_nickname,
        ^^^^^^^^^^^^^^^^^^^^^^^^^^^^^^^^^^^^
    )
    ^
  File "/mnt/c/Users/Science/Documents/Python/integracao_embrace/src/integracao_embrace/events/unique_visit.py", line 60, in sync_unique_event
    redcap_payload = redcap.export_record_eav(
        record_id,
        event_name
    )
  File "/mnt/c/Users/Science/Documents/Python/integracao_embrace/src/integracao_embrace/redcap_client.py", line 73, in export_record_eav
    redcap_request = self.session.post(
        self.api_url,
        data = payload,
        timeout = self.timeout
    )
  File "/mnt/c/Users/Science/Documents/Python/integracao_embrace/.venv/lib/python3.13/site-packages/requests/sessions.py", line 712, in post
    return self.request("POST", url, data=data, json=json, **kwargs)
           ~~~~~~~~~~~~^^^^^^^^^^^^^^^^^^^^^^^^^^^^^^^^^^^^^^^^^^^^^
  File "/mnt/c/Users/Science/Documents/Python/integracao_embrace/.venv/lib/python3.13/site-packages/requests/sessions.py", line 651, in request
    resp = self.send(prep, **send_kwargs)
  File "/mnt/c/Users/Science/Documents/Python/integracao_embrace/.venv/lib/python3.13/site-packages/requests/sessions.py", line 784, in send
    r = adapter.send(request, **kwargs)
  File "/mnt/c/Users/Science/Documents/Python/integracao_embrace/.venv/lib/python3.13/site-packages/requests/adapters.py", line 717, in send
    raise ConnectTimeout(e, request=request)
requests.exceptions.ConnectTimeout: HTTPSConnectionPool(host='svriglobal.org', port=443): Max retries exceeded with url: /redcap/api/ (Caused by ConnectTimeoutError(<HTTPSConnection(host='svriglobal.org', port=443) at 0x75a870d963c0>, 'Connection to svriglobal.org timed out. (connect timeout=30)'))
2026-09-14 14:58:20,699 - INFO - Received webhook from REDCap DET: project_id=49, username=eduardosoccasvri, instrument=modulo_idp_identificacao_da_paciente, record=174-1, redcap_event_name=visita_unica_arm_1, redcap_data_acess_group=, redcap_repeat_instance=None, redcap_repeat_instrument=None, redcap_url=https://svriglobal.org/redcap/, project_url=https://svriglobal.org/redcap/redcap_v17.3.10/index.php?pid=49
2026-09-14 14:58:20,701 - INFO - Dispatch runtime: pid=977515, module=/mnt/c/Users/Science/Documents/Python/integracao_embrace/src/integracao_embrace/dispatch.py, event_name='visita_unica_arm_1', instrument='modulo_idp_identificacao_da_paciente'
2026-09-14 14:58:20,703 - INFO - Dispatching to unique visit handles: visita_unica_arm_1
2026-09-14 14:58:21,401 - INFO - Debug redcap url: https://svriglobal.org/redcap/api/
2026-09-14 14:58:21,401 - INFO - Debug redcaptoken (First 3 chars): E6B...
2026-09-14 14:58:21,402 - INFO - Debug redcap status: 200
2026-09-14 14:58:21,403 - INFO - Debug redcap response (first 30 chars): []
2026-09-14 14:58:21,404 - INFO - REDCap: filtering event=visita_unica_arm_1 by repeat_instance=None; response instances=[]
2026-09-14 14:58:21,404 - INFO - REDCap: exported record 174-1 for event visita_unica_arm_1, repeat_instance=None, with 0 fields from 0 entries
2026-09-14 14:58:21,405 - INFO - Mapped gender:  ➡ None
2026-09-14 14:58:21,406 - INFO - Mapped site:  ➡ None
2026-09-14 14:58:21,407 - INFO - Volunteer payload prepared: {'nome': '174-1', 'iniciais': '', 'data_nascimento': '', 'sexo': None, 'email': '', 'data_inclusao': '', 'centro': None, 'contatos': '11111111111'}
2026-09-14 14:58:21,407 - ERROR - Error dispatching event: record_id=174-1, event_name=visita_unica_arm_1, repeat_instance=None, error=Site code mapping not found for CENTRO value: ''. Please check SITE_CODE_MAPPING keys.
Traceback (most recent call last):
  File "/mnt/c/Users/Science/Documents/Python/integracao_embrace/src/integracao_embrace/webhook.py", line 213, in _run_sync
    dispatch_event(
    ~~~~~~~~~~~~~~^
        record_id=record_id,
        ^^^^^^^^^^^^^^^^^^^^
    ...<5 lines>...
        repeat_instance=repeat_instance
        ^^^^^^^^^^^^^^^^^^^^^^^^^^^^^^^
    )
    ^
  File "/mnt/c/Users/Science/Documents/Python/integracao_embrace/src/integracao_embrace/dispatch.py", line 58, in dispatch_event
    sync_unique_event(
    ~~~~~~~~~~~~~~~~~^
        record_id=record_id,
        ^^^^^^^^^^^^^^^^^^^^
    ...<3 lines>...
        protocol_nickname=protocol_nickname,
        ^^^^^^^^^^^^^^^^^^^^^^^^^^^^^^^^^^^^
    )
    ^
  File "/mnt/c/Users/Science/Documents/Python/integracao_embrace/src/integracao_embrace/events/unique_visit.py", line 121, in sync_unique_event
    raise RuntimeError(f"Site code mapping not found for CENTRO value: {raw_centro!r}. Please check SITE_CODE_MAPPING keys.")
RuntimeError: Site code mapping not found for CENTRO value: ''. Please check SITE_CODE_MAPPING keys.
2026-09-14 14:58:46,282 - INFO - Shutting down webhooks for protocol Embrace
2026-09-14 15:02:36,956 - INFO - Webhook initialized for protocol Embrace
2026-09-14 15:15:05,563 - INFO - Received webhook from REDCap DET: project_id=49, username=eduardosoccasvri, instrument=modulo_idp_identificacao_da_paciente, record=174-2, redcap_event_name=visita_unica_arm_1, redcap_data_acess_group=, redcap_repeat_instance=None, redcap_repeat_instrument=None, redcap_url=https://svriglobal.org/redcap/, project_url=https://svriglobal.org/redcap/redcap_v17.3.10/index.php?pid=49
2026-09-14 15:15:05,878 - INFO - Dispatch runtime: pid=985385, module=/mnt/c/Users/Science/Documents/Python/integracao_embrace/src/integracao_embrace/dispatch.py, event_name='visita_unica_arm_1', instrument='modulo_idp_identificacao_da_paciente'
2026-09-14 15:15:05,879 - INFO - Dispatching to unique visit handles: visita_unica_arm_1
2026-09-14 15:15:06,894 - INFO - Debug redcap url: https://svriglobal.org/redcap/api/
2026-09-14 15:15:06,895 - INFO - Debug redcaptoken (First 3 chars): E9A...
2026-09-14 15:15:06,896 - INFO - Debug redcap status: 200
2026-09-14 15:15:06,897 - INFO - Debug redcap response (first 30 chars): [{"record":"174-2","redcap_eve
2026-09-14 15:15:06,902 - INFO - REDCap: filtering event=visita_unica_arm_1 by repeat_instance=None; response instances=['', '1']
2026-09-14 15:15:06,905 - INFO - REDCap: exported record 174-2 for event visita_unica_arm_1, repeat_instance=None, with 272 fields from 320 entries
2026-09-14 15:15:06,907 - INFO - Mapped gender: Mulher ("Cisgênero") ➡ None
2026-09-14 15:15:06,908 - INFO - Mapped site: SVRI Clínica Morumbi ➡ 47
2026-09-14 15:15:06,910 - INFO - Volunteer payload prepared: {'nome': '174-2', 'iniciais': 'Jecilene Martins Costa ', 'data_nascimento': '1979-03-25', 'sexo': None, 'email': '', 'data_inclusao': '2026-09-11', 'centro': '47', 'contatos': '11111111111'}
2026-09-14 15:15:07,522 - INFO - Polotrial: authentication succsssful
2026-09-14 15:15:09,447 - INFO - Volunteer 174-2 created in PoloTrial with ID: 3343
2026-09-14 15:15:09,448 - INFO - DEBUG: Searching protocol Embrace for site 47
2026-09-14 15:15:09,852 - INFO - Protocol found: Embrace with ID: 2381 (site=47)
2026-09-14 15:15:10,093 - INFO - DEBUG: Protocol Arm founded for the unique visit: ['Embrace']
2026-09-14 15:15:10,093 - INFO - Arm matched: Embrace with ID: 283
2026-09-14 15:15:10,718 - INFO - DEBUG: Sending participant payload to PoloTrial: 
{
  "co_voluntario": 3343,
  "co_protocolo": 2381,
  "data_inclusao": "2026-09-11",
  "id_participante": "174-2",
  "numero_de_screening": "174-2",
  "status_participante": "540",
  "co_braco": 283,
  "atualizar_agenda": "1",
  "apagar_visitas_pendentes": "0"
}
2026-09-14 15:15:16,035 - INFO - DEBUG: Participant created in PoloTrial: 
{
  "id": 3318,
  "apagar_visitas_pendentes": 0,
  "id_participante": "174-2",
  "numero_de_screening": "174-2",
  "co_protocolo": 2381,
  "atualizar_agenda": 1,
  "co_braco": 283,
  "data_inclusao": "2026-09-11",
  "status_participante": 540,
  "co_voluntario": "3343",
  "user_id_log": 4593
}
2026-09-14 15:15:16,036 - INFO - Participant created in PoloTrial with ID: 3318
2026-09-14 15:15:40,050 - INFO - Participant visits retrieved: 1, for participant ID: 3318
2026-09-14 15:15:40,052 - INFO - Looking for unique visit with name: Visita única among: ['Visita única']
2026-09-14 15:15:40,052 - INFO - Participant visit found: Visita única with ID: 40712
2026-09-14 15:15:40,665 - INFO - Unique visit updated (id=40712) with payload: {
  "data_estimada": "2026-09-11",
  "data_realizada": "2026-09-11",
  "status": 20
}
2026-09-14 15:15:41,335 - INFO - DEBUG: Available procedures in PoloTrial for unique visit: ['Consulta Médica', 'Módulo Saúde', 'Módulo Identificação da Paciente', 'Módulo Menopausa', 'Questionário da Saúde da Mulher - WHQ\t', 'Questionário GAD-7', 'Questionário PHQ9', 'Questionário WPAI', 'Questionário Short Form - SF-36']
2026-09-14 15:15:41,337 - INFO -  - ID: 652414 | Procedure: Consulta Médica | Appointment date: None | Check field: cm_atendimento_dt=2026-09-11 | Date field: cm_atendimento_dt=2026-09-11
2026-09-14 15:15:41,338 - INFO -  - ID: 652415 | Procedure: Módulo Saúde | Appointment date: None | Check field: s0=2026-09-11 | Date field: s0=2026-09-11
2026-09-14 15:15:41,339 - INFO -  - ID: 652416 | Procedure: Módulo Identificação da Paciente | Appointment date: None | Check field: idp3=174-2 | Date field: idp4=2026-09-11
2026-09-14 15:15:41,340 - INFO -  - ID: 652417 | Procedure: Módulo Menopausa | Appointment date: None | Check field: pm0=2026-09-11 | Date field: pm0=2026-09-11
2026-09-14 15:15:41,341 - INFO -  - ID: 652418 | Procedure: Questionário da Saúde da Mulher - WHQ	 | Appointment date: None | Check field: whq0=2026-09-11 | Date field: whq0=2026-09-11
2026-09-14 15:15:41,342 - INFO -  - ID: 652419 | Procedure: Questionário GAD-7 | Appointment date: None | Check field: gad7_0=2026-09-11 | Date field: gad7_0=2026-09-11
2026-09-14 15:15:41,343 - INFO -  - ID: 652420 | Procedure: Questionário PHQ9 | Appointment date: None | Check field: phq9_0=2026-09-11 | Date field: phq9_0=2026-09-11
2026-09-14 15:15:41,344 - INFO -  - ID: 652421 | Procedure: Questionário WPAI | Appointment date: None | Check field: wpai0=2026-09-11 | Date field: wpai0=2026-09-11
2026-09-14 15:15:41,345 - INFO -  - ID: 652422 | Procedure: Questionário Short Form - SF-36 | Appointment date: None | Check field: sf36_0=2026-09-11 | Date field: sf36_0=2026-09-11
2026-09-14 15:15:41,347 - INFO - DEBUG: Procedure mapping summary:
2026-09-14 15:15:41,347 - INFO -  1. Total procedures in PoloTrial for unique visit: 9
2026-09-14 15:15:41,348 - INFO -  2. Matched with REDCap mapping: 9
2026-09-14 15:15:41,348 - INFO -  3. Unmatched procedures: 0
2026-09-14 15:15:42,251 - INFO - ✅ Synced procedure 'Módulo Identificação da Paciente' (ID: 652416) with date: 2026-09-11
2026-09-14 15:15:42,472 - INFO - ✅ Synced procedure 'Consulta Médica' (ID: 652414) with date: 2026-09-11
2026-09-14 15:15:42,695 - INFO - ✅ Synced procedure 'Módulo Saúde' (ID: 652415) with date: 2026-09-11
2026-09-14 15:15:43,185 - INFO - ✅ Synced procedure 'Módulo Menopausa' (ID: 652417) with date: 2026-09-11
2026-09-14 15:15:43,868 - INFO - ✅ Synced procedure 'Questionário da Saúde da Mulher - WHQ	' (ID: 652418) with date: 2026-09-11
2026-09-14 15:15:45,269 - INFO - ✅ Synced procedure 'Questionário Short Form - SF-36' (ID: 652422) with date: 2026-09-11
2026-09-14 15:15:45,573 - INFO - ✅ Synced procedure 'Questionário PHQ9' (ID: 652420) with date: 2026-09-11
2026-09-14 15:15:45,771 - INFO - ✅ Synced procedure 'Questionário WPAI' (ID: 652421) with date: 2026-09-11
2026-09-14 15:15:46,076 - INFO - ✅ Synced procedure 'Questionário GAD-7' (ID: 652419) with date: 2026-09-11
2026-09-14 15:15:46,077 - INFO - Unique visit procedures synchronization completed. Total procedures synced: 9/9
2026-09-14 15:15:46,084 - INFO - Executor name from REDCap: Fabiane Berta
2026-09-14 15:15:46,458 - ERROR - Executor 'Fabiane Berta' not found in PoloTrial. Please ensure the executor exists in the system.
2026-09-14 15:15:46,459 - INFO - Unique visit synchronization completed for record_id=174-2, event_name=visita_unica_arm_1
2026-09-14 15:15:46,460 - INFO - Successfully dispatched event: record_id=174-2, event_name=visita_unica_arm_1, repeat_instance=None
2026-09-14 15:16:41,715 - INFO - Received webhook from REDCap DET: project_id=49, username=eduardosoccasvri, instrument=status_do_participante, record=174-1, redcap_event_name=visita_unica_arm_1, redcap_data_acess_group=, redcap_repeat_instance=None, redcap_repeat_instrument=None, redcap_url=https://svriglobal.org/redcap/, project_url=https://svriglobal.org/redcap/redcap_v17.3.10/index.php?pid=49
2026-09-14 15:16:41,721 - INFO - Dispatch runtime: pid=985385, module=/mnt/c/Users/Science/Documents/Python/integracao_embrace/src/integracao_embrace/dispatch.py, event_name='visita_unica_arm_1', instrument='status_do_participante'
2026-09-14 15:16:41,725 - INFO - Dispatching to unique visit handles: visita_unica_arm_1
2026-09-14 15:16:42,481 - INFO - Debug redcap url: https://svriglobal.org/redcap/api/
2026-09-14 15:16:42,482 - INFO - Debug redcaptoken (First 3 chars): E9A...
2026-09-14 15:16:42,483 - INFO - Debug redcap status: 200
2026-09-14 15:16:42,483 - INFO - Debug redcap response (first 30 chars): [{"record":"174-1","redcap_eve
2026-09-14 15:16:42,485 - INFO - REDCap: filtering event=visita_unica_arm_1 by repeat_instance=None; response instances=['', '1']
2026-09-14 15:16:42,487 - INFO - REDCap: exported record 174-1 for event visita_unica_arm_1, repeat_instance=None, with 219 fields from 243 entries
2026-09-14 15:16:42,487 - INFO - Mapped gender: Mulher ("Cisgênero") ➡ None
2026-09-14 15:16:42,488 - INFO - Mapped site: SVRI Clínica Morumbi ➡ 47
2026-09-14 15:16:42,489 - INFO - Volunteer payload prepared: {'nome': '174-1', 'iniciais': 'Flavia Martins Santos ', 'data_nascimento': '1981-11-13', 'sexo': None, 'email': '', 'data_inclusao': '2026-09-11', 'centro': '47', 'contatos': '11111111111'}
2026-09-14 15:16:44,106 - INFO - Volunteer 174-1 created in PoloTrial with ID: 3344
2026-09-14 15:16:44,107 - INFO - DEBUG: Searching protocol Embrace for site 47
2026-09-14 15:16:44,506 - INFO - Protocol found: Embrace with ID: 2381 (site=47)
2026-09-14 15:16:44,728 - INFO - DEBUG: Protocol Arm founded for the unique visit: ['Embrace']
2026-09-14 15:16:44,729 - INFO - Arm matched: Embrace with ID: 283
2026-09-14 15:16:45,285 - INFO - DEBUG: Sending participant payload to PoloTrial: 
{
  "co_voluntario": 3344,
  "co_protocolo": 2381,
  "data_inclusao": "2026-09-11",
  "id_participante": "174-1",
  "numero_de_screening": "174-1",
  "status_participante": "540",
  "co_braco": 283,
  "atualizar_agenda": "1",
  "apagar_visitas_pendentes": "0"
}
2026-09-14 15:16:49,913 - INFO - DEBUG: Participant created in PoloTrial: 
{
  "id": 3319,
  "apagar_visitas_pendentes": 0,
  "id_participante": "174-1",
  "numero_de_screening": "174-1",
  "co_protocolo": 2381,
  "atualizar_agenda": 1,
  "co_braco": 283,
  "data_inclusao": "2026-09-11",
  "status_participante": 540,
  "co_voluntario": "3344",
  "user_id_log": 4593
}
2026-09-14 15:16:49,914 - INFO - Participant created in PoloTrial with ID: 3319
2026-09-14 15:17:12,940 - INFO - Participant visits retrieved: 1, for participant ID: 3319
2026-09-14 15:17:12,942 - INFO - Looking for unique visit with name: Visita única among: ['Visita única']
2026-09-14 15:17:12,949 - INFO - Participant visit found: Visita única with ID: 40713
2026-09-14 15:17:13,395 - INFO - Unique visit updated (id=40713) with payload: {
  "data_estimada": "2026-09-11",
  "data_realizada": "2026-09-11",
  "status": 20
}
2026-09-14 15:17:14,006 - INFO - DEBUG: Available procedures in PoloTrial for unique visit: ['Consulta Médica', 'Módulo Saúde', 'Módulo Identificação da Paciente', 'Módulo Menopausa', 'Questionário da Saúde da Mulher - WHQ\t', 'Questionário GAD-7', 'Questionário PHQ9', 'Questionário WPAI', 'Questionário Short Form - SF-36']
2026-09-14 15:17:14,008 - INFO -  - ID: 652429 | Procedure: Consulta Médica | Appointment date: None | Check field: cm_atendimento_dt=2026-09-11 | Date field: cm_atendimento_dt=2026-09-11
2026-09-14 15:17:14,009 - INFO -  - ID: 652430 | Procedure: Módulo Saúde | Appointment date: None | Check field: s0=2026-09-11 | Date field: s0=2026-09-11
2026-09-14 15:17:14,010 - INFO -  - ID: 652431 | Procedure: Módulo Identificação da Paciente | Appointment date: None | Check field: idp3=174-1 | Date field: idp4=2026-09-11
2026-09-14 15:17:14,011 - INFO -  - ID: 652432 | Procedure: Módulo Menopausa | Appointment date: None | Check field: pm0=2026-09-11 | Date field: pm0=2026-09-11
2026-09-14 15:17:14,012 - INFO -  - ID: 652433 | Procedure: Questionário da Saúde da Mulher - WHQ	 | Appointment date: None | Check field: whq0=N/A | Date field: whq0=N/A
2026-09-14 15:17:14,013 - INFO -  - ID: 652434 | Procedure: Questionário GAD-7 | Appointment date: None | Check field: gad7_0=2026-09-11 | Date field: gad7_0=2026-09-11
2026-09-14 15:17:14,015 - INFO -  - ID: 652435 | Procedure: Questionário PHQ9 | Appointment date: None | Check field: phq9_0=2026-09-11 | Date field: phq9_0=2026-09-11
2026-09-14 15:17:14,016 - INFO -  - ID: 652436 | Procedure: Questionário WPAI | Appointment date: None | Check field: wpai0=2026-09-11 | Date field: wpai0=2026-09-11
2026-09-14 15:17:14,018 - INFO -  - ID: 652437 | Procedure: Questionário Short Form - SF-36 | Appointment date: None | Check field: sf36_0=2026-09-11 | Date field: sf36_0=2026-09-11
2026-09-14 15:17:14,019 - INFO - DEBUG: Procedure mapping summary:
2026-09-14 15:17:14,019 - INFO -  1. Total procedures in PoloTrial for unique visit: 9
2026-09-14 15:17:14,020 - INFO -  2. Matched with REDCap mapping: 9
2026-09-14 15:17:14,021 - INFO -  3. Unmatched procedures: 0
2026-09-14 15:17:14,218 - INFO - ✅ Synced procedure 'Módulo Identificação da Paciente' (ID: 652431) with date: 2026-09-11
2026-09-14 15:17:14,423 - INFO - ✅ Synced procedure 'Consulta Médica' (ID: 652429) with date: 2026-09-11
2026-09-14 15:17:14,614 - INFO - ✅ Synced procedure 'Módulo Saúde' (ID: 652430) with date: 2026-09-11
2026-09-14 15:17:14,799 - INFO - ✅ Synced procedure 'Módulo Menopausa' (ID: 652432) with date: 2026-09-11
2026-09-14 15:17:14,804 - INFO - No date found in REDCap for procedure Questionário da Saúde da Mulher - WHQ	 (check_field=whq0, date_field=whq0). Skipping sync.
2026-09-14 15:17:15,002 - INFO - ✅ Synced procedure 'Questionário Short Form - SF-36' (ID: 652437) with date: 2026-09-11
2026-09-14 15:17:15,212 - INFO - ✅ Synced procedure 'Questionário PHQ9' (ID: 652435) with date: 2026-09-11
2026-09-14 15:17:15,402 - INFO - ✅ Synced procedure 'Questionário WPAI' (ID: 652436) with date: 2026-09-11
2026-09-14 15:17:15,598 - INFO - ✅ Synced procedure 'Questionário GAD-7' (ID: 652434) with date: 2026-09-11
2026-09-14 15:17:15,599 - INFO - Unique visit procedures synchronization completed. Total procedures synced: 8/9
2026-09-14 15:17:15,600 - INFO - Executor name from REDCap: Fabiane Berta
2026-09-14 15:17:15,843 - ERROR - Executor 'Fabiane Berta' not found in PoloTrial. Please ensure the executor exists in the system.
2026-09-14 15:17:15,844 - INFO - Unique visit synchronization completed for record_id=174-1, event_name=visita_unica_arm_1
2026-09-14 15:17:15,845 - INFO - Dispatching to participant status update handler: instrument=status_do_participante
2026-09-14 15:17:16,591 - INFO - Debug redcap url: https://svriglobal.org/redcap/api/
2026-09-14 15:17:16,592 - INFO - Debug redcaptoken (First 3 chars): E9A...
2026-09-14 15:17:16,593 - INFO - Debug redcap status: 200
2026-09-14 15:17:16,594 - INFO - Debug redcap response (first 30 chars): [{"record":"174-1","redcap_eve
2026-09-14 15:17:16,596 - INFO - REDCap: filtering event=visita_unica_arm_1 by repeat_instance=None; response instances=['', '1']
2026-09-14 15:17:16,596 - INFO - REDCap: exported record 174-1 for event visita_unica_arm_1, repeat_instance=None, with 219 fields from 243 entries
2026-09-14 15:17:16,598 - INFO - Retrieved REDCap payload for record_id=174-1, event_name=visita_unica_arm_1: {'ae1': 'Sim', 'ae10': 'Não', 'ae11': 'Não', 'ae12': 'Não', 'ae13': 'Não', 'ae14': 'Não', 'ae2': 'Não Aplicável', 'ae3': 'Sim', 'ae4': 'Não', 'ae5': 'Não', 'ae6': 'Não', 'ae7': 'Não', 'ae8': 'Não', 'ae9': 'Não', 'asr1': '13', 'asr2': 'Sim', 'asr3': '2026-07-30', 'asr4': 'Não', 'asr5': 'Não', 'cm_anamnese1': 'Foi entregue à participante uma via do Termo de Consentimento Livre e Esclarecido (TCLE), sendo disponibilizado tempo adequado para que pudesse realizar a leitura e compreender todas as informações apresentadas no documento. A participante declarou não possuir dúvidas e confirmou estar de acordo com sua participação na pesquisa. As duas vias do TCLE foram devidamente rubricadas pela participante e por mim nas páginas 1 até 12. Uma via devidamente preenchida e assinada foi entregue à participante, permanecendo a outra via arquivada no centro de pesquisa.\r\n ', 'cm_atendimento_dt': '2026-09-11', 'cm_dt_assinatura_tcle': '2026-09-11', 'cm_evolucao': 'ndn', 'cm_evolucao_bt': 'Adicionar', 'cm_evolucao_executor': 'Fabiane Berta', 'cm_tcle_upload': '1590', 'cm_tclw_versao': 'v2', 'cm1': 'calorão', 'cm10': 'Concordo', 'cm11': 'Concordo', 'cm12': 'fazer a reposicao', 'cm13': 'Concordo totalmente', 'cm14': 'Discordo totalmente', 'cm15': 'Não sei opinar', 'cm16': 'Concordo totalmente', 'cm17': 'Concordo totalmente', 'cm18': 'Concordo totalmente', 'cm19': 'Concordo', 'cm2': 'Bem informado (a)', 'cm20': 'Concordo', 'cm21': 'Não concordo', 'cm22': 'Concordo', 'cm23': 'Não concordo', 'cm24': 'Não sei opinar', 'cm25': 'Concordo', 'cm26': 'Concordo', 'cm27': 'Não concordo', 'cm28': 'Concordo', 'cm29': 'Concordo', 'cm3': 'Não concordo', 'cm30': 'Concordo', 'cm31': 'Concordo', 'cm32': 'Concordo', 'cm4': 'Não concordo', 'cm5': 'Não sei opinar', 'cm6': 'Concordo', 'cm7': 'Concordo', 'cm8': 'Não sei opinar', 'cm9': 'Não sei opinar', 'gad7_0': '2026-09-11', 'glad7_1': 'Nenhuma vez', 'glad7_2': 'Nenhuma vez', 'glad7_3': 'Nenhuma vez', 'glad7_4': 'Nenhuma vez', 'glad7_5': 'Nenhuma vez', 'glad7_6': 'Vários dias', 'glad7_7': 'Nenhuma vez', 'idp_faixa_etaria': '1', 'idp1': 'Flavia Martins Santos ', 'idp2': 'Mulher ("Cisgênero")', 'idp3': '174-1', 'idp4': '2026-09-11', 'idp5': '44', 'idp6': '1981-11-13', 'idp7': 'SVRI Clínica Morumbi', 'idp8': '26', 'idp9': 'SP', 'mdulo_cm_consulta_mdica_complete': 'Complete', 'modulo_do_participante_complete': 'Complete', 'modulo_idp_identificacao_da_paciente_complete': 'Complete', 'modulo_m_menopausa_complete': 'Complete', 'modulo_participante_dt': '2026-09-11', 'modulo_s_saude_complete': 'Complete', 'mpc1': 'Apenas quando surge algum problema específico', 'mpc2': '2a', 'mpc3': '4', 'mpc4': 'Aparecimento de acne (espinhas)', 'mpc5': 'Flacidez ou perda de contorno do rosto', 'mpc6': 'Aumento da oleosidade na raiz', 'mpc7': 'Crescimento mais lento', 'mpc8': 'Não', 'phq9_0': '2026-09-11', 'phq9_1': 'Nenhuma vez', 'phq9_10': 'Nenhuma dificuldade', 'phq9_2': 'Nenhuma vez', 'phq9_3': 'Nenhuma vez', 'phq9_4': 'Vários dias', 'phq9_5': 'Nenhuma vez', 'phq9_6': 'Nenhuma vez', 'phq9_7': 'Nenhuma vez', 'phq9_8': 'Nenhuma vez', 'phq9_9': 'Nenhuma vez', 'pm0': '2026-09-11', 'pm1': 'Concordo totalmente', 'pm2': 'Concordo totalmente', 'pm3': 'Discordo', 'pm4': 'Concordo', 'pm5': 'Neutro', 'pm6': 'Discordo totalmente', 's0': '2026-09-11', 's1_1': '74.100', 's1_2': '1.62', 's10': 'Não', 's12': 'Não', 's13': 'Não', 's14': 'Não.', 's15': 'Não.', 's17': 'Não', 's18': 'Não', 's2': '77', 's22': 'Não', 's23': 'Sim', 's24': '5 ou mais', 's25': '60', 's26': 'Caminhada', 's27': 'Vigorosa', 's28': 'Nunca', 's3': '106', 's3_1': '9796.814814814814', 's3_2': '0.7264150943396226', 's3_3': '7111.629629629628', 's32': 'Não', 's4': '138', 's5': '90', 's6': 'Muito Bom', 's7': '282350.25', 's7_1': 'Sim, qual(is)', 's7_2': 'Outra', 's8_1': '2.02', 's8_10': '71', 's8_11': '85', 's8_12': '5.1', 's8_13': '6', 's8_2': '1.22', 's8_7': '132', 's8_8': '78', 's8_9': '39', 's9_1': 'Não', 'sc1_1': 'Alterações de humor', 'sd1': 'Casado(a)', 'sd2': 'Ensino Médio Completo', 'sd3': 'Parda', 'sd4': 'Sim', 'sd5': '1', 'sd6': '1', 'sd7': '0', 'se1': '1', 'se10': '0', 'se11': '1', 'se12': '0', 'se13': 'Rede Geral de Distribuição', 'se14': 'Ensino Superior Completo', 'se15': 'Atendimento particular', 'se2': '2', 'se3': '3', 'se4': '0', 'se5': '3', 'se6': '0', 'se7': '1', 'se8': '0', 'se9': '1', 'sf36_0': '2026-09-11', 'sf36_1': 'Boa', 'sf36_10': 'Não, não dificulta de modo algum', 'sf36_11': 'Não, não dificulta de modo algum', 'sf36_12': 'Não, não dificulta de modo algum', 'sf36_13': 'Sim', 'sf36_14': 'Não', 'sf36_15': 'Não', 'sf36_16': 'Não', 'sf36_17': 'Não', 'sf36_18': 'Não', 'sf36_19': 'Não', 'sf36_2': 'Muito melhor', 'sf36_20': 'De forma nenhuma', 'sf36_21': 'Nenhuma', 'sf36_22': 'De forma nenhuma', 'sf36_23': 'Uma boa parte do tempo', 'sf36_24': 'Uma boa parte do tempo', 'sf36_25': 'Uma pequena parte do tempo', 'sf36_26': 'Uma pequena parte do tempo', 'sf36_27': 'Uma boa parte do tempo', 'sf36_28': 'Uma pequena parte do tempo', 'sf36_29': 'Alguma parte do tempo', 'sf36_3': 'Não, não dificulta de modo algum', 'sf36_30': 'Uma boa parte do tempo', 'sf36_31': 'Alguma parte do tempo', 'sf36_32': 'Nenhuma parte do tempo', 'sf36_33': 'A maioria das vezes falso', 'sf36_34': 'Não sei', 'sf36_35': 'Definitivamente falso', 'sf36_36': 'A maioria das vezes verdadeiro', 'sf36_4': 'Não, não dificulta de modo algum', 'sf36_5': 'Não, não dificulta de modo algum', 'sf36_6': 'Não, não dificulta de modo algum', 'sf36_7': 'Não, não dificulta de modo algum', 'sf36_8': 'Sim, dificulta um pouco', 'sf36_9': 'Não, não dificulta de modo algum', 'status_do_participante_complete': 'Complete', 'status_participante': 'Concluído', 'status_participante_dt': '2026-09-11', 'survey_sc1_1': 'Alterações de humor', 'wpai0': '2026-09-11', 'wpai1': 'Sim', 'wpai2': '096 hs', 'wpai3': '96 hs', 'wpai4': 'De 6 a 8 horas por dia', 'wpai5': '0', 'wpai6': '1'}
2026-09-14 15:17:16,908 - INFO - Debug redcap url: https://svriglobal.org/redcap/api/
2026-09-14 15:17:16,909 - INFO - Debug redcaptoken (First 3 chars): E9A...
2026-09-14 15:17:16,910 - INFO - Debug redcap status: 200
2026-09-14 15:17:16,910 - INFO - Debug redcap response (first 30 chars): [{"record":"174-1","redcap_eve
2026-09-14 15:17:16,913 - INFO - REDCap: filtering event=visita_unica_arm_1 by repeat_instance=None; response instances=['', '1']
2026-09-14 15:17:16,913 - INFO - REDCap: exported record 174-1 for event visita_unica_arm_1, repeat_instance=None, with 219 fields from 243 entries
2026-09-14 15:17:17,139 - INFO - Found volunteer in PoloTrial: record_id=174-1, volunteer_code=3344
2026-09-14 15:17:17,567 - INFO - Found protocol in PoloTrial: site_code=47, protocol_nickname=Embrace, protocol_code=2381
2026-09-14 15:17:18,153 - INFO - Found participant in PoloTrial: volunteer_code=3344, protocol_code=2381, participant_code=3319
2026-09-14 15:17:18,154 - INFO - Mapped REDCap status=Concluído to PoloTrial status_code=308 for record_id=174-1
2026-09-14 15:17:18,984 - INFO - Updated participant status in PoloTrial for record_id=174-1: 540 -> 308
2026-09-14 15:17:18,986 - INFO - Successfully dispatched event: record_id=174-1, event_name=visita_unica_arm_1, repeat_instance=None
2026-09-14 15:18:00,276 - INFO - Received webhook from REDCap DET: project_id=49, username=eduardosoccasvri, instrument=status_do_participante, record=174-1, redcap_event_name=visita_unica_arm_1, redcap_data_acess_group=, redcap_repeat_instance=None, redcap_repeat_instrument=None, redcap_url=https://svriglobal.org/redcap/, project_url=https://svriglobal.org/redcap/redcap_v17.3.10/index.php?pid=49
2026-09-14 15:18:00,282 - INFO - Dispatch runtime: pid=985385, module=/mnt/c/Users/Science/Documents/Python/integracao_embrace/src/integracao_embrace/dispatch.py, event_name='visita_unica_arm_1', instrument='status_do_participante'
2026-09-14 15:18:00,284 - INFO - Dispatching to unique visit handles: visita_unica_arm_1
2026-09-14 15:18:01,113 - INFO - Debug redcap url: https://svriglobal.org/redcap/api/
2026-09-14 15:18:01,114 - INFO - Debug redcaptoken (First 3 chars): E9A...
2026-09-14 15:18:01,116 - INFO - Debug redcap status: 200
2026-09-14 15:18:01,119 - INFO - Debug redcap response (first 30 chars): [{"record":"174-1","redcap_eve
2026-09-14 15:18:01,130 - INFO - REDCap: filtering event=visita_unica_arm_1 by repeat_instance=None; response instances=['', '1']
2026-09-14 15:18:01,131 - INFO - REDCap: exported record 174-1 for event visita_unica_arm_1, repeat_instance=None, with 219 fields from 243 entries
2026-09-14 15:18:01,132 - INFO - Mapped gender: Mulher ("Cisgênero") ➡ None
2026-09-14 15:18:01,133 - INFO - Mapped site: SVRI Clínica Morumbi ➡ 47
2026-09-14 15:18:01,135 - INFO - Volunteer payload prepared: {'nome': '174-1', 'iniciais': 'Flavia Martins Santos ', 'data_nascimento': '1981-11-13', 'sexo': None, 'email': '', 'data_inclusao': '2026-09-11', 'centro': '47', 'contatos': '11111111111'}
2026-09-14 15:18:01,332 - INFO - Volunteer 174-1 already exists in PoloTrial with ID: 3344
2026-09-14 15:18:01,339 - INFO - DEBUG: Searching protocol Embrace for site 47
2026-09-14 15:18:01,827 - INFO - Protocol found: Embrace with ID: 2381 (site=47)
2026-09-14 15:18:02,093 - INFO - DEBUG: Protocol Arm founded for the unique visit: ['Embrace']
2026-09-14 15:18:02,095 - INFO - Arm matched: Embrace with ID: 283
2026-09-14 15:18:02,759 - INFO - Participant found in PoloTrial with ID: 3319
2026-09-14 15:18:25,794 - INFO - Participant visits retrieved: 1, for participant ID: 3319
2026-09-14 15:18:25,796 - INFO - Looking for unique visit with name: Visita única among: ['Visita única']
2026-09-14 15:18:25,802 - INFO - Participant visit found: Visita única with ID: 40713
2026-09-14 15:18:25,982 - INFO - Unique visit already up to date (id=40713).
2026-09-14 15:18:26,254 - INFO - DEBUG: Available procedures in PoloTrial for unique visit: ['Consulta Médica', 'Módulo Saúde', 'Módulo Identificação da Paciente', 'Módulo Menopausa', 'Questionário da Saúde da Mulher - WHQ\t', 'Questionário GAD-7', 'Questionário PHQ9', 'Questionário WPAI', 'Questionário Short Form - SF-36']
2026-09-14 15:18:26,264 - INFO -  - ID: 652429 | Procedure: Consulta Médica | Appointment date: 2026-09-11T00:00:00.000Z | Check field: cm_atendimento_dt=2026-09-11 | Date field: cm_atendimento_dt=2026-09-11
2026-09-14 15:18:26,266 - INFO -  - ID: 652430 | Procedure: Módulo Saúde | Appointment date: 2026-09-11T00:00:00.000Z | Check field: s0=2026-09-11 | Date field: s0=2026-09-11
2026-09-14 15:18:26,267 - INFO -  - ID: 652431 | Procedure: Módulo Identificação da Paciente | Appointment date: 2026-09-11T00:00:00.000Z | Check field: idp3=174-1 | Date field: idp4=2026-09-11
2026-09-14 15:18:26,269 - INFO -  - ID: 652432 | Procedure: Módulo Menopausa | Appointment date: 2026-09-11T00:00:00.000Z | Check field: pm0=2026-09-11 | Date field: pm0=2026-09-11
2026-09-14 15:18:26,271 - INFO -  - ID: 652433 | Procedure: Questionário da Saúde da Mulher - WHQ	 | Appointment date: nan | Check field: whq0=N/A | Date field: whq0=N/A
2026-09-14 15:18:26,272 - INFO -  - ID: 652434 | Procedure: Questionário GAD-7 | Appointment date: 2026-09-11T00:00:00.000Z | Check field: gad7_0=2026-09-11 | Date field: gad7_0=2026-09-11
2026-09-14 15:18:26,274 - INFO -  - ID: 652435 | Procedure: Questionário PHQ9 | Appointment date: 2026-09-11T00:00:00.000Z | Check field: phq9_0=2026-09-11 | Date field: phq9_0=2026-09-11
2026-09-14 15:18:26,275 - INFO -  - ID: 652436 | Procedure: Questionário WPAI | Appointment date: 2026-09-11T00:00:00.000Z | Check field: wpai0=2026-09-11 | Date field: wpai0=2026-09-11
2026-09-14 15:18:26,277 - INFO -  - ID: 652437 | Procedure: Questionário Short Form - SF-36 | Appointment date: 2026-09-11T00:00:00.000Z | Check field: sf36_0=2026-09-11 | Date field: sf36_0=2026-09-11
2026-09-14 15:18:26,278 - INFO - DEBUG: Procedure mapping summary:
2026-09-14 15:18:26,279 - INFO -  1. Total procedures in PoloTrial for unique visit: 9
2026-09-14 15:18:26,281 - INFO -  2. Matched with REDCap mapping: 9
2026-09-14 15:18:26,282 - INFO -  3. Unmatched procedures: 0
2026-09-14 15:18:26,314 - INFO - No procedures to sync for pattern: M[oóOÓ]dulo\s+Identifica[cçCÇ][aãAÃ]o\s+da\s+Paciente
2026-09-14 15:18:26,319 - INFO - No procedures to sync for pattern: Consulta\s+M[eéEÉ]dica
2026-09-14 15:18:26,323 - INFO - No procedures to sync for pattern: M[oóOÓ]dulo\s+Sa[uúUÚ]de
2026-09-14 15:18:26,335 - INFO - No procedures to sync for pattern: M[oóOÓ]dulo\s+Menopausa
2026-09-14 15:18:26,342 - INFO - No date found in REDCap for procedure Questionário da Saúde da Mulher - WHQ	 (check_field=whq0, date_field=whq0). Skipping sync.
2026-09-14 15:18:26,348 - INFO - No procedures to sync for pattern: Question[aáAÁ]rio\s+Short\s+Form\s-\s+SF-36
2026-09-14 15:18:26,357 - INFO - No procedures to sync for pattern: Question[aáAÁ]rio\s+PHQ9
2026-09-14 15:18:26,362 - INFO - No procedures to sync for pattern: Question[aáAÁ]rio\s+WPAI
2026-09-14 15:18:26,366 - INFO - No procedures to sync for pattern: Question[aáAÁ]rio\s+GAD-7
2026-09-14 15:18:26,367 - INFO - Unique visit procedures synchronization completed. Total procedures synced: 0/9
2026-09-14 15:18:26,376 - INFO - Executor name from REDCap: Fabiane Berta
2026-09-14 15:18:26,614 - ERROR - Executor 'Fabiane Berta' not found in PoloTrial. Please ensure the executor exists in the system.
2026-09-14 15:18:26,615 - INFO - Unique visit synchronization completed for record_id=174-1, event_name=visita_unica_arm_1
2026-09-14 15:18:26,617 - INFO - Dispatching to participant status update handler: instrument=status_do_participante
2026-09-14 15:18:27,402 - INFO - Debug redcap url: https://svriglobal.org/redcap/api/
2026-09-14 15:18:27,402 - INFO - Debug redcaptoken (First 3 chars): E9A...
2026-09-14 15:18:27,403 - INFO - Debug redcap status: 200
2026-09-14 15:18:27,404 - INFO - Debug redcap response (first 30 chars): [{"record":"174-1","redcap_eve
2026-09-14 15:18:27,406 - INFO - REDCap: filtering event=visita_unica_arm_1 by repeat_instance=None; response instances=['', '1']
2026-09-14 15:18:27,407 - INFO - REDCap: exported record 174-1 for event visita_unica_arm_1, repeat_instance=None, with 219 fields from 243 entries
2026-09-14 15:18:27,408 - INFO - Retrieved REDCap payload for record_id=174-1, event_name=visita_unica_arm_1: {'ae1': 'Sim', 'ae10': 'Não', 'ae11': 'Não', 'ae12': 'Não', 'ae13': 'Não', 'ae14': 'Não', 'ae2': 'Não Aplicável', 'ae3': 'Sim', 'ae4': 'Não', 'ae5': 'Não', 'ae6': 'Não', 'ae7': 'Não', 'ae8': 'Não', 'ae9': 'Não', 'asr1': '13', 'asr2': 'Sim', 'asr3': '2026-07-30', 'asr4': 'Não', 'asr5': 'Não', 'cm_anamnese1': 'Foi entregue à participante uma via do Termo de Consentimento Livre e Esclarecido (TCLE), sendo disponibilizado tempo adequado para que pudesse realizar a leitura e compreender todas as informações apresentadas no documento. A participante declarou não possuir dúvidas e confirmou estar de acordo com sua participação na pesquisa. As duas vias do TCLE foram devidamente rubricadas pela participante e por mim nas páginas 1 até 12. Uma via devidamente preenchida e assinada foi entregue à participante, permanecendo a outra via arquivada no centro de pesquisa.\r\n ', 'cm_atendimento_dt': '2026-09-11', 'cm_dt_assinatura_tcle': '2026-09-11', 'cm_evolucao': 'ndn', 'cm_evolucao_bt': 'Adicionar', 'cm_evolucao_executor': 'Fabiane Berta', 'cm_tcle_upload': '1590', 'cm_tclw_versao': 'v2', 'cm1': 'calorão', 'cm10': 'Concordo', 'cm11': 'Concordo', 'cm12': 'fazer a reposicao', 'cm13': 'Concordo totalmente', 'cm14': 'Discordo totalmente', 'cm15': 'Não sei opinar', 'cm16': 'Concordo totalmente', 'cm17': 'Concordo totalmente', 'cm18': 'Concordo totalmente', 'cm19': 'Concordo', 'cm2': 'Bem informado (a)', 'cm20': 'Concordo', 'cm21': 'Não concordo', 'cm22': 'Concordo', 'cm23': 'Não concordo', 'cm24': 'Não sei opinar', 'cm25': 'Concordo', 'cm26': 'Concordo', 'cm27': 'Não concordo', 'cm28': 'Concordo', 'cm29': 'Concordo', 'cm3': 'Não concordo', 'cm30': 'Concordo', 'cm31': 'Concordo', 'cm32': 'Concordo', 'cm4': 'Não concordo', 'cm5': 'Não sei opinar', 'cm6': 'Concordo', 'cm7': 'Concordo', 'cm8': 'Não sei opinar', 'cm9': 'Não sei opinar', 'gad7_0': '2026-09-11', 'glad7_1': 'Nenhuma vez', 'glad7_2': 'Nenhuma vez', 'glad7_3': 'Nenhuma vez', 'glad7_4': 'Nenhuma vez', 'glad7_5': 'Nenhuma vez', 'glad7_6': 'Vários dias', 'glad7_7': 'Nenhuma vez', 'idp_faixa_etaria': '1', 'idp1': 'Flavia Martins Santos ', 'idp2': 'Mulher ("Cisgênero")', 'idp3': '174-1', 'idp4': '2026-09-11', 'idp5': '44', 'idp6': '1981-11-13', 'idp7': 'SVRI Clínica Morumbi', 'idp8': '26', 'idp9': 'SP', 'mdulo_cm_consulta_mdica_complete': 'Complete', 'modulo_do_participante_complete': 'Complete', 'modulo_idp_identificacao_da_paciente_complete': 'Complete', 'modulo_m_menopausa_complete': 'Complete', 'modulo_participante_dt': '2026-09-11', 'modulo_s_saude_complete': 'Complete', 'mpc1': 'Apenas quando surge algum problema específico', 'mpc2': '2a', 'mpc3': '4', 'mpc4': 'Aparecimento de acne (espinhas)', 'mpc5': 'Flacidez ou perda de contorno do rosto', 'mpc6': 'Aumento da oleosidade na raiz', 'mpc7': 'Crescimento mais lento', 'mpc8': 'Não', 'phq9_0': '2026-09-11', 'phq9_1': 'Nenhuma vez', 'phq9_10': 'Nenhuma dificuldade', 'phq9_2': 'Nenhuma vez', 'phq9_3': 'Nenhuma vez', 'phq9_4': 'Vários dias', 'phq9_5': 'Nenhuma vez', 'phq9_6': 'Nenhuma vez', 'phq9_7': 'Nenhuma vez', 'phq9_8': 'Nenhuma vez', 'phq9_9': 'Nenhuma vez', 'pm0': '2026-09-11', 'pm1': 'Concordo totalmente', 'pm2': 'Concordo totalmente', 'pm3': 'Discordo', 'pm4': 'Concordo', 'pm5': 'Neutro', 'pm6': 'Discordo totalmente', 's0': '2026-09-11', 's1_1': '74.100', 's1_2': '1.62', 's10': 'Não', 's12': 'Não', 's13': 'Não', 's14': 'Não.', 's15': 'Não.', 's17': 'Não', 's18': 'Não', 's2': '77', 's22': 'Não', 's23': 'Sim', 's24': '5 ou mais', 's25': '60', 's26': 'Caminhada', 's27': 'Vigorosa', 's28': 'Nunca', 's3': '106', 's3_1': '9796.814814814814', 's3_2': '0.7264150943396226', 's3_3': '7111.629629629628', 's32': 'Não', 's4': '138', 's5': '90', 's6': 'Muito Bom', 's7': '282350.25', 's7_1': 'Sim, qual(is)', 's7_2': 'Outra', 's8_1': '2.02', 's8_10': '71', 's8_11': '85', 's8_12': '5.1', 's8_13': '6', 's8_2': '1.22', 's8_7': '132', 's8_8': '78', 's8_9': '39', 's9_1': 'Não', 'sc1_1': 'Alterações de humor', 'sd1': 'Casado(a)', 'sd2': 'Ensino Médio Completo', 'sd3': 'Parda', 'sd4': 'Sim', 'sd5': '1', 'sd6': '1', 'sd7': '0', 'se1': '1', 'se10': '0', 'se11': '1', 'se12': '0', 'se13': 'Rede Geral de Distribuição', 'se14': 'Ensino Superior Completo', 'se15': 'Atendimento particular', 'se2': '2', 'se3': '3', 'se4': '0', 'se5': '3', 'se6': '0', 'se7': '1', 'se8': '0', 'se9': '1', 'sf36_0': '2026-09-11', 'sf36_1': 'Boa', 'sf36_10': 'Não, não dificulta de modo algum', 'sf36_11': 'Não, não dificulta de modo algum', 'sf36_12': 'Não, não dificulta de modo algum', 'sf36_13': 'Sim', 'sf36_14': 'Não', 'sf36_15': 'Não', 'sf36_16': 'Não', 'sf36_17': 'Não', 'sf36_18': 'Não', 'sf36_19': 'Não', 'sf36_2': 'Muito melhor', 'sf36_20': 'De forma nenhuma', 'sf36_21': 'Nenhuma', 'sf36_22': 'De forma nenhuma', 'sf36_23': 'Uma boa parte do tempo', 'sf36_24': 'Uma boa parte do tempo', 'sf36_25': 'Uma pequena parte do tempo', 'sf36_26': 'Uma pequena parte do tempo', 'sf36_27': 'Uma boa parte do tempo', 'sf36_28': 'Uma pequena parte do tempo', 'sf36_29': 'Alguma parte do tempo', 'sf36_3': 'Não, não dificulta de modo algum', 'sf36_30': 'Uma boa parte do tempo', 'sf36_31': 'Alguma parte do tempo', 'sf36_32': 'Nenhuma parte do tempo', 'sf36_33': 'A maioria das vezes falso', 'sf36_34': 'Não sei', 'sf36_35': 'Definitivamente falso', 'sf36_36': 'A maioria das vezes verdadeiro', 'sf36_4': 'Não, não dificulta de modo algum', 'sf36_5': 'Não, não dificulta de modo algum', 'sf36_6': 'Não, não dificulta de modo algum', 'sf36_7': 'Não, não dificulta de modo algum', 'sf36_8': 'Sim, dificulta um pouco', 'sf36_9': 'Não, não dificulta de modo algum', 'status_do_participante_complete': 'Complete', 'status_participante': 'Concluído', 'status_participante_dt': '2026-09-11', 'survey_sc1_1': 'Alterações de humor', 'wpai0': '2026-09-11', 'wpai1': 'Sim', 'wpai2': '096 hs', 'wpai3': '96 hs', 'wpai4': 'De 6 a 8 horas por dia', 'wpai5': '0', 'wpai6': '1'}
2026-09-14 15:18:27,725 - INFO - Debug redcap url: https://svriglobal.org/redcap/api/
2026-09-14 15:18:27,726 - INFO - Debug redcaptoken (First 3 chars): E9A...
2026-09-14 15:18:27,727 - INFO - Debug redcap status: 200
2026-09-14 15:18:27,727 - INFO - Debug redcap response (first 30 chars): [{"record":"174-1","redcap_eve
2026-09-14 15:18:27,730 - INFO - REDCap: filtering event=visita_unica_arm_1 by repeat_instance=None; response instances=['', '1']
2026-09-14 15:18:27,731 - INFO - REDCap: exported record 174-1 for event visita_unica_arm_1, repeat_instance=None, with 219 fields from 243 entries
2026-09-14 15:18:27,942 - INFO - Found volunteer in PoloTrial: record_id=174-1, volunteer_code=3344
2026-09-14 15:18:28,463 - INFO - Found protocol in PoloTrial: site_code=47, protocol_nickname=Embrace, protocol_code=2381
2026-09-14 15:18:29,080 - INFO - Found participant in PoloTrial: volunteer_code=3344, protocol_code=2381, participant_code=3319
2026-09-14 15:18:29,084 - INFO - Mapped REDCap status=Concluído to PoloTrial status_code=308 for record_id=174-1
2026-09-14 15:18:29,265 - INFO - Participant status in PoloTrial already matches REDCap status for record_id=174-1. No update needed.
2026-09-14 15:18:29,266 - INFO - Successfully dispatched event: record_id=174-1, event_name=visita_unica_arm_1, repeat_instance=None
2026-09-14 15:19:07,426 - INFO - Received webhook from REDCap DET: project_id=49, username=eduardosoccasvri, instrument=status_do_participante, record=174-2, redcap_event_name=visita_unica_arm_1, redcap_data_acess_group=, redcap_repeat_instance=None, redcap_repeat_instrument=None, redcap_url=https://svriglobal.org/redcap/, project_url=https://svriglobal.org/redcap/redcap_v17.3.10/index.php?pid=49
2026-09-14 15:19:07,437 - INFO - Dispatch runtime: pid=985385, module=/mnt/c/Users/Science/Documents/Python/integracao_embrace/src/integracao_embrace/dispatch.py, event_name='visita_unica_arm_1', instrument='status_do_participante'
2026-09-14 15:19:07,441 - INFO - Dispatching to unique visit handles: visita_unica_arm_1
2026-09-14 15:19:08,191 - INFO - Debug redcap url: https://svriglobal.org/redcap/api/
2026-09-14 15:19:08,192 - INFO - Debug redcaptoken (First 3 chars): E9A...
2026-09-14 15:19:08,193 - INFO - Debug redcap status: 200
2026-09-14 15:19:08,194 - INFO - Debug redcap response (first 30 chars): [{"record":"174-2","redcap_eve
2026-09-14 15:19:08,197 - INFO - REDCap: filtering event=visita_unica_arm_1 by repeat_instance=None; response instances=['', '1']
2026-09-14 15:19:08,198 - INFO - REDCap: exported record 174-2 for event visita_unica_arm_1, repeat_instance=None, with 272 fields from 320 entries
2026-09-14 15:19:08,202 - INFO - Mapped gender: Mulher ("Cisgênero") ➡ None
2026-09-14 15:19:08,204 - INFO - Mapped site: SVRI Clínica Morumbi ➡ 47
2026-09-14 15:19:08,205 - INFO - Volunteer payload prepared: {'nome': '174-2', 'iniciais': 'Jecilene Martins Costa ', 'data_nascimento': '1979-03-25', 'sexo': None, 'email': '', 'data_inclusao': '2026-09-11', 'centro': '47', 'contatos': '11111111111'}
2026-09-14 15:19:08,407 - INFO - Volunteer 174-2 already exists in PoloTrial with ID: 3343
2026-09-14 15:19:08,408 - INFO - DEBUG: Searching protocol Embrace for site 47
2026-09-14 15:19:08,832 - INFO - Protocol found: Embrace with ID: 2381 (site=47)
2026-09-14 15:19:09,031 - INFO - DEBUG: Protocol Arm founded for the unique visit: ['Embrace']
2026-09-14 15:19:09,032 - INFO - Arm matched: Embrace with ID: 283
2026-09-14 15:19:09,586 - INFO - Participant found in PoloTrial with ID: 3318
2026-09-14 15:19:33,054 - INFO - Participant visits retrieved: 1, for participant ID: 3318
2026-09-14 15:19:33,058 - INFO - Looking for unique visit with name: Visita única among: ['Visita única']
2026-09-14 15:19:33,062 - INFO - Participant visit found: Visita única with ID: 40712
2026-09-14 15:19:33,395 - INFO - Unique visit already up to date (id=40712).
2026-09-14 15:19:33,697 - INFO - DEBUG: Available procedures in PoloTrial for unique visit: ['Consulta Médica', 'Módulo Saúde', 'Módulo Identificação da Paciente', 'Módulo Menopausa', 'Questionário da Saúde da Mulher - WHQ\t', 'Questionário GAD-7', 'Questionário PHQ9', 'Questionário WPAI', 'Questionário Short Form - SF-36']
2026-09-14 15:19:33,707 - INFO -  - ID: 652414 | Procedure: Consulta Médica | Appointment date: 2026-09-11T00:00:00.000Z | Check field: cm_atendimento_dt=2026-09-11 | Date field: cm_atendimento_dt=2026-09-11
2026-09-14 15:19:33,713 - INFO -  - ID: 652415 | Procedure: Módulo Saúde | Appointment date: 2026-09-11T00:00:00.000Z | Check field: s0=2026-09-11 | Date field: s0=2026-09-11
2026-09-14 15:19:33,718 - INFO -  - ID: 652416 | Procedure: Módulo Identificação da Paciente | Appointment date: 2026-09-11T00:00:00.000Z | Check field: idp3=174-2 | Date field: idp4=2026-09-11
2026-09-14 15:19:33,724 - INFO -  - ID: 652417 | Procedure: Módulo Menopausa | Appointment date: 2026-09-11T00:00:00.000Z | Check field: pm0=2026-09-11 | Date field: pm0=2026-09-11
2026-09-14 15:19:33,728 - INFO -  - ID: 652418 | Procedure: Questionário da Saúde da Mulher - WHQ	 | Appointment date: 2026-09-11T00:00:00.000Z | Check field: whq0=2026-09-11 | Date field: whq0=2026-09-11
2026-09-14 15:19:33,734 - INFO -  - ID: 652419 | Procedure: Questionário GAD-7 | Appointment date: 2026-09-11T00:00:00.000Z | Check field: gad7_0=2026-09-11 | Date field: gad7_0=2026-09-11
2026-09-14 15:19:33,736 - INFO -  - ID: 652420 | Procedure: Questionário PHQ9 | Appointment date: 2026-09-11T00:00:00.000Z | Check field: phq9_0=2026-09-11 | Date field: phq9_0=2026-09-11
2026-09-14 15:19:33,740 - INFO -  - ID: 652421 | Procedure: Questionário WPAI | Appointment date: 2026-09-11T00:00:00.000Z | Check field: wpai0=2026-09-11 | Date field: wpai0=2026-09-11
2026-09-14 15:19:33,742 - INFO -  - ID: 652422 | Procedure: Questionário Short Form - SF-36 | Appointment date: 2026-09-11T00:00:00.000Z | Check field: sf36_0=2026-09-11 | Date field: sf36_0=2026-09-11
2026-09-14 15:19:33,748 - INFO - DEBUG: Procedure mapping summary:
2026-09-14 15:19:33,750 - INFO -  1. Total procedures in PoloTrial for unique visit: 9
2026-09-14 15:19:33,756 - INFO -  2. Matched with REDCap mapping: 9
2026-09-14 15:19:33,759 - INFO -  3. Unmatched procedures: 0
2026-09-14 15:19:33,776 - INFO - No procedures to sync for pattern: M[oóOÓ]dulo\s+Identifica[cçCÇ][aãAÃ]o\s+da\s+Paciente
2026-09-14 15:19:33,789 - INFO - No procedures to sync for pattern: Consulta\s+M[eéEÉ]dica
2026-09-14 15:19:33,794 - INFO - No procedures to sync for pattern: M[oóOÓ]dulo\s+Sa[uúUÚ]de
2026-09-14 15:19:33,807 - INFO - No procedures to sync for pattern: M[oóOÓ]dulo\s+Menopausa
2026-09-14 15:19:33,819 - INFO - No procedures to sync for pattern: Question[aáAÁ]rio\s+da\s+Sa[uúUÚ]de\s+da\s+Mulher\s+-\s+WHQ
2026-09-14 15:19:33,823 - INFO - No procedures to sync for pattern: Question[aáAÁ]rio\s+Short\s+Form\s-\s+SF-36
2026-09-14 15:19:33,835 - INFO - No procedures to sync for pattern: Question[aáAÁ]rio\s+PHQ9
2026-09-14 15:19:33,849 - INFO - No procedures to sync for pattern: Question[aáAÁ]rio\s+WPAI
2026-09-14 15:19:33,862 - INFO - No procedures to sync for pattern: Question[aáAÁ]rio\s+GAD-7
2026-09-14 15:19:33,872 - INFO - Unique visit procedures synchronization completed. Total procedures synced: 0/9
2026-09-14 15:19:33,882 - INFO - Executor name from REDCap: Fabiane Berta
2026-09-14 15:19:34,151 - ERROR - Executor 'Fabiane Berta' not found in PoloTrial. Please ensure the executor exists in the system.
2026-09-14 15:19:34,153 - INFO - Unique visit synchronization completed for record_id=174-2, event_name=visita_unica_arm_1
2026-09-14 15:19:34,163 - INFO - Dispatching to participant status update handler: instrument=status_do_participante
2026-09-14 15:19:35,255 - INFO - Debug redcap url: https://svriglobal.org/redcap/api/
2026-09-14 15:19:35,270 - INFO - Debug redcaptoken (First 3 chars): E9A...
2026-09-14 15:19:35,277 - INFO - Debug redcap status: 200
2026-09-14 15:19:35,283 - INFO - Debug redcap response (first 30 chars): [{"record":"174-2","redcap_eve
2026-09-14 15:19:35,300 - INFO - REDCap: filtering event=visita_unica_arm_1 by repeat_instance=None; response instances=['', '1']
2026-09-14 15:19:35,313 - INFO - REDCap: exported record 174-2 for event visita_unica_arm_1, repeat_instance=None, with 272 fields from 320 entries
2026-09-14 15:19:35,319 - INFO - Retrieved REDCap payload for record_id=174-2, event_name=visita_unica_arm_1: {'ae1': 'Sim', 'ae10': 'Não', 'ae11': 'Não', 'ae12': 'Não', 'ae13': 'Não', 'ae14': 'Não', 'ae2': 'Não Aplicável', 'ae3': 'Sim', 'ae4': 'Não', 'ae5': 'Não', 'ae6': 'Não', 'ae7': 'Não', 'ae8': 'Não', 'ae9': 'Não', 'asr1': '12', 'asr2': 'Sim', 'asr3': '2026-09-04', 'asr4': 'Não', 'asr5': 'Não', 'cm_anamnese1': 'Foi entregue à participante uma via do Termo de Consentimento Livre e Esclarecido (TCLE), sendo disponibilizado tempo adequado para que pudesse realizar a leitura e compreender todas as informações apresentadas no documento. A participante declarou não possuir dúvidas e confirmou estar de acordo com sua participação na pesquisa. As duas vias do TCLE foram devidamente rubricadas pela participante e por mim nas páginas 1 até 12. Uma via devidamente preenchida e assinada foi entregue à participante, permanecendo a outra via arquivada no centro de pesquisa.', 'cm_atendimento_dt': '2026-09-11', 'cm_dt_assinatura_tcle': '2026-09-11', 'cm_evolucao_executor': 'Fabiane Berta', 'cm_tcle_upload': '1591', 'cm_tclw_versao': 'v2', 'cm1': 'fogachos ', 'cm10': 'Concordo', 'cm11': 'Concordo', 'cm12': 'tratamento', 'cm13': 'Discordo totalmente', 'cm14': 'Concordo totalmente', 'cm15': 'Concordo apenas em parte', 'cm16': 'Concordo totalmente', 'cm17': 'Concordo totalmente', 'cm18': 'Concordo totalmente', 'cm19': 'Concordo', 'cm2': 'Pouco informado (a)', 'cm20': 'Concordo', 'cm21': 'Não concordo', 'cm22': 'Concordo', 'cm23': 'Não concordo', 'cm24': 'Concordo', 'cm25': 'Concordo', 'cm26': 'Concordo', 'cm27': 'Não concordo', 'cm28': 'Concordo', 'cm29': 'Não concordo', 'cm3': 'Concordo', 'cm30': 'Concordo', 'cm31': 'Concordo', 'cm32': 'Concordo', 'cm4': 'Concordo', 'cm5': 'Não concordo', 'cm6': 'Não concordo', 'cm7': 'Concordo', 'cm8': 'Não concordo', 'cm9': 'Concordo', 'gad7_0': '2026-09-11', 'glad7_1': 'Vários dias', 'glad7_2': 'Vários dias', 'glad7_3': 'Mais da metade dos dias', 'glad7_4': 'Mais da metade dos dias', 'glad7_5': 'Vários dias', 'glad7_6': 'Vários dias', 'glad7_7': 'Nenhuma vez', 'idp_faixa_etaria': '2', 'idp1': 'Jecilene Martins Costa ', 'idp2': 'Mulher ("Cisgênero")', 'idp3': '174-2', 'idp4': '2026-09-11', 'idp5': '47', 'idp6': '1979-03-25', 'idp7': 'SVRI Clínica Morumbi', 'idp8': '26', 'idp9': 'SP', 'mdulo_cm_consulta_mdica_complete': 'Complete', 'modulo_do_participante_complete': 'Complete', 'modulo_idp_identificacao_da_paciente_complete': 'Complete', 'modulo_m_menopausa_complete': 'Complete', 'modulo_participante_dt': '2026-09-11', 'modulo_s_saude_complete': 'Complete', 'modulo_whq_questionario_da_saude_da_mulher_complete': 'Complete', 'mpc1': 'Uma vez ao ano', 'mpc2': '2a', 'mpc3': '3', 'mpc4': 'Manchas escuras (melasma ou manchas senis)', 'mpc5': 'Aumento de rugas finas ou profundas', 'mpc6': 'Couro cabeludo mais seco ou sensível', 'mpc7': 'Crescimento mais lento', 'mpc8': 'Sim.', 'mpc8_1': 'Passei a realizar procedimentos estéticos (ex: toxina botulínica, preenchimento, laser)', 'phq9_0': '2026-09-11', 'phq9_1': 'Nenhuma vez', 'phq9_10': 'Nenhuma dificuldade', 'phq9_2': 'Nenhuma vez', 'phq9_3': 'Nenhuma vez', 'phq9_4': 'Vários dias', 'phq9_5': 'Mais da metade dos dias', 'phq9_6': 'Nenhuma vez', 'phq9_7': 'Quase todos os dias', 'phq9_8': 'Mais da metade dos dias', 'phq9_9': 'Nenhuma vez', 'pm0': '2026-09-11', 'pm1': 'Concordo', 'pm2': 'Concordo totalmente', 'pm3': 'Discordo', 'pm4': 'Discordo', 'pm5': 'Concordo', 'pm6': 'Concordo', 'qsm1': 'Sim, às vezes', 'qsm10': 'Sim, às vezes', 'qsm11': 'Sim, com certeza', 'qsm12': 'Sim, às vezes', 'qsm13': 'Sim, às vezes', 'qsm14': 'Sim, com certeza', 'qsm15': 'Sim, com certeza', 'qsm16': 'Não, raramente', 'qsm17': 'Sim, às vezes', 'qsm18': 'Sim, às vezes', 'qsm19': 'Sim, às vezes', 'qsm2': 'Não, raramente', 'qsm20': 'Não, raramente', 'qsm21': 'Sim, com certeza', 'qsm22': 'Não, absolutamente', 'qsm23': 'Não, absolutamente', 'qsm24': 'Sim, às vezes', 'qsm25': 'Sim, às vezes', 'qsm26': 'Sim, às vezes', 'qsm27': 'Sim, com certeza', 'qsm28': 'Sim, com certeza', 'qsm29': 'Não, raramente', 'qsm3': 'Não, absolutamente', 'qsm30': 'Sim, com certeza', 'qsm31': 'Não, absolutamente', 'qsm32': 'Não, raramente', 'qsm33': 'Sim, com certeza', 'qsm34': 'Sim, com certeza', 'qsm35': 'Sim, às vezes', 'qsm36': 'Sim, com certeza', 'qsm37': 'Sim, Quais?', 'qsm37_1': 'Esquecimento, dor de cabeça e a falta de relação sexual. ', 'qsm4': 'Não, absolutamente', 'qsm5': 'Não, absolutamente', 'qsm6': 'Sim, às vezes', 'qsm7': 'Sim, às vezes', 'qsm8': 'Não, absolutamente', 'qsm9': 'Não, absolutamente', 's0': '2026-09-11', 's1_1': '76', 's1_2': '1.65', 's10': 'Sim', 's11': 'Outra (as) doença (as) crônica (as)?', 's11_3': 'hipotireoidismo', 's12': 'Não', 's13': 'Não', 's14': 'Não.', 's15': 'Sim', 's16': 'Outro (os), qual (is)?', 's16_1': 'tizerpatida ha 2 anos ', 's17': 'Não', 's18': 'Sim', 's19': '16', 's2': '86', 's20': 'Não', 's22': 'Não', 's23': 'Sim', 's24': '5 ou mais', 's25': '60', 's26': 'Musculação', 's27': 'Vigorosa', 's28': 'Uma vez ou mais por mês', 's29': '2', 's3': '99', 's3_1': '8982', 's3_2': '0.8686868686868687', 's3_3': '7800.181818181818', 's30': '1 fardo cerveja + 2 garrafas vinho', 's31': 'Sim', 's32': 'Não', 's4': '102', 's5': '62', 's6': 'Muito Bom', 's7': '279155.19', 's7_1': 'Sim, qual(is)', 's7_2': 'Outra', 's8_1': '3,010', 's8_10': '56', 's8_11': 'UNK', 's8_12': '4,8', 's8_13': '22', 's8_2': '0,78', 's8_3': '1,67', 's8_4': '3,61', 's8_5': '111,9', 's8_6': '3,34', 's8_7': '164', 's8_8': '102', 's8_9': '48', 's9_1': 'Não', 'sc1_1': 'Outros', 'sc1_2': 'esquecimento - brain fog', 'sd1': 'Casado(a)', 'sd2': 'Ensino Médio Completo', 'sd3': 'Parda', 'sd4': 'Não', 'sd5': '3 ou mais', 'sd6': '3 ou mais', 'sd7': '0', 'se1': '2', 'se10': '0', 'se11': '1', 'se12': '0', 'se13': 'Rede Geral de Distribuição', 'se14': 'Ensino Médio Completo', 'se15': 'Atendimento particular', 'se2': '1', 'se3': '2', 'se4': '2', 'se5': '1', 'se6': '0', 'se7': '3', 'se8': '0', 'se9': '1', 'sf36_0': '2026-09-11', 'sf36_1': 'Boa', 'sf36_10': 'Não, não dificulta de modo algum', 'sf36_11': 'Não, não dificulta de modo algum', 'sf36_12': 'Não, não dificulta de modo algum', 'sf36_13': 'Não', 'sf36_14': 'Não', 'sf36_15': 'Não', 'sf36_16': 'Não', 'sf36_17': 'Não', 'sf36_18': 'Não', 'sf36_19': 'Não', 'sf36_2': 'Um pouco melhor', 'sf36_20': 'De forma nenhuma', 'sf36_21': 'Muito leve', 'sf36_22': 'Ligeiramente', 'sf36_23': 'Uma boa parte do tempo', 'sf36_24': 'Alguma parte do tempo', 'sf36_25': 'Uma pequena parte do tempo', 'sf36_26': 'Uma boa parte do tempo', 'sf36_27': 'Uma boa parte do tempo', 'sf36_28': 'Uma pequena parte do tempo', 'sf36_29': 'Uma pequena parte do tempo', 'sf36_3': 'Não, não dificulta de modo algum', 'sf36_30': 'Uma boa parte do tempo', 'sf36_31': 'Uma pequena parte do tempo', 'sf36_32': 'Uma pequena parte do tempo', 'sf36_33': 'Não sei', 'sf36_34': 'A maioria das vezes verdadeiro', 'sf36_35': 'Definitivamente falso', 'sf36_36': 'A maioria das vezes verdadeiro', 'sf36_4': 'Não, não dificulta de modo algum', 'sf36_5': 'Não, não dificulta de modo algum', 'sf36_6': 'Não, não dificulta de modo algum', 'sf36_7': 'Não, não dificulta de modo algum', 'sf36_8': 'Não, não dificulta de modo algum', 'sf36_9': 'Não, não dificulta de modo algum', 'status_do_participante_complete': 'Complete', 'status_participante': 'Concluído', 'status_participante_dt': '2026-09-11', 'survey_sc1_1': 'Alterações de humor', 'whq0': '2026-09-11', 'wpai0': '2026-09-11', 'wpai1': 'Sim', 'wpai2': '3:00', 'wpai3': '12:00', 'wpai4': '9 :00', 'wpai5': '5', 'wpai6': '5'}
2026-09-14 15:19:35,666 - INFO - Debug redcap url: https://svriglobal.org/redcap/api/
2026-09-14 15:19:35,667 - INFO - Debug redcaptoken (First 3 chars): E9A...
2026-09-14 15:19:35,671 - INFO - Debug redcap status: 200
2026-09-14 15:19:35,672 - INFO - Debug redcap response (first 30 chars): [{"record":"174-2","redcap_eve
2026-09-14 15:19:35,676 - INFO - REDCap: filtering event=visita_unica_arm_1 by repeat_instance=None; response instances=['', '1']
2026-09-14 15:19:35,677 - INFO - REDCap: exported record 174-2 for event visita_unica_arm_1, repeat_instance=None, with 272 fields from 320 entries
2026-09-14 15:19:35,882 - INFO - Found volunteer in PoloTrial: record_id=174-2, volunteer_code=3343
2026-09-14 15:19:36,299 - INFO - Found protocol in PoloTrial: site_code=47, protocol_nickname=Embrace, protocol_code=2381
2026-09-14 15:19:37,066 - INFO - Found participant in PoloTrial: volunteer_code=3343, protocol_code=2381, participant_code=3318
2026-09-14 15:19:37,072 - INFO - Mapped REDCap status=Concluído to PoloTrial status_code=308 for record_id=174-2
2026-09-14 15:19:38,450 - INFO - Updated participant status in PoloTrial for record_id=174-2: 540 -> 308
2026-09-14 15:19:38,451 - INFO - Successfully dispatched event: record_id=174-2, event_name=visita_unica_arm_1, repeat_instance=None
2026-09-14 15:24:45,137 - INFO - Received webhook from REDCap DET: project_id=49, username=eduardosoccasvri, instrument=modulo_idp_identificacao_da_paciente, record=174-1, redcap_event_name=visita_unica_arm_1, redcap_data_acess_group=, redcap_repeat_instance=None, redcap_repeat_instrument=None, redcap_url=https://svriglobal.org/redcap/, project_url=https://svriglobal.org/redcap/redcap_v17.3.10/index.php?pid=49
2026-09-14 15:24:45,144 - INFO - Dispatch runtime: pid=985385, module=/mnt/c/Users/Science/Documents/Python/integracao_embrace/src/integracao_embrace/dispatch.py, event_name='visita_unica_arm_1', instrument='modulo_idp_identificacao_da_paciente'
2026-09-14 15:24:45,145 - INFO - Dispatching to unique visit handles: visita_unica_arm_1
2026-09-14 15:24:45,919 - INFO - Debug redcap url: https://svriglobal.org/redcap/api/
2026-09-14 15:24:45,920 - INFO - Debug redcaptoken (First 3 chars): E9A...
2026-09-14 15:24:45,921 - INFO - Debug redcap status: 200
2026-09-14 15:24:45,922 - INFO - Debug redcap response (first 30 chars): [{"record":"174-1","redcap_eve
2026-09-14 15:24:45,927 - INFO - REDCap: filtering event=visita_unica_arm_1 by repeat_instance=None; response instances=['', '1']
2026-09-14 15:24:45,928 - INFO - REDCap: exported record 174-1 for event visita_unica_arm_1, repeat_instance=None, with 219 fields from 243 entries
2026-09-14 15:24:45,930 - INFO - Mapped gender: Mulher ("Cisgênero") ➡ None
2026-09-14 15:24:45,931 - INFO - Mapped site: SVRI Clínica Morumbi ➡ 47
2026-09-14 15:24:45,932 - INFO - Volunteer payload prepared: {'nome': '174-1', 'iniciais': 'Flavia Martins Santos ', 'data_nascimento': '1981-11-13', 'sexo': None, 'email': '', 'data_inclusao': '2026-09-11', 'centro': '47', 'contatos': '11111111111'}
2026-09-14 15:24:46,143 - INFO - Volunteer 174-1 already exists in PoloTrial with ID: 3344
2026-09-14 15:24:46,147 - INFO - DEBUG: Searching protocol Embrace for site 47
2026-09-14 15:24:46,603 - INFO - Protocol found: Embrace with ID: 2381 (site=47)
2026-09-14 15:24:46,857 - INFO - DEBUG: Protocol Arm founded for the unique visit: ['Embrace']
2026-09-14 15:24:46,858 - INFO - Arm matched: Embrace with ID: 283
2026-09-14 15:24:47,420 - INFO - Participant found in PoloTrial with ID: 3319
2026-09-14 15:25:07,917 - INFO - Participant visits retrieved: 1, for participant ID: 3319
2026-09-14 15:25:07,918 - INFO - Looking for unique visit with name: Visita única among: ['Visita única']
2026-09-14 15:25:07,919 - INFO - Participant visit found: Visita única with ID: 40713
2026-09-14 15:25:08,081 - INFO - Unique visit already up to date (id=40713).
2026-09-14 15:25:08,311 - INFO - DEBUG: Available procedures in PoloTrial for unique visit: ['Consulta Médica', 'Módulo Saúde', 'Módulo Identificação da Paciente', 'Módulo Menopausa', 'Questionário da Saúde da Mulher - WHQ\t', 'Questionário GAD-7', 'Questionário PHQ9', 'Questionário WPAI', 'Questionário Short Form - SF-36']
2026-09-14 15:25:08,314 - INFO -  - ID: 652429 | Procedure: Consulta Médica | Appointment date: 2026-09-11T00:00:00.000Z | Check field: cm_atendimento_dt=2026-09-11 | Date field: cm_atendimento_dt=2026-09-11
2026-09-14 15:25:08,318 - INFO -  - ID: 652430 | Procedure: Módulo Saúde | Appointment date: 2026-09-11T00:00:00.000Z | Check field: s0=2026-09-11 | Date field: s0=2026-09-11
2026-09-14 15:25:08,323 - INFO -  - ID: 652431 | Procedure: Módulo Identificação da Paciente | Appointment date: 2026-09-11T00:00:00.000Z | Check field: idp3=174-1 | Date field: idp4=2026-09-11
2026-09-14 15:25:08,331 - INFO -  - ID: 652432 | Procedure: Módulo Menopausa | Appointment date: 2026-09-11T00:00:00.000Z | Check field: pm0=2026-09-11 | Date field: pm0=2026-09-11
2026-09-14 15:25:08,340 - INFO -  - ID: 652433 | Procedure: Questionário da Saúde da Mulher - WHQ	 | Appointment date: nan | Check field: whq0=N/A | Date field: whq0=N/A
2026-09-14 15:25:08,342 - INFO -  - ID: 652434 | Procedure: Questionário GAD-7 | Appointment date: 2026-09-11T00:00:00.000Z | Check field: gad7_0=2026-09-11 | Date field: gad7_0=2026-09-11
2026-09-14 15:25:08,344 - INFO -  - ID: 652435 | Procedure: Questionário PHQ9 | Appointment date: 2026-09-11T00:00:00.000Z | Check field: phq9_0=2026-09-11 | Date field: phq9_0=2026-09-11
2026-09-14 15:25:08,347 - INFO -  - ID: 652436 | Procedure: Questionário WPAI | Appointment date: 2026-09-11T00:00:00.000Z | Check field: wpai0=2026-09-11 | Date field: wpai0=2026-09-11
2026-09-14 15:25:08,361 - INFO -  - ID: 652437 | Procedure: Questionário Short Form - SF-36 | Appointment date: 2026-09-11T00:00:00.000Z | Check field: sf36_0=2026-09-11 | Date field: sf36_0=2026-09-11
2026-09-14 15:25:08,363 - INFO - DEBUG: Procedure mapping summary:
2026-09-14 15:25:08,371 - INFO -  1. Total procedures in PoloTrial for unique visit: 9
2026-09-14 15:25:08,375 - INFO -  2. Matched with REDCap mapping: 9
2026-09-14 15:25:08,390 - INFO -  3. Unmatched procedures: 0
2026-09-14 15:25:08,453 - INFO - No procedures to sync for pattern: M[oóOÓ]dulo\s+Identifica[cçCÇ][aãAÃ]o\s+da\s+Paciente
2026-09-14 15:25:08,462 - INFO - No procedures to sync for pattern: Consulta\s+M[eéEÉ]dica
2026-09-14 15:25:08,470 - INFO - No procedures to sync for pattern: M[oóOÓ]dulo\s+Sa[uúUÚ]de
2026-09-14 15:25:08,492 - INFO - No procedures to sync for pattern: M[oóOÓ]dulo\s+Menopausa
2026-09-14 15:25:08,506 - INFO - No date found in REDCap for procedure Questionário da Saúde da Mulher - WHQ	 (check_field=whq0, date_field=whq0). Skipping sync.
2026-09-14 15:25:08,518 - INFO - No procedures to sync for pattern: Question[aáAÁ]rio\s+Short\s+Form\s-\s+SF-36
2026-09-14 15:25:08,524 - INFO - No procedures to sync for pattern: Question[aáAÁ]rio\s+PHQ9
2026-09-14 15:25:08,540 - INFO - No procedures to sync for pattern: Question[aáAÁ]rio\s+WPAI
2026-09-14 15:25:08,556 - INFO - No procedures to sync for pattern: Question[aáAÁ]rio\s+GAD-7
2026-09-14 15:25:08,573 - INFO - Unique visit procedures synchronization completed. Total procedures synced: 0/9
2026-09-14 15:25:08,580 - INFO - Executor name from REDCap: Fabiane Berta
2026-09-14 15:25:08,895 - ERROR - Executor 'Fabiane Berta' not found in PoloTrial. Please ensure the executor exists in the system.
2026-09-14 15:25:08,900 - INFO - Unique visit synchronization completed for record_id=174-1, event_name=visita_unica_arm_1
2026-09-14 15:25:08,905 - INFO - Successfully dispatched event: record_id=174-1, event_name=visita_unica_arm_1, repeat_instance=None
2026-09-14 15:26:43,503 - INFO - Received webhook from REDCap DET: project_id=49, username=eduardosoccasvri, instrument=modulo_idp_identificacao_da_paciente, record=174-4, redcap_event_name=visita_unica_arm_1, redcap_data_acess_group=, redcap_repeat_instance=None, redcap_repeat_instrument=None, redcap_url=https://svriglobal.org/redcap/, project_url=https://svriglobal.org/redcap/redcap_v17.3.10/index.php?pid=49
2026-09-14 15:26:43,506 - INFO - Dispatch runtime: pid=985385, module=/mnt/c/Users/Science/Documents/Python/integracao_embrace/src/integracao_embrace/dispatch.py, event_name='visita_unica_arm_1', instrument='modulo_idp_identificacao_da_paciente'
2026-09-14 15:26:43,507 - INFO - Dispatching to unique visit handles: visita_unica_arm_1
2026-09-14 15:26:44,255 - INFO - Debug redcap url: https://svriglobal.org/redcap/api/
2026-09-14 15:26:44,255 - INFO - Debug redcaptoken (First 3 chars): E9A...
2026-09-14 15:26:44,256 - INFO - Debug redcap status: 200
2026-09-14 15:26:44,257 - INFO - Debug redcap response (first 30 chars): [{"record":"174-4","redcap_eve
2026-09-14 15:26:44,260 - INFO - REDCap: filtering event=visita_unica_arm_1 by repeat_instance=None; response instances=['', '1']
2026-09-14 15:26:44,260 - INFO - REDCap: exported record 174-4 for event visita_unica_arm_1, repeat_instance=None, with 272 fields from 315 entries
2026-09-14 15:26:44,261 - INFO - Mapped gender: Mulher ("Cisgênero") ➡ None
2026-09-14 15:26:44,262 - INFO - Mapped site: SVRI Clínica Morumbi ➡ 47
2026-09-14 15:26:44,262 - INFO - Volunteer payload prepared: {'nome': '174-4', 'iniciais': 'Maridete Gil da Silva Teixeira Soares ', 'data_nascimento': '1968-09-21', 'sexo': None, 'email': '', 'data_inclusao': '2026-09-11', 'centro': '47', 'contatos': '11111111111'}
2026-09-14 15:26:45,857 - INFO - Volunteer 174-4 created in PoloTrial with ID: 3345
2026-09-14 15:26:45,857 - INFO - DEBUG: Searching protocol Embrace for site 47
2026-09-14 15:26:46,332 - INFO - Protocol found: Embrace with ID: 2381 (site=47)
2026-09-14 15:26:46,524 - INFO - DEBUG: Protocol Arm founded for the unique visit: ['Embrace']
2026-09-14 15:26:46,524 - INFO - Arm matched: Embrace with ID: 283
2026-09-14 15:26:47,145 - INFO - DEBUG: Sending participant payload to PoloTrial: 
{
  "co_voluntario": 3345,
  "co_protocolo": 2381,
  "data_inclusao": "2026-09-11",
  "id_participante": "174-4",
  "numero_de_screening": "174-4",
  "status_participante": "540",
  "co_braco": 283,
  "atualizar_agenda": "1",
  "apagar_visitas_pendentes": "0"
}
2026-09-14 15:26:51,882 - INFO - DEBUG: Participant created in PoloTrial: 
{
  "id": 3320,
  "apagar_visitas_pendentes": 0,
  "id_participante": "174-4",
  "numero_de_screening": "174-4",
  "co_protocolo": 2381,
  "atualizar_agenda": 1,
  "co_braco": 283,
  "data_inclusao": "2026-09-11",
  "status_participante": 540,
  "co_voluntario": "3345",
  "user_id_log": 4593
}
2026-09-14 15:26:51,883 - INFO - Participant created in PoloTrial with ID: 3320
2026-09-14 15:27:15,192 - INFO - Participant visits retrieved: 1, for participant ID: 3320
2026-09-14 15:27:15,192 - INFO - Looking for unique visit with name: Visita única among: ['Visita única']
2026-09-14 15:27:15,193 - INFO - Participant visit found: Visita única with ID: 40714
2026-09-14 15:27:15,537 - INFO - Unique visit updated (id=40714) with payload: {
  "data_estimada": "2026-09-11",
  "data_realizada": "2026-09-11",
  "status": 20
}
2026-09-14 15:27:15,740 - INFO - DEBUG: Available procedures in PoloTrial for unique visit: ['Consulta Médica', 'Módulo Saúde', 'Módulo Identificação da Paciente', 'Módulo Menopausa', 'Questionário da Saúde da Mulher - WHQ\t', 'Questionário GAD-7', 'Questionário PHQ9', 'Questionário WPAI', 'Questionário Short Form - SF-36']
2026-09-14 15:27:15,741 - INFO -  - ID: 652444 | Procedure: Consulta Médica | Appointment date: None | Check field: cm_atendimento_dt=N/A | Date field: cm_atendimento_dt=N/A
2026-09-14 15:27:15,742 - INFO -  - ID: 652445 | Procedure: Módulo Saúde | Appointment date: None | Check field: s0=2026-09-11 | Date field: s0=2026-09-11
2026-09-14 15:27:15,743 - INFO -  - ID: 652446 | Procedure: Módulo Identificação da Paciente | Appointment date: None | Check field: idp3=174-4 | Date field: idp4=2026-09-11
2026-09-14 15:27:15,744 - INFO -  - ID: 652447 | Procedure: Módulo Menopausa | Appointment date: None | Check field: pm0=2026-09-11 | Date field: pm0=2026-09-11
2026-09-14 15:27:15,745 - INFO -  - ID: 652448 | Procedure: Questionário da Saúde da Mulher - WHQ	 | Appointment date: None | Check field: whq0=2026-09-11 | Date field: whq0=2026-09-11
2026-09-14 15:27:15,745 - INFO -  - ID: 652449 | Procedure: Questionário GAD-7 | Appointment date: None | Check field: gad7_0=2026-09-11 | Date field: gad7_0=2026-09-11
2026-09-14 15:27:15,746 - INFO -  - ID: 652450 | Procedure: Questionário PHQ9 | Appointment date: None | Check field: phq9_0=2026-09-11 | Date field: phq9_0=2026-09-11
2026-09-14 15:27:15,747 - INFO -  - ID: 652451 | Procedure: Questionário WPAI | Appointment date: None | Check field: wpai0=2026-09-11 | Date field: wpai0=2026-09-11
2026-09-14 15:27:15,748 - INFO -  - ID: 652452 | Procedure: Questionário Short Form - SF-36 | Appointment date: None | Check field: sf36_0=2026-09-11 | Date field: sf36_0=2026-09-11
2026-09-14 15:27:15,749 - INFO - DEBUG: Procedure mapping summary:
2026-09-14 15:27:15,749 - INFO -  1. Total procedures in PoloTrial for unique visit: 9
2026-09-14 15:27:15,750 - INFO -  2. Matched with REDCap mapping: 9
2026-09-14 15:27:15,750 - INFO -  3. Unmatched procedures: 0
2026-09-14 15:27:15,929 - INFO - ✅ Synced procedure 'Módulo Identificação da Paciente' (ID: 652446) with date: 2026-09-11
2026-09-14 15:27:15,931 - INFO - No date found in REDCap for procedure Consulta Médica (check_field=cm_atendimento_dt, date_field=cm_atendimento_dt). Skipping sync.
2026-09-14 15:27:16,112 - INFO - ✅ Synced procedure 'Módulo Saúde' (ID: 652445) with date: 2026-09-11
2026-09-14 15:27:16,302 - INFO - ✅ Synced procedure 'Módulo Menopausa' (ID: 652447) with date: 2026-09-11
2026-09-14 15:27:16,489 - INFO - ✅ Synced procedure 'Questionário da Saúde da Mulher - WHQ	' (ID: 652448) with date: 2026-09-11
2026-09-14 15:27:16,689 - INFO - ✅ Synced procedure 'Questionário Short Form - SF-36' (ID: 652452) with date: 2026-09-11
2026-09-14 15:27:16,869 - INFO - ✅ Synced procedure 'Questionário PHQ9' (ID: 652450) with date: 2026-09-11
2026-09-14 15:27:17,052 - INFO - ✅ Synced procedure 'Questionário WPAI' (ID: 652451) with date: 2026-09-11
2026-09-14 15:27:17,234 - INFO - ✅ Synced procedure 'Questionário GAD-7' (ID: 652449) with date: 2026-09-11
2026-09-14 15:27:17,235 - INFO - Unique visit procedures synchronization completed. Total procedures synced: 8/9
2026-09-14 15:27:17,235 - INFO - Executor name from REDCap: Fabiane Berta
2026-09-14 15:27:17,236 - INFO - No date held provided in REDCap payload. Skipping executor synchronization.
2026-09-14 15:27:17,237 - INFO - Unique visit synchronization completed for record_id=174-4, event_name=visita_unica_arm_1
2026-09-14 15:27:17,238 - INFO - Successfully dispatched event: record_id=174-4, event_name=visita_unica_arm_1, repeat_instance=None
2026-09-14 15:28:36,777 - INFO - Shutting down webhooks for protocol Embrace
2026-09-14 15:33:18,013 - INFO - Webhook initialized for protocol Embrace
2026-09-14 15:34:42,741 - INFO - Received webhook from REDCap DET: project_id=49, username=eduardosoccasvri, instrument=modulo_idp_identificacao_da_paciente, record=174-4, redcap_event_name=visita_unica_arm_1, redcap_data_acess_group=, redcap_repeat_instance=None, redcap_repeat_instrument=None, redcap_url=https://svriglobal.org/redcap/, project_url=https://svriglobal.org/redcap/redcap_v17.3.10/index.php?pid=49
2026-09-14 15:34:42,858 - INFO - Dispatch runtime: pid=991346, module=/mnt/c/Users/Science/Documents/Python/integracao_embrace/src/integracao_embrace/dispatch.py, event_name='visita_unica_arm_1', instrument='modulo_idp_identificacao_da_paciente'
2026-09-14 15:34:42,859 - INFO - Dispatching to unique visit handles: visita_unica_arm_1
2026-09-14 15:34:43,667 - INFO - Debug redcap url: https://svriglobal.org/redcap/api/
2026-09-14 15:34:43,668 - INFO - Debug redcaptoken (First 3 chars): E9A...
2026-09-14 15:34:43,668 - INFO - Debug redcap status: 200
2026-09-14 15:34:43,669 - INFO - Debug redcap response (first 30 chars): [{"record":"174-4","redcap_eve
2026-09-14 15:34:43,671 - INFO - REDCap: filtering event=visita_unica_arm_1 by repeat_instance=None; response instances=['', '1']
2026-09-14 15:34:43,672 - INFO - REDCap: exported record 174-4 for event visita_unica_arm_1, repeat_instance=None, with 272 fields from 315 entries
2026-09-14 15:34:43,673 - INFO - Mapped gender: Mulher ("Cisgênero") ➡ None
2026-09-14 15:34:43,674 - INFO - Mapped site: SVRI Clínica Morumbi ➡ 47
2026-09-14 15:34:43,675 - INFO - Volunteer payload prepared: {'nome': '174-4', 'iniciais': 'Maridete Gil da Silva Teixeira Soares ', 'data_nascimento': '1968-09-21', 'sexo': None, 'email': '', 'data_inclusao': '2026-09-11', 'centro': '47', 'contatos': '11111111111'}
2026-09-14 15:34:44,256 - INFO - Polotrial: authentication succsssful
2026-09-14 15:34:46,217 - INFO - Volunteer 174-4 created in PoloTrial with ID: 3586
2026-09-14 15:34:46,218 - INFO - DEBUG: Searching protocol Embrace for site 47
2026-09-14 15:34:46,692 - INFO - Protocol found: Embrace with ID: 2381 (site=47)
2026-09-14 15:34:46,920 - INFO - DEBUG: Protocol Arm founded for the unique visit: ['Embrace ']
2026-09-14 15:34:46,921 - INFO - Arm matched: Embrace  with ID: 424
2026-09-14 15:34:47,564 - INFO - DEBUG: Sending participant payload to PoloTrial: 
{
  "co_voluntario": 3586,
  "co_protocolo": 2381,
  "data_inclusao": "2026-09-11",
  "id_participante": "174-4",
  "numero_de_screening": "174-4",
  "status_participante": "540",
  "co_braco": 424,
  "atualizar_agenda": "1",
  "apagar_visitas_pendentes": "0"
}
2026-09-14 15:34:52,473 - INFO - DEBUG: Participant created in PoloTrial: 
{
  "id": 3575,
  "apagar_visitas_pendentes": 0,
  "id_participante": "174-4",
  "numero_de_screening": "174-4",
  "co_protocolo": 2381,
  "atualizar_agenda": 1,
  "co_braco": 424,
  "data_inclusao": "2026-09-11",
  "status_participante": 540,
  "co_voluntario": "3586",
  "user_id_log": 196
}
2026-09-14 15:34:52,474 - INFO - Participant created in PoloTrial with ID: 3575
2026-09-14 15:35:13,120 - INFO - Participant visits retrieved: 1, for participant ID: 3575
2026-09-14 15:35:13,121 - INFO - Looking for unique visit with name: Visita única among: ['Visita única']
2026-09-14 15:35:13,122 - INFO - Participant visit found: Visita única with ID: 44097
2026-09-14 15:35:13,511 - INFO - Unique visit updated (id=44097) with payload: {
  "data_estimada": "2026-09-11",
  "data_realizada": "2026-09-11",
  "status": 20
}
2026-09-14 15:35:13,919 - INFO - DEBUG: Available procedures in PoloTrial for unique visit: ['Módulo Identificação da Paciente ', 'Consulta Médica', 'Módulo Saúde', 'Módulo Menopausa', 'Questionário da Saúde da Mulher - WHQ', 'Questionário Short Form - SF-36', 'Questionário PHQ9', 'Questionário WPAI', 'Questionário GAD-7']
2026-09-14 15:35:13,922 - INFO -  - ID: 738566 | Procedure: Módulo Identificação da Paciente  | Appointment date: None | Check field: idp3=174-4 | Date field: idp4=2026-09-11
2026-09-14 15:35:13,924 - INFO -  - ID: 738567 | Procedure: Consulta Médica | Appointment date: None | Check field: cm_atendimento_dt=N/A | Date field: cm_atendimento_dt=N/A
2026-09-14 15:35:13,925 - INFO -  - ID: 738568 | Procedure: Módulo Saúde | Appointment date: None | Check field: s0=2026-09-11 | Date field: s0=2026-09-11
2026-09-14 15:35:13,926 - INFO -  - ID: 738569 | Procedure: Módulo Menopausa | Appointment date: None | Check field: pm0=2026-09-11 | Date field: pm0=2026-09-11
2026-09-14 15:35:13,927 - INFO -  - ID: 738570 | Procedure: Questionário da Saúde da Mulher - WHQ | Appointment date: None | Check field: whq0=2026-09-11 | Date field: whq0=2026-09-11
2026-09-14 15:35:13,928 - INFO -  - ID: 738571 | Procedure: Questionário Short Form - SF-36 | Appointment date: None | Check field: sf36_0=2026-09-11 | Date field: sf36_0=2026-09-11
2026-09-14 15:35:13,928 - INFO -  - ID: 738572 | Procedure: Questionário PHQ9 | Appointment date: None | Check field: phq9_0=2026-09-11 | Date field: phq9_0=2026-09-11
2026-09-14 15:35:13,929 - INFO -  - ID: 738573 | Procedure: Questionário WPAI | Appointment date: None | Check field: wpai0=2026-09-11 | Date field: wpai0=2026-09-11
2026-09-14 15:35:13,930 - INFO -  - ID: 738574 | Procedure: Questionário GAD-7 | Appointment date: None | Check field: gad7_0=2026-09-11 | Date field: gad7_0=2026-09-11
2026-09-14 15:35:13,931 - INFO - DEBUG: Procedure mapping summary:
2026-09-14 15:35:13,932 - INFO -  1. Total procedures in PoloTrial for unique visit: 9
2026-09-14 15:35:13,933 - INFO -  2. Matched with REDCap mapping: 9
2026-09-14 15:35:13,934 - INFO -  3. Unmatched procedures: 0
2026-09-14 15:35:15,576 - INFO - ✅ Synced procedure 'Módulo Identificação da Paciente ' (ID: 738566) with date: 2026-09-11
2026-09-14 15:35:15,589 - INFO - No date found in REDCap for procedure Consulta Médica (check_field=cm_atendimento_dt, date_field=cm_atendimento_dt). Skipping sync.
2026-09-14 15:35:15,804 - INFO - ✅ Synced procedure 'Módulo Saúde' (ID: 738568) with date: 2026-09-11
2026-09-14 15:35:16,005 - INFO - ✅ Synced procedure 'Módulo Menopausa' (ID: 738569) with date: 2026-09-11
2026-09-14 15:35:16,224 - INFO - ✅ Synced procedure 'Questionário da Saúde da Mulher - WHQ' (ID: 738570) with date: 2026-09-11
2026-09-14 15:35:16,436 - INFO - ✅ Synced procedure 'Questionário Short Form - SF-36' (ID: 738571) with date: 2026-09-11
2026-09-14 15:35:16,650 - INFO - ✅ Synced procedure 'Questionário PHQ9' (ID: 738572) with date: 2026-09-11
2026-09-14 15:35:16,854 - INFO - ✅ Synced procedure 'Questionário WPAI' (ID: 738573) with date: 2026-09-11
2026-09-14 15:35:17,073 - INFO - ✅ Synced procedure 'Questionário GAD-7' (ID: 738574) with date: 2026-09-11
2026-09-14 15:35:17,074 - INFO - Unique visit procedures synchronization completed. Total procedures synced: 8/9
2026-09-14 15:35:17,075 - INFO - Executor name from REDCap: Fabiane Berta
2026-09-14 15:35:17,076 - INFO - No date held provided in REDCap payload. Skipping executor synchronization.
2026-09-14 15:35:17,076 - INFO - Unique visit synchronization completed for record_id=174-4, event_name=visita_unica_arm_1
2026-09-14 15:35:17,077 - INFO - Successfully dispatched event: record_id=174-4, event_name=visita_unica_arm_1, repeat_instance=None
2026-09-14 15:40:11,754 - INFO - Received webhook from REDCap DET: project_id=49, username=eduardosoccasvri, instrument=modulo_idp_identificacao_da_paciente, record=174-5, redcap_event_name=visita_unica_arm_1, redcap_data_acess_group=, redcap_repeat_instance=None, redcap_repeat_instrument=None, redcap_url=https://svriglobal.org/redcap/, project_url=https://svriglobal.org/redcap/redcap_v17.3.10/index.php?pid=49
2026-09-14 15:40:11,757 - INFO - Dispatch runtime: pid=991346, module=/mnt/c/Users/Science/Documents/Python/integracao_embrace/src/integracao_embrace/dispatch.py, event_name='visita_unica_arm_1', instrument='modulo_idp_identificacao_da_paciente'
2026-09-14 15:40:11,763 - INFO - Dispatching to unique visit handles: visita_unica_arm_1
2026-09-14 15:40:12,623 - INFO - Debug redcap url: https://svriglobal.org/redcap/api/
2026-09-14 15:40:12,624 - INFO - Debug redcaptoken (First 3 chars): E9A...
2026-09-14 15:40:12,625 - INFO - Debug redcap status: 200
2026-09-14 15:40:12,626 - INFO - Debug redcap response (first 30 chars): [{"record":"174-5","redcap_eve
2026-09-14 15:40:12,628 - INFO - REDCap: filtering event=visita_unica_arm_1 by repeat_instance=None; response instances=['', '1']
2026-09-14 15:40:12,629 - INFO - REDCap: exported record 174-5 for event visita_unica_arm_1, repeat_instance=None, with 261 fields from 290 entries
2026-09-14 15:40:12,630 - INFO - Mapped gender:  ➡ None
2026-09-14 15:40:12,631 - INFO - Mapped site: SVRI Clínica Morumbi ➡ 47
2026-09-14 15:40:12,632 - INFO - Volunteer payload prepared: {'nome': '174-5', 'iniciais': 'Silvia Maria da Silva', 'data_nascimento': '1966-04-19', 'sexo': None, 'email': '', 'data_inclusao': '2026-09-11', 'centro': '47', 'contatos': '11111111111'}
2026-09-14 15:40:14,762 - INFO - Volunteer 174-5 created in PoloTrial with ID: 3587
2026-09-14 15:40:14,763 - INFO - DEBUG: Searching protocol Embrace for site 47
2026-09-14 15:40:15,235 - INFO - Protocol found: Embrace with ID: 2381 (site=47)
2026-09-14 15:40:15,458 - INFO - DEBUG: Protocol Arm founded for the unique visit: ['Embrace ']
2026-09-14 15:40:15,459 - INFO - Arm matched: Embrace  with ID: 424
2026-09-14 15:40:16,394 - INFO - DEBUG: Sending participant payload to PoloTrial: 
{
  "co_voluntario": 3587,
  "co_protocolo": 2381,
  "data_inclusao": "2026-09-11",
  "id_participante": "174-5",
  "numero_de_screening": "174-5",
  "status_participante": "540",
  "co_braco": 424,
  "atualizar_agenda": "1",
  "apagar_visitas_pendentes": "0"
}
2026-09-14 15:40:24,777 - INFO - DEBUG: Participant created in PoloTrial: 
{
  "id": 3576,
  "apagar_visitas_pendentes": 0,
  "id_participante": "174-5",
  "numero_de_screening": "174-5",
  "co_protocolo": 2381,
  "atualizar_agenda": 1,
  "co_braco": 424,
  "data_inclusao": "2026-09-11",
  "status_participante": 540,
  "co_voluntario": "3587",
  "user_id_log": 196
}
2026-09-14 15:40:24,778 - INFO - Participant created in PoloTrial with ID: 3576
2026-09-14 15:40:45,495 - INFO - Participant visits retrieved: 1, for participant ID: 3576
2026-09-14 15:40:45,496 - INFO - Looking for unique visit with name: Visita única among: ['Visita única']
2026-09-14 15:40:45,496 - INFO - Participant visit found: Visita única with ID: 44098
2026-09-14 15:40:46,064 - INFO - Unique visit updated (id=44098) with payload: {
  "data_estimada": "2026-09-11",
  "data_realizada": "2026-09-11",
  "status": 20
}
2026-09-14 15:40:46,311 - INFO - DEBUG: Available procedures in PoloTrial for unique visit: ['Módulo Identificação da Paciente ', 'Consulta Médica', 'Módulo Saúde', 'Módulo Menopausa', 'Questionário da Saúde da Mulher - WHQ', 'Questionário Short Form - SF-36', 'Questionário PHQ9', 'Questionário WPAI', 'Questionário GAD-7']
2026-09-14 15:40:46,313 - INFO -  - ID: 738581 | Procedure: Módulo Identificação da Paciente  | Appointment date: None | Check field: idp3=174-5 | Date field: idp4=2026-09-11
2026-09-14 15:40:46,314 - INFO -  - ID: 738582 | Procedure: Consulta Médica | Appointment date: None | Check field: cm_atendimento_dt=2026-09-11 | Date field: cm_atendimento_dt=2026-09-11
2026-09-14 15:40:46,315 - INFO -  - ID: 738583 | Procedure: Módulo Saúde | Appointment date: None | Check field: s0=2026-09-11 | Date field: s0=2026-09-11
2026-09-14 15:40:46,316 - INFO -  - ID: 738584 | Procedure: Módulo Menopausa | Appointment date: None | Check field: pm0=2026-09-11 | Date field: pm0=2026-09-11
2026-09-14 15:40:46,317 - INFO -  - ID: 738585 | Procedure: Questionário da Saúde da Mulher - WHQ | Appointment date: None | Check field: whq0=2026-09-11 | Date field: whq0=2026-09-11
2026-09-14 15:40:46,317 - INFO -  - ID: 738586 | Procedure: Questionário Short Form - SF-36 | Appointment date: None | Check field: sf36_0=2026-09-11 | Date field: sf36_0=2026-09-11
2026-09-14 15:40:46,318 - INFO -  - ID: 738587 | Procedure: Questionário PHQ9 | Appointment date: None | Check field: phq9_0=2026-09-11 | Date field: phq9_0=2026-09-11
2026-09-14 15:40:46,319 - INFO -  - ID: 738588 | Procedure: Questionário WPAI | Appointment date: None | Check field: wpai0=2026-09-11 | Date field: wpai0=2026-09-11
2026-09-14 15:40:46,320 - INFO -  - ID: 738589 | Procedure: Questionário GAD-7 | Appointment date: None | Check field: gad7_0=2026-09-11 | Date field: gad7_0=2026-09-11
2026-09-14 15:40:46,321 - INFO - DEBUG: Procedure mapping summary:
2026-09-14 15:40:46,321 - INFO -  1. Total procedures in PoloTrial for unique visit: 9
2026-09-14 15:40:46,322 - INFO -  2. Matched with REDCap mapping: 9
2026-09-14 15:40:46,322 - INFO -  3. Unmatched procedures: 0
2026-09-14 15:40:46,787 - INFO - ✅ Synced procedure 'Módulo Identificação da Paciente ' (ID: 738581) with date: 2026-09-11
2026-09-14 15:40:47,022 - INFO - ✅ Synced procedure 'Consulta Médica' (ID: 738582) with date: 2026-09-11
2026-09-14 15:40:47,224 - INFO - ✅ Synced procedure 'Módulo Saúde' (ID: 738583) with date: 2026-09-11
2026-09-14 15:40:47,437 - INFO - ✅ Synced procedure 'Módulo Menopausa' (ID: 738584) with date: 2026-09-11
2026-09-14 15:40:47,820 - INFO - ✅ Synced procedure 'Questionário da Saúde da Mulher - WHQ' (ID: 738585) with date: 2026-09-11
2026-09-14 15:40:48,021 - INFO - ✅ Synced procedure 'Questionário Short Form - SF-36' (ID: 738586) with date: 2026-09-11
2026-09-14 15:40:48,253 - INFO - ✅ Synced procedure 'Questionário PHQ9' (ID: 738587) with date: 2026-09-11
2026-09-14 15:40:48,465 - INFO - ✅ Synced procedure 'Questionário WPAI' (ID: 738588) with date: 2026-09-11
2026-09-14 15:40:48,820 - INFO - ✅ Synced procedure 'Questionário GAD-7' (ID: 738589) with date: 2026-09-11
2026-09-14 15:40:48,821 - INFO - Unique visit procedures synchronization completed. Total procedures synced: 9/9
2026-09-14 15:40:48,822 - INFO - Executor name from REDCap: Fabiane Berta
2026-09-14 15:40:49,070 - ERROR - Executor 'Fabiane Berta' not found in PoloTrial. Please ensure the executor exists in the system.
2026-09-14 15:40:49,089 - INFO - Unique visit synchronization completed for record_id=174-5, event_name=visita_unica_arm_1
2026-09-14 15:40:49,096 - INFO - Successfully dispatched event: record_id=174-5, event_name=visita_unica_arm_1, repeat_instance=None
2026-09-14 15:45:25,066 - INFO - Shutting down webhooks for protocol Embrace
2026-09-14 15:45:55,090 - INFO - Webhook initialized for protocol Embrace
2026-09-14 15:46:25,004 - INFO - Received webhook from REDCap DET: project_id=49, username=eduardosoccasvri, instrument=modulo_idp_identificacao_da_paciente, record=174-4, redcap_event_name=visita_unica_arm_1, redcap_data_acess_group=, redcap_repeat_instance=None, redcap_repeat_instrument=None, redcap_url=https://svriglobal.org/redcap/, project_url=https://svriglobal.org/redcap/redcap_v17.3.10/index.php?pid=49
2026-09-14 15:46:25,067 - INFO - Dispatch runtime: pid=993970, module=/mnt/c/Users/Science/Documents/Python/integracao_embrace/src/integracao_embrace/dispatch.py, event_name='visita_unica_arm_1', instrument='modulo_idp_identificacao_da_paciente'
2026-09-14 15:46:25,069 - INFO - Dispatching to unique visit handles: visita_unica_arm_1
2026-09-14 15:46:26,263 - INFO - Debug redcap url: https://svriglobal.org/redcap/api/
2026-09-14 15:46:26,265 - INFO - Debug redcaptoken (First 3 chars): E9A...
2026-09-14 15:46:26,271 - INFO - Debug redcap status: 200
2026-09-14 15:46:26,274 - INFO - Debug redcap response (first 30 chars): [{"record":"174-4","redcap_eve
2026-09-14 15:46:26,281 - INFO - REDCap: filtering event=visita_unica_arm_1 by repeat_instance=None; response instances=['', '1']
2026-09-14 15:46:26,282 - INFO - REDCap: exported record 174-4 for event visita_unica_arm_1, repeat_instance=None, with 272 fields from 315 entries
2026-09-14 15:46:26,284 - INFO - Mapped gender: Mulher ("Cisgênero") ➡ None
2026-09-14 15:46:26,297 - INFO - Mapped site: SVRI Clínica Morumbi ➡ 47
2026-09-14 15:46:26,299 - INFO - Volunteer payload prepared: {'nome': '174-4', 'iniciais': 'MGDSTS', 'data_nascimento': '1968-09-21', 'sexo': None, 'email': '', 'data_inclusao': '2026-09-11', 'centro': '47', 'contatos': '11111111111'}
2026-09-14 15:46:27,371 - INFO - Polotrial: authentication succsssful
2026-09-14 15:46:29,048 - INFO - Volunteer 174-4 created in PoloTrial with ID: 3588
2026-09-14 15:46:29,051 - INFO - DEBUG: Searching protocol Embrace for site 47
2026-09-14 15:46:29,512 - INFO - Protocol found: Embrace with ID: 2381 (site=47)
2026-09-14 15:46:29,727 - INFO - DEBUG: Protocol Arm founded for the unique visit: ['Embrace ']
2026-09-14 15:46:29,729 - INFO - Arm matched: Embrace  with ID: 424
2026-09-14 15:46:30,393 - INFO - DEBUG: Sending participant payload to PoloTrial: 
{
  "co_voluntario": 3588,
  "co_protocolo": 2381,
  "data_inclusao": "2026-09-11",
  "id_participante": "174-4",
  "numero_de_screening": "174-4",
  "status_participante": "540",
  "co_braco": 424,
  "atualizar_agenda": "1",
  "apagar_visitas_pendentes": "0"
}
2026-09-14 15:46:35,222 - INFO - DEBUG: Participant created in PoloTrial: 
{
  "id": 3577,
  "apagar_visitas_pendentes": 0,
  "id_participante": "174-4",
  "numero_de_screening": "174-4",
  "co_protocolo": 2381,
  "atualizar_agenda": 1,
  "co_braco": 424,
  "data_inclusao": "2026-09-11",
  "status_participante": 540,
  "co_voluntario": "3588",
  "user_id_log": 196
}
2026-09-14 15:46:35,223 - INFO - Participant created in PoloTrial with ID: 3577
2026-09-14 15:46:57,868 - INFO - Participant visits retrieved: 1, for participant ID: 3577
2026-09-14 15:46:57,869 - INFO - Looking for unique visit with name: Visita única among: ['Visita única']
2026-09-14 15:46:57,870 - INFO - Participant visit found: Visita única with ID: 44099
2026-09-14 15:46:58,254 - INFO - Unique visit updated (id=44099) with payload: {
  "data_estimada": "2026-09-11",
  "data_realizada": "2026-09-11",
  "status": 20
}
2026-09-14 15:46:58,526 - INFO - DEBUG: Available procedures in PoloTrial for unique visit: ['Módulo Identificação da Paciente ', 'Consulta Médica', 'Módulo Saúde', 'Módulo Menopausa', 'Questionário da Saúde da Mulher - WHQ', 'Questionário Short Form - SF-36', 'Questionário PHQ9', 'Questionário WPAI', 'Questionário GAD-7']
2026-09-14 15:46:58,528 - INFO -  - ID: 738596 | Procedure: Módulo Identificação da Paciente  | Appointment date: None | Check field: idp3=174-4 | Date field: idp4=2026-09-11
2026-09-14 15:46:58,529 - INFO -  - ID: 738597 | Procedure: Consulta Médica | Appointment date: None | Check field: cm_atendimento_dt=N/A | Date field: cm_atendimento_dt=N/A
2026-09-14 15:46:58,531 - INFO -  - ID: 738598 | Procedure: Módulo Saúde | Appointment date: None | Check field: s0=2026-09-11 | Date field: s0=2026-09-11
2026-09-14 15:46:58,532 - INFO -  - ID: 738599 | Procedure: Módulo Menopausa | Appointment date: None | Check field: pm0=2026-09-11 | Date field: pm0=2026-09-11
2026-09-14 15:46:58,532 - INFO -  - ID: 738600 | Procedure: Questionário da Saúde da Mulher - WHQ | Appointment date: None | Check field: whq0=2026-09-11 | Date field: whq0=2026-09-11
2026-09-14 15:46:58,533 - INFO -  - ID: 738601 | Procedure: Questionário Short Form - SF-36 | Appointment date: None | Check field: sf36_0=2026-09-11 | Date field: sf36_0=2026-09-11
2026-09-14 15:46:58,534 - INFO -  - ID: 738602 | Procedure: Questionário PHQ9 | Appointment date: None | Check field: phq9_0=2026-09-11 | Date field: phq9_0=2026-09-11
2026-09-14 15:46:58,535 - INFO -  - ID: 738603 | Procedure: Questionário WPAI | Appointment date: None | Check field: wpai0=2026-09-11 | Date field: wpai0=2026-09-11
2026-09-14 15:46:58,537 - INFO -  - ID: 738604 | Procedure: Questionário GAD-7 | Appointment date: None | Check field: gad7_0=2026-09-11 | Date field: gad7_0=2026-09-11
2026-09-14 15:46:58,538 - INFO - DEBUG: Procedure mapping summary:
2026-09-14 15:46:58,539 - INFO -  1. Total procedures in PoloTrial for unique visit: 9
2026-09-14 15:46:58,540 - INFO -  2. Matched with REDCap mapping: 9
2026-09-14 15:46:58,540 - INFO -  3. Unmatched procedures: 0
2026-09-14 15:46:58,743 - INFO - ✅ Synced procedure 'Módulo Identificação da Paciente ' (ID: 738596) with date: 2026-09-11
2026-09-14 15:46:58,747 - INFO - No date found in REDCap for procedure Consulta Médica (check_field=cm_atendimento_dt, date_field=cm_atendimento_dt). Skipping sync.
2026-09-14 15:46:58,942 - INFO - ✅ Synced procedure 'Módulo Saúde' (ID: 738598) with date: 2026-09-11
2026-09-14 15:46:59,143 - INFO - ✅ Synced procedure 'Módulo Menopausa' (ID: 738599) with date: 2026-09-11
2026-09-14 15:46:59,353 - INFO - ✅ Synced procedure 'Questionário da Saúde da Mulher - WHQ' (ID: 738600) with date: 2026-09-11
2026-09-14 15:46:59,572 - INFO - ✅ Synced procedure 'Questionário Short Form - SF-36' (ID: 738601) with date: 2026-09-11
2026-09-14 15:46:59,835 - INFO - ✅ Synced procedure 'Questionário PHQ9' (ID: 738602) with date: 2026-09-11
2026-09-14 15:47:00,315 - INFO - ✅ Synced procedure 'Questionário WPAI' (ID: 738603) with date: 2026-09-11
2026-09-14 15:47:00,580 - INFO - ✅ Synced procedure 'Questionário GAD-7' (ID: 738604) with date: 2026-09-11
2026-09-14 15:47:00,601 - INFO - Unique visit procedures synchronization completed. Total procedures synced: 8/9
2026-09-14 15:47:00,639 - INFO - Executor name from REDCap: Fabiane Berta
2026-09-14 15:47:00,655 - INFO - No date held provided in REDCap payload. Skipping executor synchronization.
2026-09-14 15:47:00,660 - INFO - Unique visit synchronization completed for record_id=174-4, event_name=visita_unica_arm_1
2026-09-14 15:47:00,669 - INFO - Successfully dispatched event: record_id=174-4, event_name=visita_unica_arm_1, repeat_instance=None
2026-09-14 15:47:38,285 - INFO - Received webhook from REDCap DET: project_id=49, username=eduardosoccasvri, instrument=modulo_idp_identificacao_da_paciente, record=174-5, redcap_event_name=visita_unica_arm_1, redcap_data_acess_group=, redcap_repeat_instance=None, redcap_repeat_instrument=None, redcap_url=https://svriglobal.org/redcap/, project_url=https://svriglobal.org/redcap/redcap_v17.3.10/index.php?pid=49
2026-09-14 15:47:38,295 - INFO - Dispatch runtime: pid=993970, module=/mnt/c/Users/Science/Documents/Python/integracao_embrace/src/integracao_embrace/dispatch.py, event_name='visita_unica_arm_1', instrument='modulo_idp_identificacao_da_paciente'
2026-09-14 15:47:38,296 - INFO - Dispatching to unique visit handles: visita_unica_arm_1
2026-09-14 15:47:39,069 - INFO - Debug redcap url: https://svriglobal.org/redcap/api/
2026-09-14 15:47:39,070 - INFO - Debug redcaptoken (First 3 chars): E9A...
2026-09-14 15:47:39,071 - INFO - Debug redcap status: 200
2026-09-14 15:47:39,072 - INFO - Debug redcap response (first 30 chars): [{"record":"174-5","redcap_eve
2026-09-14 15:47:39,075 - INFO - REDCap: filtering event=visita_unica_arm_1 by repeat_instance=None; response instances=['', '1']
2026-09-14 15:47:39,077 - INFO - REDCap: exported record 174-5 for event visita_unica_arm_1, repeat_instance=None, with 261 fields from 290 entries
2026-09-14 15:47:39,078 - INFO - Mapped gender:  ➡ None
2026-09-14 15:47:39,079 - INFO - Mapped site: SVRI Clínica Morumbi ➡ 47
2026-09-14 15:47:39,081 - INFO - Volunteer payload prepared: {'nome': '174-5', 'iniciais': 'SMDS', 'data_nascimento': '1966-04-19', 'sexo': None, 'email': '', 'data_inclusao': '2026-09-11', 'centro': '47', 'contatos': '11111111111'}
2026-09-14 15:47:40,735 - INFO - Volunteer 174-5 created in PoloTrial with ID: 3589
2026-09-14 15:47:40,735 - INFO - DEBUG: Searching protocol Embrace for site 47
2026-09-14 15:47:41,298 - INFO - Protocol found: Embrace with ID: 2381 (site=47)
2026-09-14 15:47:41,525 - INFO - DEBUG: Protocol Arm founded for the unique visit: ['Embrace ']
2026-09-14 15:47:41,528 - INFO - Arm matched: Embrace  with ID: 424
2026-09-14 15:47:42,462 - INFO - DEBUG: Sending participant payload to PoloTrial: 
{
  "co_voluntario": 3589,
  "co_protocolo": 2381,
  "data_inclusao": "2026-09-11",
  "id_participante": "174-5",
  "numero_de_screening": "174-5",
  "status_participante": "540",
  "co_braco": 424,
  "atualizar_agenda": "1",
  "apagar_visitas_pendentes": "0"
}
2026-09-14 15:47:49,580 - INFO - DEBUG: Participant created in PoloTrial: 
{
  "id": 3578,
  "apagar_visitas_pendentes": 0,
  "id_participante": "174-5",
  "numero_de_screening": "174-5",
  "co_protocolo": 2381,
  "atualizar_agenda": 1,
  "co_braco": 424,
  "data_inclusao": "2026-09-11",
  "status_participante": 540,
  "co_voluntario": "3589",
  "user_id_log": 196
}
2026-09-14 15:47:49,581 - INFO - Participant created in PoloTrial with ID: 3578
2026-09-14 15:48:10,372 - INFO - Participant visits retrieved: 1, for participant ID: 3578
2026-09-14 15:48:10,373 - INFO - Looking for unique visit with name: Visita única among: ['Visita única']
2026-09-14 15:48:10,374 - INFO - Participant visit found: Visita única with ID: 44100
2026-09-14 15:48:10,754 - INFO - Unique visit updated (id=44100) with payload: {
  "data_estimada": "2026-09-11",
  "data_realizada": "2026-09-11",
  "status": 20
}
2026-09-14 15:48:10,994 - INFO - DEBUG: Available procedures in PoloTrial for unique visit: ['Módulo Identificação da Paciente ', 'Consulta Médica', 'Módulo Saúde', 'Módulo Menopausa', 'Questionário da Saúde da Mulher - WHQ', 'Questionário Short Form - SF-36', 'Questionário PHQ9', 'Questionário WPAI', 'Questionário GAD-7']
2026-09-14 15:48:11,000 - INFO -  - ID: 738611 | Procedure: Módulo Identificação da Paciente  | Appointment date: None | Check field: idp3=174-5 | Date field: idp4=2026-09-11
2026-09-14 15:48:11,004 - INFO -  - ID: 738612 | Procedure: Consulta Médica | Appointment date: None | Check field: cm_atendimento_dt=2026-09-11 | Date field: cm_atendimento_dt=2026-09-11
2026-09-14 15:48:11,014 - INFO -  - ID: 738613 | Procedure: Módulo Saúde | Appointment date: None | Check field: s0=2026-09-11 | Date field: s0=2026-09-11
2026-09-14 15:48:11,016 - INFO -  - ID: 738614 | Procedure: Módulo Menopausa | Appointment date: None | Check field: pm0=2026-09-11 | Date field: pm0=2026-09-11
2026-09-14 15:48:11,022 - INFO -  - ID: 738615 | Procedure: Questionário da Saúde da Mulher - WHQ | Appointment date: None | Check field: whq0=2026-09-11 | Date field: whq0=2026-09-11
2026-09-14 15:48:11,026 - INFO -  - ID: 738616 | Procedure: Questionário Short Form - SF-36 | Appointment date: None | Check field: sf36_0=2026-09-11 | Date field: sf36_0=2026-09-11
2026-09-14 15:48:11,028 - INFO -  - ID: 738617 | Procedure: Questionário PHQ9 | Appointment date: None | Check field: phq9_0=2026-09-11 | Date field: phq9_0=2026-09-11
2026-09-14 15:48:11,034 - INFO -  - ID: 738618 | Procedure: Questionário WPAI | Appointment date: None | Check field: wpai0=2026-09-11 | Date field: wpai0=2026-09-11
2026-09-14 15:48:11,035 - INFO -  - ID: 738619 | Procedure: Questionário GAD-7 | Appointment date: None | Check field: gad7_0=2026-09-11 | Date field: gad7_0=2026-09-11
2026-09-14 15:48:11,040 - INFO - DEBUG: Procedure mapping summary:
2026-09-14 15:48:11,042 - INFO -  1. Total procedures in PoloTrial for unique visit: 9
2026-09-14 15:48:11,045 - INFO -  2. Matched with REDCap mapping: 9
2026-09-14 15:48:11,047 - INFO -  3. Unmatched procedures: 0
2026-09-14 15:48:11,252 - INFO - ✅ Synced procedure 'Módulo Identificação da Paciente ' (ID: 738611) with date: 2026-09-11
2026-09-14 15:48:11,448 - INFO - ✅ Synced procedure 'Consulta Médica' (ID: 738612) with date: 2026-09-11
2026-09-14 15:48:11,667 - INFO - ✅ Synced procedure 'Módulo Saúde' (ID: 738613) with date: 2026-09-11
2026-09-14 15:48:11,879 - INFO - ✅ Synced procedure 'Módulo Menopausa' (ID: 738614) with date: 2026-09-11
2026-09-14 15:48:12,222 - INFO - ✅ Synced procedure 'Questionário da Saúde da Mulher - WHQ' (ID: 738615) with date: 2026-09-11
2026-09-14 15:48:12,502 - INFO - ✅ Synced procedure 'Questionário Short Form - SF-36' (ID: 738616) with date: 2026-09-11
2026-09-14 15:48:13,010 - INFO - ✅ Synced procedure 'Questionário PHQ9' (ID: 738617) with date: 2026-09-11
2026-09-14 15:48:13,263 - INFO - ✅ Synced procedure 'Questionário WPAI' (ID: 738618) with date: 2026-09-11
2026-09-14 15:48:13,510 - INFO - ✅ Synced procedure 'Questionário GAD-7' (ID: 738619) with date: 2026-09-11
2026-09-14 15:48:13,511 - INFO - Unique visit procedures synchronization completed. Total procedures synced: 9/9
2026-09-14 15:48:13,512 - INFO - Executor name from REDCap: Fabiane Berta
2026-09-14 15:48:13,767 - ERROR - Executor 'Fabiane Berta' not found in PoloTrial. Please ensure the executor exists in the system.
2026-09-14 15:48:13,803 - INFO - Unique visit synchronization completed for record_id=174-5, event_name=visita_unica_arm_1
2026-09-14 15:48:13,833 - INFO - Successfully dispatched event: record_id=174-5, event_name=visita_unica_arm_1, repeat_instance=None
2026-09-14 15:48:37,883 - INFO - Received webhook from REDCap DET: project_id=49, username=eduardosoccasvri, instrument=status_do_participante, record=174-5, redcap_event_name=visita_unica_arm_1, redcap_data_acess_group=, redcap_repeat_instance=None, redcap_repeat_instrument=None, redcap_url=https://svriglobal.org/redcap/, project_url=https://svriglobal.org/redcap/redcap_v17.3.10/index.php?pid=49
2026-09-14 15:48:37,891 - INFO - Dispatch runtime: pid=993970, module=/mnt/c/Users/Science/Documents/Python/integracao_embrace/src/integracao_embrace/dispatch.py, event_name='visita_unica_arm_1', instrument='status_do_participante'
2026-09-14 15:48:37,893 - INFO - Dispatching to unique visit handles: visita_unica_arm_1
2026-09-14 15:48:38,611 - INFO - Debug redcap url: https://svriglobal.org/redcap/api/
2026-09-14 15:48:38,612 - INFO - Debug redcaptoken (First 3 chars): E9A...
2026-09-14 15:48:38,613 - INFO - Debug redcap status: 200
2026-09-14 15:48:38,617 - INFO - Debug redcap response (first 30 chars): [{"record":"174-5","redcap_eve
2026-09-14 15:48:38,626 - INFO - REDCap: filtering event=visita_unica_arm_1 by repeat_instance=None; response instances=['', '1']
2026-09-14 15:48:38,630 - INFO - REDCap: exported record 174-5 for event visita_unica_arm_1, repeat_instance=None, with 261 fields from 290 entries
2026-09-14 15:48:38,632 - INFO - Mapped gender:  ➡ None
2026-09-14 15:48:38,640 - INFO - Mapped site: SVRI Clínica Morumbi ➡ 47
2026-09-14 15:48:38,642 - INFO - Volunteer payload prepared: {'nome': '174-5', 'iniciais': 'SMDS', 'data_nascimento': '1966-04-19', 'sexo': None, 'email': '', 'data_inclusao': '2026-09-11', 'centro': '47', 'contatos': '11111111111'}
2026-09-14 15:48:38,878 - INFO - Volunteer 174-5 already exists in PoloTrial with ID: 3589
2026-09-14 15:48:38,879 - INFO - DEBUG: Searching protocol Embrace for site 47
2026-09-14 15:48:39,329 - INFO - Protocol found: Embrace with ID: 2381 (site=47)
2026-09-14 15:48:39,597 - INFO - DEBUG: Protocol Arm founded for the unique visit: ['Embrace ']
2026-09-14 15:48:39,598 - INFO - Arm matched: Embrace  with ID: 424
2026-09-14 15:48:40,277 - INFO - Participant found in PoloTrial with ID: 3578
2026-09-14 15:49:02,841 - INFO - Participant visits retrieved: 1, for participant ID: 3578
2026-09-14 15:49:02,842 - INFO - Looking for unique visit with name: Visita única among: ['Visita única']
2026-09-14 15:49:02,843 - INFO - Participant visit found: Visita única with ID: 44100
2026-09-14 15:49:03,019 - INFO - Unique visit already up to date (id=44100).
2026-09-14 15:49:03,259 - INFO - DEBUG: Available procedures in PoloTrial for unique visit: ['Módulo Identificação da Paciente ', 'Consulta Médica', 'Módulo Saúde', 'Módulo Menopausa', 'Questionário da Saúde da Mulher - WHQ', 'Questionário Short Form - SF-36', 'Questionário PHQ9', 'Questionário WPAI', 'Questionário GAD-7']
2026-09-14 15:49:03,262 - INFO -  - ID: 738611 | Procedure: Módulo Identificação da Paciente  | Appointment date: 2026-09-11T00:00:00.000Z | Check field: idp3=174-5 | Date field: idp4=2026-09-11
2026-09-14 15:49:03,263 - INFO -  - ID: 738612 | Procedure: Consulta Médica | Appointment date: 2026-09-11T00:00:00.000Z | Check field: cm_atendimento_dt=2026-09-11 | Date field: cm_atendimento_dt=2026-09-11
2026-09-14 15:49:03,265 - INFO -  - ID: 738613 | Procedure: Módulo Saúde | Appointment date: 2026-09-11T00:00:00.000Z | Check field: s0=2026-09-11 | Date field: s0=2026-09-11
2026-09-14 15:49:03,268 - INFO -  - ID: 738614 | Procedure: Módulo Menopausa | Appointment date: 2026-09-11T00:00:00.000Z | Check field: pm0=2026-09-11 | Date field: pm0=2026-09-11
2026-09-14 15:49:03,270 - INFO -  - ID: 738615 | Procedure: Questionário da Saúde da Mulher - WHQ | Appointment date: 2026-09-11T00:00:00.000Z | Check field: whq0=2026-09-11 | Date field: whq0=2026-09-11
2026-09-14 15:49:03,272 - INFO -  - ID: 738616 | Procedure: Questionário Short Form - SF-36 | Appointment date: 2026-09-11T00:00:00.000Z | Check field: sf36_0=2026-09-11 | Date field: sf36_0=2026-09-11
2026-09-14 15:49:03,274 - INFO -  - ID: 738617 | Procedure: Questionário PHQ9 | Appointment date: 2026-09-11T00:00:00.000Z | Check field: phq9_0=2026-09-11 | Date field: phq9_0=2026-09-11
2026-09-14 15:49:03,283 - INFO -  - ID: 738618 | Procedure: Questionário WPAI | Appointment date: 2026-09-11T00:00:00.000Z | Check field: wpai0=2026-09-11 | Date field: wpai0=2026-09-11
2026-09-14 15:49:03,285 - INFO -  - ID: 738619 | Procedure: Questionário GAD-7 | Appointment date: 2026-09-11T00:00:00.000Z | Check field: gad7_0=2026-09-11 | Date field: gad7_0=2026-09-11
2026-09-14 15:49:03,288 - INFO - DEBUG: Procedure mapping summary:
2026-09-14 15:49:03,289 - INFO -  1. Total procedures in PoloTrial for unique visit: 9
2026-09-14 15:49:03,290 - INFO -  2. Matched with REDCap mapping: 9
2026-09-14 15:49:03,290 - INFO -  3. Unmatched procedures: 0
2026-09-14 15:49:03,298 - INFO - No procedures to sync for pattern: M[oóOÓ]dulo\s+Identifica[cçCÇ][aãAÃ]o\s+da\s+Paciente
2026-09-14 15:49:03,302 - INFO - No procedures to sync for pattern: Consulta\s+M[eéEÉ]dica
2026-09-14 15:49:03,313 - INFO - No procedures to sync for pattern: M[oóOÓ]dulo\s+Sa[uúUÚ]de
2026-09-14 15:49:03,319 - INFO - No procedures to sync for pattern: M[oóOÓ]dulo\s+Menopausa
2026-09-14 15:49:03,335 - INFO - No procedures to sync for pattern: Question[aáAÁ]rio\s+da\s+Sa[uúUÚ]de\s+da\s+Mulher\s+-\s+WHQ
2026-09-14 15:49:03,356 - INFO - No procedures to sync for pattern: Question[aáAÁ]rio\s+Short\s+Form\s-\s+SF-36
2026-09-14 15:49:03,362 - INFO - No procedures to sync for pattern: Question[aáAÁ]rio\s+PHQ9
2026-09-14 15:49:03,374 - INFO - No procedures to sync for pattern: Question[aáAÁ]rio\s+WPAI
2026-09-14 15:49:03,379 - INFO - No procedures to sync for pattern: Question[aáAÁ]rio\s+GAD-7
2026-09-14 15:49:03,381 - INFO - Unique visit procedures synchronization completed. Total procedures synced: 0/9
2026-09-14 15:49:03,384 - INFO - Executor name from REDCap: Fabiane Berta
2026-09-14 15:49:03,648 - ERROR - Executor 'Fabiane Berta' not found in PoloTrial. Please ensure the executor exists in the system.
2026-09-14 15:49:03,649 - INFO - Unique visit synchronization completed for record_id=174-5, event_name=visita_unica_arm_1
2026-09-14 15:49:03,650 - INFO - Dispatching to participant status update handler: instrument=status_do_participante
2026-09-14 15:49:04,425 - INFO - Debug redcap url: https://svriglobal.org/redcap/api/
2026-09-14 15:49:04,426 - INFO - Debug redcaptoken (First 3 chars): E9A...
2026-09-14 15:49:04,427 - INFO - Debug redcap status: 200
2026-09-14 15:49:04,428 - INFO - Debug redcap response (first 30 chars): [{"record":"174-5","redcap_eve
2026-09-14 15:49:04,430 - INFO - REDCap: filtering event=visita_unica_arm_1 by repeat_instance=None; response instances=['', '1']
2026-09-14 15:49:04,431 - INFO - REDCap: exported record 174-5 for event visita_unica_arm_1, repeat_instance=None, with 261 fields from 290 entries
2026-09-14 15:49:04,432 - INFO - Retrieved REDCap payload for record_id=174-5, event_name=visita_unica_arm_1: {'ae1': 'Sim', 'ae10': 'Não', 'ae11': 'Não', 'ae12': 'Não', 'ae13': 'Não', 'ae14': 'Não', 'ae2': 'Não Aplicável', 'ae3': 'Sim', 'ae4': 'Não', 'ae5': 'Não', 'ae6': 'Não', 'ae7': 'Não', 'ae8': 'Não', 'ae9': 'Não', 'asr1': '11', 'asr2': 'Não', 'asr3': '2014-12-10', 'asr4': 'Não', 'asr5': 'Sim', 'asr6': '48', 'cm_anamnese1': 'CM1. Descreva o processo de consentimento:\r\nFoi entregue à participante uma via do Termo de Consentimento Livre e Esclarecido (TCLE), sendo disponibilizado tempo adequado para que pudesse realizar a leitura e compreender todas as informações apresentadas no documento. A participante declarou não possuir dúvidas e confirmou estar de acordo com sua participação na pesquisa. As duas vias do TCLE foram devidamente rubricadas pela participante e por mim nas páginas 1 até 12. Uma via devidamente preenchida e assinada foi entregue à participante, permanecendo a outra via arquivada no centro de pesquisa.\r\n', 'cm_atendimento_dt': '2026-09-11', 'cm_dt_assinatura_tcle': '2026-09-11', 'cm_evolucao_executor': 'Fabiane Berta', 'cm_tcle_upload': '1593', 'cm_tclw_versao': 'v2', 'cm1': 'nao menstruar', 'cm10': 'Concordo', 'cm11': 'Concordo', 'cm12': 'sei muito pouco', 'cm13': 'Concordo totalmente', 'cm14': 'Discordo totalmente', 'cm15': 'Não sei opinar', 'cm16': 'Concordo totalmente', 'cm17': 'Não sei opinar', 'cm18': 'Concordo totalmente', 'cm19': 'Concordo', 'cm2': 'Pouco informado (a)', 'cm20': 'Concordo', 'cm21': 'Não sei opinar', 'cm22': 'Concordo', 'cm23': 'Não sei opinar', 'cm24': 'Não sei opinar', 'cm25': 'Concordo', 'cm26': 'Concordo', 'cm27': 'Não concordo', 'cm28': 'Concordo', 'cm29': 'Não sei opinar', 'cm3': 'Concordo', 'cm30': 'Não concordo', 'cm31': 'Concordo', 'cm32': 'Concordo', 'cm4': 'Não concordo', 'cm5': 'Concordo', 'cm6': 'Não concordo', 'cm7': 'Concordo', 'cm8': 'Não sei opinar', 'cm9': 'Concordo', 'gad7_0': '2026-09-11', 'glad7_1': 'Vários dias', 'glad7_2': 'Quase todos os dias', 'glad7_3': 'Mais da metade dos dias', 'glad7_4': 'Mais da metade dos dias', 'glad7_5': 'Nenhuma vez', 'glad7_6': 'Vários dias', 'glad7_7': 'Nenhuma vez', 'idp_faixa_etaria': '3', 'idp1': 'Silvia Maria da Silva', 'idp3': '174-5', 'idp4': '2026-09-11', 'idp5': '60', 'idp6': '1966-04-19', 'idp7': 'SVRI Clínica Morumbi', 'idp8': '26', 'idp9': 'SP', 'mdulo_cm_consulta_mdica_complete': 'Complete', 'modulo_do_participante_complete': 'Complete', 'modulo_idp_identificacao_da_paciente_complete': 'Complete', 'modulo_m_menopausa_complete': 'Complete', 'modulo_participante_dt': '2026-09-11', 'modulo_s_saude_complete': 'Complete', 'modulo_whq_questionario_da_saude_da_mulher_complete': 'Complete', 'mpc1': 'Nunca consultei', 'mpc2': '2c', 'mpc3': '3', 'mpc4': 'Aumento de rugas finas ou profundas', 'mpc5': 'Aumento de rugas finas ou profundas', 'mpc6': 'Ressecamento ou perda de brilho dos fios', 'mpc7': 'Ressecamento ou perda de brilho dos fios', 'mpc8': 'Não', 'phq9_0': '2026-09-11', 'phq9_1': 'Nenhuma vez', 'phq9_10': 'Nenhuma dificuldade', 'phq9_2': 'Nenhuma vez', 'phq9_3': 'Vários dias', 'phq9_4': 'Vários dias', 'phq9_5': 'Vários dias', 'phq9_6': 'Nenhuma vez', 'phq9_7': 'Vários dias', 'phq9_8': 'Nenhuma vez', 'phq9_9': 'Nenhuma vez', 'pm0': '2026-09-11', 'pm1': 'Concordo', 'pm2': 'Concordo', 'pm3': 'Concordo', 'pm4': 'Discordo', 'pm5': 'Concordo parcialmente', 'pm6': 'Neutro', 'qsm1': 'Não, raramente', 'qsm10': 'Sim, com certeza', 'qsm11': 'Sim, às vezes', 'qsm12': 'Sim, às vezes', 'qsm13': 'Não, absolutamente', 'qsm14': 'Sim, às vezes', 'qsm15': 'Sim, com certeza', 'qsm16': 'Não, absolutamente', 'qsm17': 'Não, absolutamente', 'qsm18': 'Sim, às vezes', 'qsm19': 'Sim, às vezes', 'qsm2': 'Não, absolutamente', 'qsm20': 'Não, raramente', 'qsm21': 'Sim, às vezes', 'qsm22': 'Não, raramente', 'qsm23': 'Não, absolutamente', 'qsm24': 'Sim, às vezes', 'qsm25': 'Sim, às vezes', 'qsm26': 'NA', 'qsm27': 'Sim, às vezes', 'qsm28': 'Sim, às vezes', 'qsm29': 'Sim, com certeza', 'qsm3': 'Não, raramente', 'qsm30': 'Não, absolutamente', 'qsm31': 'Não, raramente', 'qsm32': 'Não, raramente', 'qsm33': 'Sim, com certeza', 'qsm34': 'Sim, às vezes', 'qsm35': 'Sim, às vezes', 'qsm36': 'Sim, às vezes', 'qsm37': 'Sim, Quais?', 'qsm37_1': 'Esquecimento', 'qsm4': 'Não, absolutamente', 'qsm5': 'Não, raramente', 'qsm6': 'Não, absolutamente', 'qsm7': 'Sim, com certeza', 'qsm8': 'Não, absolutamente', 'qsm9': 'Sim, às vezes', 's0': '2026-09-11', 's1_1': '96.7', 's1_2': '1.60', 's10': 'Sim', 's11': 'Outra (as) doença (as) crônica (as)?', 's11_3': 'pre diabetes - hipotiroidismo', 's12': 'Não', 's13': 'Não', 's14': 'Não.', 's15': 'Sim', 's16': 'Hipoglicemiantes - para diabetes do tipo 2 (ex.: metformina, glibenclamida)', 's17': 'Não', 's18': 'Não', 's2': '106', 's22': 'Não', 's23': 'Não', 's28': 'Menos de um vez por mês', 's29': '0.1', 's3': '123', 's3_1': '11513.25', 's3_2': '0.8617886178861789', 's3_3': '9919.5', 's30': '2-3 latas cerveja - 1-2 tacas de vinho ', 's31': 'Não', 's32': 'Não', 's4': '133', 's5': '74', 's6': 'Regular', 's7': '377734.38', 's7_1': 'Sim, qual(is)', 's7_2': 'Outra', 's8_1': 'UNK', 's8_10': 'UNK', 's8_11': 'UNK', 's8_12': '128', 's8_13': '0', 's8_2': '1.20', 's8_3': 'UNK', 's8_4': 'UNK', 's8_5': 'UNK', 's8_6': 'UNK', 's8_7': '194', 's8_8': '103', 's8_9': '70', 's9_1': 'Sim, qual(is)?', 's9_2': 'Hipertensão arterial', 'sc1_1': 'Alterações de humor', 'sd1': 'União Estável (convivência)', 'sd2': 'Pós-graduação', 'sd3': 'Branca', 'sd4': 'Sim', 'sd5': '1', 'sd6': '2', 'sd7': '2', 'se1': '1', 'se10': '0', 'se11': '0', 'se12': '0', 'se13': 'Rede Geral de Distribuição', 'se14': 'Pós-graduação', 'se15': 'SUS (Sistema Único de Saúde)', 'se2': '1', 'se3': '4 ou mais', 'se4': '3', 'se5': '1', 'se6': '0', 'se7': '2', 'se8': '0', 'se9': '1', 'sf36_0': '2026-09-11', 'sf36_1': 'Boa', 'sf36_10': 'Não, não dificulta de modo algum', 'sf36_11': 'Não, não dificulta de modo algum', 'sf36_12': 'Não, não dificulta de modo algum', 'sf36_13': 'Não', 'sf36_14': 'Não', 'sf36_15': 'Não', 'sf36_16': 'Não', 'sf36_17': 'Não', 'sf36_18': 'Não', 'sf36_19': 'Não', 'sf36_2': 'Quase a mesma', 'sf36_20': 'Ligeiramente', 'sf36_21': 'Leve', 'sf36_22': 'Ligeiramente', 'sf36_23': 'Uma boa parte do tempo', 'sf36_24': 'Uma pequena parte do tempo', 'sf36_25': 'Nunca', 'sf36_26': 'Uma boa parte do tempo', 'sf36_27': 'Alguma parte do tempo', 'sf36_28': 'Uma pequena parte do tempo', 'sf36_29': 'Uma pequena parte do tempo', 'sf36_3': 'Sim, dificulta um pouco', 'sf36_30': 'Uma boa parte do tempo', 'sf36_31': 'Uma boa parte do tempo', 'sf36_32': 'Nenhuma parte do tempo', 'sf36_33': 'Definitivamente falso', 'sf36_34': 'A maioria das vezes verdadeiro', 'sf36_35': 'Definitivamente falso', 'sf36_36': 'A maioria das vezes verdadeiro', 'sf36_4': 'Não, não dificulta de modo algum', 'sf36_5': 'Não, não dificulta de modo algum', 'sf36_6': 'Sim, dificulta um pouco', 'sf36_7': 'Não, não dificulta de modo algum', 'sf36_8': 'Não, não dificulta de modo algum', 'sf36_9': 'Não, não dificulta de modo algum', 'status_do_participante_complete': 'Complete', 'status_participante': 'Concluído', 'status_participante_dt': '2026-09-11', 'survey_sc1_1': 'Alterações de humor', 'trh1': 'Não', 'whq0': '2026-09-11', 'wpai0': '2026-09-11', 'wpai1': 'Não', 'wpai6': '2'}
2026-09-14 15:49:04,736 - INFO - Debug redcap url: https://svriglobal.org/redcap/api/
2026-09-14 15:49:04,740 - INFO - Debug redcaptoken (First 3 chars): E9A...
2026-09-14 15:49:04,741 - INFO - Debug redcap status: 200
2026-09-14 15:49:04,742 - INFO - Debug redcap response (first 30 chars): [{"record":"174-5","redcap_eve
2026-09-14 15:49:04,746 - INFO - REDCap: filtering event=visita_unica_arm_1 by repeat_instance=None; response instances=['', '1']
2026-09-14 15:49:04,749 - INFO - REDCap: exported record 174-5 for event visita_unica_arm_1, repeat_instance=None, with 261 fields from 290 entries
2026-09-14 15:49:04,958 - INFO - Found volunteer in PoloTrial: record_id=174-5, volunteer_code=3589
2026-09-14 15:49:05,453 - INFO - Found protocol in PoloTrial: site_code=47, protocol_nickname=Embrace, protocol_code=2381
2026-09-14 15:49:06,120 - INFO - Found participant in PoloTrial: volunteer_code=3589, protocol_code=2381, participant_code=3578
2026-09-14 15:49:06,121 - INFO - Mapped REDCap status=Concluído to PoloTrial status_code=308 for record_id=174-5
2026-09-14 15:49:06,963 - INFO - Updated participant status in PoloTrial for record_id=174-5: 540 -> 308
2026-09-14 15:49:06,966 - INFO - Successfully dispatched event: record_id=174-5, event_name=visita_unica_arm_1, repeat_instance=None
2026-09-14 15:51:03,052 - INFO - Shutting down webhooks for protocol Embrace
2026-09-14 15:51:19,183 - INFO - Webhook initialized for protocol Embrace
2026-09-14 16:00:09,307 - INFO - Shutting down webhooks for protocol Embrace
2026-09-14 16:00:45,959 - INFO - Webhook initialized for protocol Embrace
2026-09-14 16:00:46,024 - INFO - Received webhook from REDCap DET: project_id=49, username=eduardosoccasvri, instrument=modulo_idp_identificacao_da_paciente, record=174-5, redcap_event_name=visita_unica_arm_1, redcap_data_acess_group=, redcap_repeat_instance=None, redcap_repeat_instrument=None, redcap_url=https://svriglobal.org/redcap/, project_url=https://svriglobal.org/redcap/redcap_v17.3.10/index.php?pid=49
2026-09-14 16:00:46,191 - INFO - Dispatch runtime: pid=996740, module=/mnt/c/Users/Science/Documents/Python/integracao_embrace/src/integracao_embrace/dispatch.py, event_name='visita_unica_arm_1', instrument='modulo_idp_identificacao_da_paciente'
2026-09-14 16:00:46,192 - INFO - Dispatching to unique visit handles: visita_unica_arm_1
2026-09-14 16:00:47,049 - INFO - Debug redcap url: https://svriglobal.org/redcap/api/
2026-09-14 16:00:47,051 - INFO - Debug redcaptoken (First 3 chars): E9A...
2026-09-14 16:00:47,053 - INFO - Debug redcap status: 200
2026-09-14 16:00:47,054 - INFO - Debug redcap response (first 30 chars): [{"record":"174-5","redcap_eve
2026-09-14 16:00:47,056 - INFO - REDCap: filtering event=visita_unica_arm_1 by repeat_instance=None; response instances=['', '1']
2026-09-14 16:00:47,057 - INFO - REDCap: exported record 174-5 for event visita_unica_arm_1, repeat_instance=None, with 261 fields from 290 entries
2026-09-14 16:00:47,059 - INFO - Mapped gender:  ➡ None
2026-09-14 16:00:47,059 - INFO - Mapped site: SVRI Clínica Morumbi ➡ 47
2026-09-14 16:00:47,061 - INFO - Volunteer payload prepared: {'nome': '174-5', 'iniciais': 'SMDS', 'data_nascimento': '1966-04-19', 'sexo': None, 'email': '', 'data_inclusao': '2026-09-11', 'centro': '47', 'contatos': '11111111111'}
2026-09-14 16:00:47,629 - INFO - Polotrial: authentication succsssful
2026-09-14 16:00:47,838 - INFO - Volunteer 174-5 already exists in PoloTrial with ID: 3589
2026-09-14 16:00:47,839 - INFO - DEBUG: Searching protocol Embrace for site 47
2026-09-14 16:00:48,395 - INFO - Protocol found: Embrace with ID: 2381 (site=47)
2026-09-14 16:00:48,630 - INFO - DEBUG: Protocol Arm founded for the unique visit: ['Embrace ']
2026-09-14 16:00:48,630 - INFO - Arm matched: Embrace  with ID: 424
2026-09-14 16:00:49,458 - INFO - Participant found in PoloTrial with ID: 3578
2026-09-14 16:01:12,619 - INFO - Participant visits retrieved: 1, for participant ID: 3578
2026-09-14 16:01:12,620 - INFO - Looking for unique visit with name: Visita única among: ['Visita única']
2026-09-14 16:01:12,621 - INFO - Participant visit found: Visita única with ID: 44100
2026-09-14 16:01:12,787 - INFO - Unique visit already up to date (id=44100).
2026-09-14 16:01:13,088 - INFO - DEBUG: Available procedures in PoloTrial for unique visit: ['Módulo Identificação da Paciente ', 'Consulta Médica', 'Módulo Saúde', 'Módulo Menopausa', 'Questionário da Saúde da Mulher - WHQ', 'Questionário Short Form - SF-36', 'Questionário PHQ9', 'Questionário WPAI', 'Questionário GAD-7']
2026-09-14 16:01:13,089 - INFO -  - ID: 738611 | Procedure: Módulo Identificação da Paciente  | Appointment date: 2026-09-11T00:00:00.000Z | Check field: idp3=174-5 | Date field: idp4=2026-09-11
2026-09-14 16:01:13,090 - INFO -  - ID: 738612 | Procedure: Consulta Médica | Appointment date: 2026-09-11T00:00:00.000Z | Check field: cm_atendimento_dt=2026-09-11 | Date field: cm_atendimento_dt=2026-09-11
2026-09-14 16:01:13,091 - INFO -  - ID: 738613 | Procedure: Módulo Saúde | Appointment date: 2026-09-11T00:00:00.000Z | Check field: s0=2026-09-11 | Date field: s0=2026-09-11
2026-09-14 16:01:13,093 - INFO -  - ID: 738614 | Procedure: Módulo Menopausa | Appointment date: 2026-09-11T00:00:00.000Z | Check field: pm0=2026-09-11 | Date field: pm0=2026-09-11
2026-09-14 16:01:13,094 - INFO -  - ID: 738615 | Procedure: Questionário da Saúde da Mulher - WHQ | Appointment date: 2026-09-11T00:00:00.000Z | Check field: whq0=2026-09-11 | Date field: whq0=2026-09-11
2026-09-14 16:01:13,095 - INFO -  - ID: 738616 | Procedure: Questionário Short Form - SF-36 | Appointment date: 2026-09-11T00:00:00.000Z | Check field: sf36_0=2026-09-11 | Date field: sf36_0=2026-09-11
2026-09-14 16:01:13,096 - INFO -  - ID: 738617 | Procedure: Questionário PHQ9 | Appointment date: 2026-09-11T00:00:00.000Z | Check field: phq9_0=2026-09-11 | Date field: phq9_0=2026-09-11
2026-09-14 16:01:13,097 - INFO -  - ID: 738618 | Procedure: Questionário WPAI | Appointment date: 2026-09-11T00:00:00.000Z | Check field: wpai0=2026-09-11 | Date field: wpai0=2026-09-11
2026-09-14 16:01:13,098 - INFO -  - ID: 738619 | Procedure: Questionário GAD-7 | Appointment date: 2026-09-11T00:00:00.000Z | Check field: gad7_0=2026-09-11 | Date field: gad7_0=2026-09-11
2026-09-14 16:01:13,100 - INFO - DEBUG: Procedure mapping summary:
2026-09-14 16:01:13,100 - INFO -  1. Total procedures in PoloTrial for unique visit: 9
2026-09-14 16:01:13,101 - INFO -  2. Matched with REDCap mapping: 9
2026-09-14 16:01:13,102 - INFO -  3. Unmatched procedures: 0
2026-09-14 16:01:13,114 - INFO - No procedures to sync for pattern: M[oóOÓ]dulo\s+Identifica[cçCÇ][aãAÃ]o\s+da\s+Paciente
2026-09-14 16:01:13,118 - INFO - No procedures to sync for pattern: Consulta\s+M[eéEÉ]dica
2026-09-14 16:01:13,122 - INFO - No procedures to sync for pattern: M[oóOÓ]dulo\s+Sa[uúUÚ]de
2026-09-14 16:01:13,126 - INFO - No procedures to sync for pattern: M[oóOÓ]dulo\s+Menopausa
2026-09-14 16:01:13,134 - INFO - No procedures to sync for pattern: Question[aáAÁ]rio\s+da\s+Sa[uúUÚ]de\s+da\s+Mulher\s+-\s+WHQ
2026-09-14 16:01:13,137 - INFO - No procedures to sync for pattern: Question[aáAÁ]rio\s+Short\s+Form\s-\s+SF-36
2026-09-14 16:01:13,140 - INFO - No procedures to sync for pattern: Question[aáAÁ]rio\s+PHQ9
2026-09-14 16:01:13,143 - INFO - No procedures to sync for pattern: Question[aáAÁ]rio\s+WPAI
2026-09-14 16:01:13,148 - INFO - No procedures to sync for pattern: Question[aáAÁ]rio\s+GAD-7
2026-09-14 16:01:13,150 - INFO - Unique visit procedures synchronization completed. Total procedures synced: 0/9
2026-09-14 16:01:13,152 - INFO - Executor name from REDCap: Fabiane Berta
2026-09-14 16:01:13,409 - ERROR - Executor 'Fabiane Berta' not found in PoloTrial. Please ensure the executor exists in the system.
2026-09-14 16:01:13,410 - INFO - Unique visit synchronization completed for record_id=174-5, event_name=visita_unica_arm_1
2026-09-14 16:01:13,411 - INFO - Successfully dispatched event: record_id=174-5, event_name=visita_unica_arm_1, repeat_instance=None
2026-09-14 16:03:34,424 - INFO - Shutting down webhooks for protocol Embrace
2026-09-14 16:26:16,206 - INFO - Webhook initialized for protocol Embrace
2026-09-14 16:26:17,205 - INFO - Received webhook from REDCap DET: project_id=49, username=eduardosoccasvri, instrument=modulo_idp_identificacao_da_paciente, record=174-5, redcap_event_name=visita_unica_arm_1, redcap_data_acess_group=, redcap_repeat_instance=None, redcap_repeat_instrument=None, redcap_url=https://svriglobal.org/redcap/, project_url=https://svriglobal.org/redcap/redcap_v17.3.10/index.php?pid=49
2026-09-14 16:26:17,438 - INFO - Dispatch runtime: pid=1002605, module=/mnt/c/Users/Science/Documents/Python/integracao_embrace/src/integracao_embrace/dispatch.py, event_name='visita_unica_arm_1', instrument='modulo_idp_identificacao_da_paciente'
2026-09-14 16:26:17,440 - INFO - Dispatching to unique visit handles: visita_unica_arm_1
2026-09-14 16:26:18,294 - INFO - Debug redcap url: https://svriglobal.org/redcap/api/
2026-09-14 16:26:18,296 - INFO - Debug redcaptoken (First 3 chars): E9A...
2026-09-14 16:26:18,308 - INFO - Debug redcap status: 200
2026-09-14 16:26:18,312 - INFO - Debug redcap response (first 30 chars): [{"record":"174-5","redcap_eve
2026-09-14 16:26:18,315 - INFO - REDCap: filtering event=visita_unica_arm_1 by repeat_instance=None; response instances=['', '1']
2026-09-14 16:26:18,325 - INFO - REDCap: exported record 174-5 for event visita_unica_arm_1, repeat_instance=None, with 261 fields from 290 entries
2026-09-14 16:26:18,328 - INFO - Mapped gender:  ➡ None
2026-09-14 16:26:18,330 - INFO - Mapped site: SVRI Clínica Morumbi ➡ 47
2026-09-14 16:26:18,331 - INFO - Volunteer payload prepared: {'nome': '174-5', 'iniciais': 'SMDS', 'data_nascimento': '1966-04-19', 'sexo': None, 'email': '', 'data_inclusao': '2026-09-11', 'centro': '47', 'contatos': '11111111111'}
2026-09-14 16:26:21,932 - INFO - Polotrial: authentication succsssful
2026-09-14 16:26:24,163 - INFO - Volunteer 174-5 created in PoloTrial with ID: 3590
2026-09-14 16:26:24,164 - INFO - DEBUG: Searching protocol Embrace for site 47
2026-09-14 16:26:24,620 - INFO - Protocol found: Embrace with ID: 2381 (site=47)
2026-09-14 16:26:24,861 - INFO - DEBUG: Protocol Arm founded for the unique visit: ['Embrace ']
2026-09-14 16:26:24,862 - INFO - Arm matched: Embrace  with ID: 424
2026-09-14 16:26:25,644 - INFO - DEBUG: Sending participant payload to PoloTrial: 
{
  "co_voluntario": 3590,
  "co_protocolo": 2381,
  "data_inclusao": "2026-09-11",
  "data_randomizacao": "2026-09-11",
  "id_participante": "174-5",
  "numero_de_screening": "174-5",
  "numero_de_randomizacao": "174-5",
  "status_participante": "540",
  "co_braco": 424,
  "atualizar_agenda": "1",
  "apagar_visitas_pendentes": "0"
}
2026-09-14 16:26:31,703 - INFO - DEBUG: Participant created in PoloTrial: 
{
  "id": 3579,
  "apagar_visitas_pendentes": 0,
  "id_participante": "174-5",
  "numero_de_randomizacao": "174-5",
  "numero_de_screening": "174-5",
  "data_randomizacao": "2026-09-11",
  "co_protocolo": 2381,
  "atualizar_agenda": 1,
  "co_braco": 424,
  "data_inclusao": "2026-09-11",
  "status_participante": 540,
  "co_voluntario": "3590",
  "user_id_log": 196
}
2026-09-14 16:26:31,704 - INFO - Participant created in PoloTrial with ID: 3579
2026-09-14 16:26:52,392 - INFO - Participant visits retrieved: 1, for participant ID: 3579
2026-09-14 16:26:52,393 - INFO - Looking for unique visit with name: Visita única among: ['Visita única']
2026-09-14 16:26:52,394 - INFO - Participant visit found: Visita única with ID: 44101
2026-09-14 16:26:52,836 - INFO - Unique visit updated (id=44101) with payload: {
  "data_estimada": "2026-09-11",
  "data_realizada": "2026-09-11",
  "status": 20
}
2026-09-14 16:26:53,106 - INFO - DEBUG: Available procedures in PoloTrial for unique visit: ['Módulo Identificação da Paciente ', 'Consulta Médica', 'Módulo Saúde', 'Módulo Menopausa', 'Questionário da Saúde da Mulher - WHQ', 'Questionário Short Form - SF-36', 'Questionário PHQ9', 'Questionário WPAI', 'Questionário GAD-7']
2026-09-14 16:26:53,108 - INFO -  - ID: 738626 | Procedure: Módulo Identificação da Paciente  | Appointment date: None | Check field: idp3=174-5 | Date field: idp4=2026-09-11
2026-09-14 16:26:53,109 - INFO -  - ID: 738627 | Procedure: Consulta Médica | Appointment date: None | Check field: cm_atendimento_dt=2026-09-11 | Date field: cm_atendimento_dt=2026-09-11
2026-09-14 16:26:53,110 - INFO -  - ID: 738628 | Procedure: Módulo Saúde | Appointment date: None | Check field: s0=2026-09-11 | Date field: s0=2026-09-11
2026-09-14 16:26:53,111 - INFO -  - ID: 738629 | Procedure: Módulo Menopausa | Appointment date: None | Check field: pm0=2026-09-11 | Date field: pm0=2026-09-11
2026-09-14 16:26:53,112 - INFO -  - ID: 738630 | Procedure: Questionário da Saúde da Mulher - WHQ | Appointment date: None | Check field: whq0=2026-09-11 | Date field: whq0=2026-09-11
2026-09-14 16:26:53,113 - INFO -  - ID: 738631 | Procedure: Questionário Short Form - SF-36 | Appointment date: None | Check field: sf36_0=2026-09-11 | Date field: sf36_0=2026-09-11
2026-09-14 16:26:53,115 - INFO -  - ID: 738632 | Procedure: Questionário PHQ9 | Appointment date: None | Check field: phq9_0=2026-09-11 | Date field: phq9_0=2026-09-11
2026-09-14 16:26:53,117 - INFO -  - ID: 738633 | Procedure: Questionário WPAI | Appointment date: None | Check field: wpai0=2026-09-11 | Date field: wpai0=2026-09-11
2026-09-14 16:26:53,118 - INFO -  - ID: 738634 | Procedure: Questionário GAD-7 | Appointment date: None | Check field: gad7_0=2026-09-11 | Date field: gad7_0=2026-09-11
2026-09-14 16:26:53,118 - INFO - DEBUG: Procedure mapping summary:
2026-09-14 16:26:53,119 - INFO -  1. Total procedures in PoloTrial for unique visit: 9
2026-09-14 16:26:53,120 - INFO -  2. Matched with REDCap mapping: 9
2026-09-14 16:26:53,120 - INFO -  3. Unmatched procedures: 0
2026-09-14 16:26:55,821 - INFO - ✅ Synced procedure 'Módulo Identificação da Paciente ' (ID: 738626) with date: 2026-09-11
2026-09-14 16:26:56,059 - INFO - ✅ Synced procedure 'Consulta Médica' (ID: 738627) with date: 2026-09-11
2026-09-14 16:26:56,280 - INFO - ✅ Synced procedure 'Módulo Saúde' (ID: 738628) with date: 2026-09-11
2026-09-14 16:26:56,489 - INFO - ✅ Synced procedure 'Módulo Menopausa' (ID: 738629) with date: 2026-09-11
2026-09-14 16:26:56,691 - INFO - ✅ Synced procedure 'Questionário da Saúde da Mulher - WHQ' (ID: 738630) with date: 2026-09-11
2026-09-14 16:26:56,900 - INFO - ✅ Synced procedure 'Questionário Short Form - SF-36' (ID: 738631) with date: 2026-09-11
2026-09-14 16:26:57,135 - INFO - ✅ Synced procedure 'Questionário PHQ9' (ID: 738632) with date: 2026-09-11
2026-09-14 16:26:57,353 - INFO - ✅ Synced procedure 'Questionário WPAI' (ID: 738633) with date: 2026-09-11
2026-09-14 16:26:57,570 - INFO - ✅ Synced procedure 'Questionário GAD-7' (ID: 738634) with date: 2026-09-11
2026-09-14 16:26:57,571 - INFO - Unique visit procedures synchronization completed. Total procedures synced: 9/9
2026-09-14 16:26:57,572 - INFO - Executor name from REDCap: Fabiane Berta
2026-09-14 16:26:57,862 - ERROR - Executor 'Fabiane Berta' not found in PoloTrial. Please ensure the executor exists in the system.
2026-09-14 16:26:57,863 - INFO - Unique visit synchronization completed for record_id=174-5, event_name=visita_unica_arm_1
2026-09-14 16:26:57,864 - INFO - Successfully dispatched event: record_id=174-5, event_name=visita_unica_arm_1, repeat_instance=None
2026-09-14 16:28:02,397 - INFO - Received webhook from REDCap DET: project_id=49, username=eduardosoccasvri, instrument=status_do_participante, record=174-5, redcap_event_name=visita_unica_arm_1, redcap_data_acess_group=, redcap_repeat_instance=None, redcap_repeat_instrument=None, redcap_url=https://svriglobal.org/redcap/, project_url=https://svriglobal.org/redcap/redcap_v17.3.10/index.php?pid=49
2026-09-14 16:28:02,402 - INFO - Dispatch runtime: pid=1002605, module=/mnt/c/Users/Science/Documents/Python/integracao_embrace/src/integracao_embrace/dispatch.py, event_name='visita_unica_arm_1', instrument='status_do_participante'
2026-09-14 16:28:02,406 - INFO - Dispatching to unique visit handles: visita_unica_arm_1
2026-09-14 16:28:05,919 - INFO - Debug redcap url: https://svriglobal.org/redcap/api/
2026-09-14 16:28:05,921 - INFO - Debug redcaptoken (First 3 chars): E9A...
2026-09-14 16:28:05,926 - INFO - Debug redcap status: 200
2026-09-14 16:28:05,938 - INFO - Debug redcap response (first 30 chars): [{"record":"174-5","redcap_eve
2026-09-14 16:28:05,942 - INFO - REDCap: filtering event=visita_unica_arm_1 by repeat_instance=None; response instances=['', '1']
2026-09-14 16:28:05,944 - INFO - REDCap: exported record 174-5 for event visita_unica_arm_1, repeat_instance=None, with 261 fields from 290 entries
2026-09-14 16:28:05,969 - INFO - Mapped gender:  ➡ None
2026-09-14 16:28:05,970 - INFO - Mapped site: SVRI Clínica Morumbi ➡ 47
2026-09-14 16:28:05,971 - INFO - Volunteer payload prepared: {'nome': '174-5', 'iniciais': 'SMDS', 'data_nascimento': '1966-04-19', 'sexo': None, 'email': '', 'data_inclusao': '2026-09-11', 'centro': '47', 'contatos': '11111111111'}
2026-09-14 16:28:06,193 - INFO - Volunteer 174-5 already exists in PoloTrial with ID: 3590
2026-09-14 16:28:06,203 - INFO - DEBUG: Searching protocol Embrace for site 47
2026-09-14 16:28:06,679 - INFO - Protocol found: Embrace with ID: 2381 (site=47)
2026-09-14 16:28:06,915 - INFO - DEBUG: Protocol Arm founded for the unique visit: ['Embrace ']
2026-09-14 16:28:06,919 - INFO - Arm matched: Embrace  with ID: 424
2026-09-14 16:28:07,610 - INFO - Participant found in PoloTrial with ID: 3579
2026-09-14 16:28:28,270 - INFO - Participant visits retrieved: 1, for participant ID: 3579
2026-09-14 16:28:28,272 - INFO - Looking for unique visit with name: Visita única among: ['Visita única']
2026-09-14 16:28:28,274 - INFO - Participant visit found: Visita única with ID: 44101
2026-09-14 16:28:28,439 - INFO - Unique visit already up to date (id=44101).
2026-09-14 16:28:28,667 - INFO - DEBUG: Available procedures in PoloTrial for unique visit: ['Módulo Identificação da Paciente ', 'Consulta Médica', 'Módulo Saúde', 'Módulo Menopausa', 'Questionário da Saúde da Mulher - WHQ', 'Questionário Short Form - SF-36', 'Questionário PHQ9', 'Questionário WPAI', 'Questionário GAD-7']
2026-09-14 16:28:28,670 - INFO -  - ID: 738626 | Procedure: Módulo Identificação da Paciente  | Appointment date: 2026-09-11T00:00:00.000Z | Check field: idp3=174-5 | Date field: idp4=2026-09-11
2026-09-14 16:28:28,673 - INFO -  - ID: 738627 | Procedure: Consulta Médica | Appointment date: 2026-09-11T00:00:00.000Z | Check field: cm_atendimento_dt=2026-09-11 | Date field: cm_atendimento_dt=2026-09-11
2026-09-14 16:28:28,674 - INFO -  - ID: 738628 | Procedure: Módulo Saúde | Appointment date: 2026-09-11T00:00:00.000Z | Check field: s0=2026-09-11 | Date field: s0=2026-09-11
2026-09-14 16:28:28,676 - INFO -  - ID: 738629 | Procedure: Módulo Menopausa | Appointment date: 2026-09-11T00:00:00.000Z | Check field: pm0=2026-09-11 | Date field: pm0=2026-09-11
2026-09-14 16:28:28,678 - INFO -  - ID: 738630 | Procedure: Questionário da Saúde da Mulher - WHQ | Appointment date: 2026-09-11T00:00:00.000Z | Check field: whq0=2026-09-11 | Date field: whq0=2026-09-11
2026-09-14 16:28:28,684 - INFO -  - ID: 738631 | Procedure: Questionário Short Form - SF-36 | Appointment date: 2026-09-11T00:00:00.000Z | Check field: sf36_0=2026-09-11 | Date field: sf36_0=2026-09-11
2026-09-14 16:28:28,693 - INFO -  - ID: 738632 | Procedure: Questionário PHQ9 | Appointment date: 2026-09-11T00:00:00.000Z | Check field: phq9_0=2026-09-11 | Date field: phq9_0=2026-09-11
2026-09-14 16:28:28,696 - INFO -  - ID: 738633 | Procedure: Questionário WPAI | Appointment date: 2026-09-11T00:00:00.000Z | Check field: wpai0=2026-09-11 | Date field: wpai0=2026-09-11
2026-09-14 16:28:28,700 - INFO -  - ID: 738634 | Procedure: Questionário GAD-7 | Appointment date: 2026-09-11T00:00:00.000Z | Check field: gad7_0=2026-09-11 | Date field: gad7_0=2026-09-11
2026-09-14 16:28:28,702 - INFO - DEBUG: Procedure mapping summary:
2026-09-14 16:28:28,704 - INFO -  1. Total procedures in PoloTrial for unique visit: 9
2026-09-14 16:28:28,705 - INFO -  2. Matched with REDCap mapping: 9
2026-09-14 16:28:28,707 - INFO -  3. Unmatched procedures: 0
2026-09-14 16:28:28,715 - INFO - No procedures to sync for pattern: M[oóOÓ]dulo\s+Identifica[cçCÇ][aãAÃ]o\s+da\s+Paciente
2026-09-14 16:28:28,720 - INFO - No procedures to sync for pattern: Consulta\s+M[eéEÉ]dica
2026-09-14 16:28:28,727 - INFO - No procedures to sync for pattern: M[oóOÓ]dulo\s+Sa[uúUÚ]de
2026-09-14 16:28:28,730 - INFO - No procedures to sync for pattern: M[oóOÓ]dulo\s+Menopausa
2026-09-14 16:28:28,736 - INFO - No procedures to sync for pattern: Question[aáAÁ]rio\s+da\s+Sa[uúUÚ]de\s+da\s+Mulher\s+-\s+WHQ
2026-09-14 16:28:28,741 - INFO - No procedures to sync for pattern: Question[aáAÁ]rio\s+Short\s+Form\s-\s+SF-36
2026-09-14 16:28:28,749 - INFO - No procedures to sync for pattern: Question[aáAÁ]rio\s+PHQ9
2026-09-14 16:28:28,755 - INFO - No procedures to sync for pattern: Question[aáAÁ]rio\s+WPAI
2026-09-14 16:28:28,765 - INFO - No procedures to sync for pattern: Question[aáAÁ]rio\s+GAD-7
2026-09-14 16:28:28,766 - INFO - Unique visit procedures synchronization completed. Total procedures synced: 0/9
2026-09-14 16:28:28,769 - INFO - Executor name from REDCap: Fabiane Berta
2026-09-14 16:28:29,013 - ERROR - Executor 'Fabiane Berta' not found in PoloTrial. Please ensure the executor exists in the system.
2026-09-14 16:28:29,015 - INFO - Unique visit synchronization completed for record_id=174-5, event_name=visita_unica_arm_1
2026-09-14 16:28:29,017 - INFO - Dispatching to participant status update handler: instrument=status_do_participante
2026-09-14 16:28:29,804 - INFO - Debug redcap url: https://svriglobal.org/redcap/api/
2026-09-14 16:28:29,805 - INFO - Debug redcaptoken (First 3 chars): E9A...
2026-09-14 16:28:29,806 - INFO - Debug redcap status: 200
2026-09-14 16:28:29,807 - INFO - Debug redcap response (first 30 chars): [{"record":"174-5","redcap_eve
2026-09-14 16:28:29,809 - INFO - REDCap: filtering event=visita_unica_arm_1 by repeat_instance=None; response instances=['', '1']
2026-09-14 16:28:29,810 - INFO - REDCap: exported record 174-5 for event visita_unica_arm_1, repeat_instance=None, with 261 fields from 290 entries
2026-09-14 16:28:29,811 - INFO - Retrieved REDCap payload for record_id=174-5, event_name=visita_unica_arm_1: {'ae1': 'Sim', 'ae10': 'Não', 'ae11': 'Não', 'ae12': 'Não', 'ae13': 'Não', 'ae14': 'Não', 'ae2': 'Não Aplicável', 'ae3': 'Sim', 'ae4': 'Não', 'ae5': 'Não', 'ae6': 'Não', 'ae7': 'Não', 'ae8': 'Não', 'ae9': 'Não', 'asr1': '11', 'asr2': 'Não', 'asr3': '2014-12-10', 'asr4': 'Não', 'asr5': 'Sim', 'asr6': '48', 'cm_anamnese1': 'CM1. Descreva o processo de consentimento:\r\nFoi entregue à participante uma via do Termo de Consentimento Livre e Esclarecido (TCLE), sendo disponibilizado tempo adequado para que pudesse realizar a leitura e compreender todas as informações apresentadas no documento. A participante declarou não possuir dúvidas e confirmou estar de acordo com sua participação na pesquisa. As duas vias do TCLE foram devidamente rubricadas pela participante e por mim nas páginas 1 até 12. Uma via devidamente preenchida e assinada foi entregue à participante, permanecendo a outra via arquivada no centro de pesquisa.\r\n', 'cm_atendimento_dt': '2026-09-11', 'cm_dt_assinatura_tcle': '2026-09-11', 'cm_evolucao_executor': 'Fabiane Berta', 'cm_tcle_upload': '1593', 'cm_tclw_versao': 'v2', 'cm1': 'nao menstruar', 'cm10': 'Concordo', 'cm11': 'Concordo', 'cm12': 'sei muito pouco', 'cm13': 'Concordo totalmente', 'cm14': 'Discordo totalmente', 'cm15': 'Não sei opinar', 'cm16': 'Concordo totalmente', 'cm17': 'Não sei opinar', 'cm18': 'Concordo totalmente', 'cm19': 'Concordo', 'cm2': 'Pouco informado (a)', 'cm20': 'Concordo', 'cm21': 'Não sei opinar', 'cm22': 'Concordo', 'cm23': 'Não sei opinar', 'cm24': 'Não sei opinar', 'cm25': 'Concordo', 'cm26': 'Concordo', 'cm27': 'Não concordo', 'cm28': 'Concordo', 'cm29': 'Não sei opinar', 'cm3': 'Concordo', 'cm30': 'Não concordo', 'cm31': 'Concordo', 'cm32': 'Concordo', 'cm4': 'Não concordo', 'cm5': 'Concordo', 'cm6': 'Não concordo', 'cm7': 'Concordo', 'cm8': 'Não sei opinar', 'cm9': 'Concordo', 'gad7_0': '2026-09-11', 'glad7_1': 'Vários dias', 'glad7_2': 'Quase todos os dias', 'glad7_3': 'Mais da metade dos dias', 'glad7_4': 'Mais da metade dos dias', 'glad7_5': 'Nenhuma vez', 'glad7_6': 'Vários dias', 'glad7_7': 'Nenhuma vez', 'idp_faixa_etaria': '3', 'idp1': 'Silvia Maria da Silva', 'idp3': '174-5', 'idp4': '2026-09-11', 'idp5': '60', 'idp6': '1966-04-19', 'idp7': 'SVRI Clínica Morumbi', 'idp8': '26', 'idp9': 'SP', 'mdulo_cm_consulta_mdica_complete': 'Complete', 'modulo_do_participante_complete': 'Complete', 'modulo_idp_identificacao_da_paciente_complete': 'Complete', 'modulo_m_menopausa_complete': 'Complete', 'modulo_participante_dt': '2026-09-11', 'modulo_s_saude_complete': 'Complete', 'modulo_whq_questionario_da_saude_da_mulher_complete': 'Complete', 'mpc1': 'Nunca consultei', 'mpc2': '2c', 'mpc3': '3', 'mpc4': 'Aumento de rugas finas ou profundas', 'mpc5': 'Aumento de rugas finas ou profundas', 'mpc6': 'Ressecamento ou perda de brilho dos fios', 'mpc7': 'Ressecamento ou perda de brilho dos fios', 'mpc8': 'Não', 'phq9_0': '2026-09-11', 'phq9_1': 'Nenhuma vez', 'phq9_10': 'Nenhuma dificuldade', 'phq9_2': 'Nenhuma vez', 'phq9_3': 'Vários dias', 'phq9_4': 'Vários dias', 'phq9_5': 'Vários dias', 'phq9_6': 'Nenhuma vez', 'phq9_7': 'Vários dias', 'phq9_8': 'Nenhuma vez', 'phq9_9': 'Nenhuma vez', 'pm0': '2026-09-11', 'pm1': 'Concordo', 'pm2': 'Concordo', 'pm3': 'Concordo', 'pm4': 'Discordo', 'pm5': 'Concordo parcialmente', 'pm6': 'Neutro', 'qsm1': 'Não, raramente', 'qsm10': 'Sim, com certeza', 'qsm11': 'Sim, às vezes', 'qsm12': 'Sim, às vezes', 'qsm13': 'Não, absolutamente', 'qsm14': 'Sim, às vezes', 'qsm15': 'Sim, com certeza', 'qsm16': 'Não, absolutamente', 'qsm17': 'Não, absolutamente', 'qsm18': 'Sim, às vezes', 'qsm19': 'Sim, às vezes', 'qsm2': 'Não, absolutamente', 'qsm20': 'Não, raramente', 'qsm21': 'Sim, às vezes', 'qsm22': 'Não, raramente', 'qsm23': 'Não, absolutamente', 'qsm24': 'Sim, às vezes', 'qsm25': 'Sim, às vezes', 'qsm26': 'NA', 'qsm27': 'Sim, às vezes', 'qsm28': 'Sim, às vezes', 'qsm29': 'Sim, com certeza', 'qsm3': 'Não, raramente', 'qsm30': 'Não, absolutamente', 'qsm31': 'Não, raramente', 'qsm32': 'Não, raramente', 'qsm33': 'Sim, com certeza', 'qsm34': 'Sim, às vezes', 'qsm35': 'Sim, às vezes', 'qsm36': 'Sim, às vezes', 'qsm37': 'Sim, Quais?', 'qsm37_1': 'Esquecimento', 'qsm4': 'Não, absolutamente', 'qsm5': 'Não, raramente', 'qsm6': 'Não, absolutamente', 'qsm7': 'Sim, com certeza', 'qsm8': 'Não, absolutamente', 'qsm9': 'Sim, às vezes', 's0': '2026-09-11', 's1_1': '96.7', 's1_2': '1.60', 's10': 'Sim', 's11': 'Outra (as) doença (as) crônica (as)?', 's11_3': 'pre diabetes - hipotiroidismo', 's12': 'Não', 's13': 'Não', 's14': 'Não.', 's15': 'Sim', 's16': 'Hipoglicemiantes - para diabetes do tipo 2 (ex.: metformina, glibenclamida)', 's17': 'Não', 's18': 'Não', 's2': '106', 's22': 'Não', 's23': 'Não', 's28': 'Menos de um vez por mês', 's29': '0.1', 's3': '123', 's3_1': '11513.25', 's3_2': '0.8617886178861789', 's3_3': '9919.5', 's30': '2-3 latas cerveja - 1-2 tacas de vinho ', 's31': 'Não', 's32': 'Não', 's4': '133', 's5': '74', 's6': 'Regular', 's7': '377734.38', 's7_1': 'Sim, qual(is)', 's7_2': 'Outra', 's8_1': 'UNK', 's8_10': 'UNK', 's8_11': 'UNK', 's8_12': '128', 's8_13': '0', 's8_2': '1.20', 's8_3': 'UNK', 's8_4': 'UNK', 's8_5': 'UNK', 's8_6': 'UNK', 's8_7': '194', 's8_8': '103', 's8_9': '70', 's9_1': 'Sim, qual(is)?', 's9_2': 'Hipertensão arterial', 'sc1_1': 'Alterações de humor', 'sd1': 'União Estável (convivência)', 'sd2': 'Pós-graduação', 'sd3': 'Branca', 'sd4': 'Sim', 'sd5': '1', 'sd6': '2', 'sd7': '2', 'se1': '1', 'se10': '0', 'se11': '0', 'se12': '0', 'se13': 'Rede Geral de Distribuição', 'se14': 'Pós-graduação', 'se15': 'SUS (Sistema Único de Saúde)', 'se2': '1', 'se3': '4 ou mais', 'se4': '3', 'se5': '1', 'se6': '0', 'se7': '2', 'se8': '0', 'se9': '1', 'sf36_0': '2026-09-11', 'sf36_1': 'Boa', 'sf36_10': 'Não, não dificulta de modo algum', 'sf36_11': 'Não, não dificulta de modo algum', 'sf36_12': 'Não, não dificulta de modo algum', 'sf36_13': 'Não', 'sf36_14': 'Não', 'sf36_15': 'Não', 'sf36_16': 'Não', 'sf36_17': 'Não', 'sf36_18': 'Não', 'sf36_19': 'Não', 'sf36_2': 'Quase a mesma', 'sf36_20': 'Ligeiramente', 'sf36_21': 'Leve', 'sf36_22': 'Ligeiramente', 'sf36_23': 'Uma boa parte do tempo', 'sf36_24': 'Uma pequena parte do tempo', 'sf36_25': 'Nunca', 'sf36_26': 'Uma boa parte do tempo', 'sf36_27': 'Alguma parte do tempo', 'sf36_28': 'Uma pequena parte do tempo', 'sf36_29': 'Uma pequena parte do tempo', 'sf36_3': 'Sim, dificulta um pouco', 'sf36_30': 'Uma boa parte do tempo', 'sf36_31': 'Uma boa parte do tempo', 'sf36_32': 'Nenhuma parte do tempo', 'sf36_33': 'Definitivamente falso', 'sf36_34': 'A maioria das vezes verdadeiro', 'sf36_35': 'Definitivamente falso', 'sf36_36': 'A maioria das vezes verdadeiro', 'sf36_4': 'Não, não dificulta de modo algum', 'sf36_5': 'Não, não dificulta de modo algum', 'sf36_6': 'Sim, dificulta um pouco', 'sf36_7': 'Não, não dificulta de modo algum', 'sf36_8': 'Não, não dificulta de modo algum', 'sf36_9': 'Não, não dificulta de modo algum', 'status_do_participante_complete': 'Complete', 'status_participante': 'Concluído', 'status_participante_dt': '2026-09-11', 'survey_sc1_1': 'Alterações de humor', 'trh1': 'Não', 'whq0': '2026-09-11', 'wpai0': '2026-09-11', 'wpai1': 'Não', 'wpai6': '2'}
2026-09-14 16:28:30,134 - INFO - Debug redcap url: https://svriglobal.org/redcap/api/
2026-09-14 16:28:30,136 - INFO - Debug redcaptoken (First 3 chars): E9A...
2026-09-14 16:28:30,137 - INFO - Debug redcap status: 200
2026-09-14 16:28:30,138 - INFO - Debug redcap response (first 30 chars): [{"record":"174-5","redcap_eve
2026-09-14 16:28:30,139 - INFO - REDCap: filtering event=visita_unica_arm_1 by repeat_instance=None; response instances=['', '1']
2026-09-14 16:28:30,140 - INFO - REDCap: exported record 174-5 for event visita_unica_arm_1, repeat_instance=None, with 261 fields from 290 entries
2026-09-14 16:28:30,333 - INFO - Found volunteer in PoloTrial: record_id=174-5, volunteer_code=3590
2026-09-14 16:28:30,769 - INFO - Found protocol in PoloTrial: site_code=47, protocol_nickname=Embrace, protocol_code=2381
2026-09-14 16:28:31,422 - INFO - Found participant in PoloTrial: volunteer_code=3590, protocol_code=2381, participant_code=3579
2026-09-14 16:28:31,428 - INFO - Mapped REDCap status=Concluído to PoloTrial status_code=308 for record_id=174-5
2026-09-14 16:28:32,348 - INFO - Updated participant status in PoloTrial for record_id=174-5: 540 -> 308
2026-09-14 16:28:32,350 - INFO - Successfully dispatched event: record_id=174-5, event_name=visita_unica_arm_1, repeat_instance=None
2026-09-14 16:30:25,846 - INFO - Received webhook from REDCap DET: project_id=49, username=eduardosoccasvri, instrument=modulo_idp_identificacao_da_paciente, record=174-5, redcap_event_name=visita_unica_arm_1, redcap_data_acess_group=, redcap_repeat_instance=None, redcap_repeat_instrument=None, redcap_url=https://svriglobal.org/redcap/, project_url=https://svriglobal.org/redcap/redcap_v17.3.10/index.php?pid=49
2026-09-14 16:30:25,851 - INFO - Dispatch runtime: pid=1002605, module=/mnt/c/Users/Science/Documents/Python/integracao_embrace/src/integracao_embrace/dispatch.py, event_name='visita_unica_arm_1', instrument='modulo_idp_identificacao_da_paciente'
2026-09-14 16:30:25,852 - INFO - Dispatching to unique visit handles: visita_unica_arm_1
2026-09-14 16:30:26,705 - INFO - Debug redcap url: https://svriglobal.org/redcap/api/
2026-09-14 16:30:26,707 - INFO - Debug redcaptoken (First 3 chars): E9A...
2026-09-14 16:30:26,708 - INFO - Debug redcap status: 200
2026-09-14 16:30:26,709 - INFO - Debug redcap response (first 30 chars): [{"record":"174-5","redcap_eve
2026-09-14 16:30:26,712 - INFO - REDCap: filtering event=visita_unica_arm_1 by repeat_instance=None; response instances=['', '1']
2026-09-14 16:30:26,713 - INFO - REDCap: exported record 174-5 for event visita_unica_arm_1, repeat_instance=None, with 261 fields from 290 entries
2026-09-14 16:30:26,714 - INFO - Mapped gender:  ➡ None
2026-09-14 16:30:26,715 - INFO - Mapped site: SVRI Clínica Morumbi ➡ 47
2026-09-14 16:30:26,716 - INFO - Volunteer payload prepared: {'nome': '174-5', 'iniciais': 'SMDS', 'data_nascimento': '1966-04-19', 'sexo': None, 'email': '', 'data_inclusao': '2026-09-11', 'centro': '47', 'contatos': '11111111111'}
2026-09-14 16:30:28,399 - INFO - Volunteer 174-5 created in PoloTrial with ID: 3591
2026-09-14 16:30:28,429 - INFO - DEBUG: Searching protocol Embrace for site 47
2026-09-14 16:30:29,286 - INFO - Protocol found: Embrace with ID: 2381 (site=47)
2026-09-14 16:30:29,506 - INFO - DEBUG: Protocol Arm founded for the unique visit: ['Embrace ']
2026-09-14 16:30:29,507 - INFO - Arm matched: Embrace  with ID: 424
2026-09-14 16:30:30,176 - INFO - DEBUG: Sending participant payload to PoloTrial: 
{
  "co_voluntario": 3591,
  "co_protocolo": 2381,
  "data_inclusao": "2026-09-11",
  "data_randomizacao": "2026-09-11",
  "id_participante": "174-5",
  "numero_de_screening": "174-5",
  "numero_de_randomizacao": "174-5",
  "status_participante": "540",
  "co_braco": 424,
  "atualizar_agenda": "1",
  "apagar_visitas_pendentes": "0"
}
2026-09-14 16:30:35,416 - INFO - DEBUG: Participant created in PoloTrial: 
{
  "id": 3580,
  "apagar_visitas_pendentes": 0,
  "id_participante": "174-5",
  "numero_de_randomizacao": "174-5",
  "numero_de_screening": "174-5",
  "data_randomizacao": "2026-09-11",
  "co_protocolo": 2381,
  "atualizar_agenda": 1,
  "co_braco": 424,
  "data_inclusao": "2026-09-11",
  "status_participante": 540,
  "co_voluntario": "3591",
  "user_id_log": 196
}
2026-09-14 16:30:35,417 - INFO - Participant created in PoloTrial with ID: 3580
2026-09-14 16:30:56,056 - INFO - Participant visits retrieved: 1, for participant ID: 3580
2026-09-14 16:30:56,057 - INFO - Looking for unique visit with name: Visita única among: ['Visita única']
2026-09-14 16:30:56,058 - INFO - Participant visit found: Visita única with ID: 44102
2026-09-14 16:30:56,479 - INFO - Unique visit updated (id=44102) with payload: {
  "data_estimada": "2026-09-11",
  "data_realizada": "2026-09-11",
  "status": 20
}
2026-09-14 16:30:59,270 - INFO - DEBUG: Available procedures in PoloTrial for unique visit: ['Módulo Identificação da Paciente ', 'Consulta Médica', 'Módulo Saúde', 'Módulo Menopausa', 'Questionário da Saúde da Mulher - WHQ', 'Questionário Short Form - SF-36', 'Questionário PHQ9', 'Questionário WPAI', 'Questionário GAD-7']
2026-09-14 16:30:59,273 - INFO -  - ID: 738641 | Procedure: Módulo Identificação da Paciente  | Appointment date: None | Check field: idp3=174-5 | Date field: idp4=2026-09-11
2026-09-14 16:30:59,276 - INFO -  - ID: 738642 | Procedure: Consulta Médica | Appointment date: None | Check field: cm_atendimento_dt=2026-09-11 | Date field: cm_atendimento_dt=2026-09-11
2026-09-14 16:30:59,279 - INFO -  - ID: 738643 | Procedure: Módulo Saúde | Appointment date: None | Check field: s0=2026-09-11 | Date field: s0=2026-09-11
2026-09-14 16:30:59,282 - INFO -  - ID: 738644 | Procedure: Módulo Menopausa | Appointment date: None | Check field: pm0=2026-09-11 | Date field: pm0=2026-09-11
2026-09-14 16:30:59,283 - INFO -  - ID: 738645 | Procedure: Questionário da Saúde da Mulher - WHQ | Appointment date: None | Check field: whq0=2026-09-11 | Date field: whq0=2026-09-11
2026-09-14 16:30:59,284 - INFO -  - ID: 738646 | Procedure: Questionário Short Form - SF-36 | Appointment date: None | Check field: sf36_0=2026-09-11 | Date field: sf36_0=2026-09-11
2026-09-14 16:30:59,286 - INFO -  - ID: 738647 | Procedure: Questionário PHQ9 | Appointment date: None | Check field: phq9_0=2026-09-11 | Date field: phq9_0=2026-09-11
2026-09-14 16:30:59,289 - INFO -  - ID: 738648 | Procedure: Questionário WPAI | Appointment date: None | Check field: wpai0=2026-09-11 | Date field: wpai0=2026-09-11
2026-09-14 16:30:59,295 - INFO -  - ID: 738649 | Procedure: Questionário GAD-7 | Appointment date: None | Check field: gad7_0=2026-09-11 | Date field: gad7_0=2026-09-11
2026-09-14 16:30:59,299 - INFO - DEBUG: Procedure mapping summary:
2026-09-14 16:30:59,302 - INFO -  1. Total procedures in PoloTrial for unique visit: 9
2026-09-14 16:30:59,307 - INFO -  2. Matched with REDCap mapping: 9
2026-09-14 16:30:59,310 - INFO -  3. Unmatched procedures: 0
2026-09-14 16:30:59,525 - INFO - ✅ Synced procedure 'Módulo Identificação da Paciente ' (ID: 738641) with date: 2026-09-11
2026-09-14 16:30:59,727 - INFO - ✅ Synced procedure 'Consulta Médica' (ID: 738642) with date: 2026-09-11
2026-09-14 16:30:59,949 - INFO - ✅ Synced procedure 'Módulo Saúde' (ID: 738643) with date: 2026-09-11
2026-09-14 16:31:00,167 - INFO - ✅ Synced procedure 'Módulo Menopausa' (ID: 738644) with date: 2026-09-11
2026-09-14 16:31:00,391 - INFO - ✅ Synced procedure 'Questionário da Saúde da Mulher - WHQ' (ID: 738645) with date: 2026-09-11
2026-09-14 16:31:00,648 - INFO - ✅ Synced procedure 'Questionário Short Form - SF-36' (ID: 738646) with date: 2026-09-11
2026-09-14 16:31:00,883 - INFO - ✅ Synced procedure 'Questionário PHQ9' (ID: 738647) with date: 2026-09-11
2026-09-14 16:31:01,125 - INFO - ✅ Synced procedure 'Questionário WPAI' (ID: 738648) with date: 2026-09-11
2026-09-14 16:31:01,358 - INFO - ✅ Synced procedure 'Questionário GAD-7' (ID: 738649) with date: 2026-09-11
2026-09-14 16:31:01,366 - INFO - Unique visit procedures synchronization completed. Total procedures synced: 9/9
2026-09-14 16:31:01,411 - INFO - Executor name from REDCap: Fabiane Berta
2026-09-14 16:31:01,763 - ERROR - Executor 'Fabiane Berta' not found in PoloTrial. Please ensure the executor exists in the system.
2026-09-14 16:31:01,768 - INFO - Unique visit synchronization completed for record_id=174-5, event_name=visita_unica_arm_1
2026-09-14 16:31:01,774 - INFO - Successfully dispatched event: record_id=174-5, event_name=visita_unica_arm_1, repeat_instance=None
2026-09-14 16:31:25,576 - INFO - Shutting down webhooks for protocol Embrace
2026-09-14 16:32:19,856 - INFO - Webhook initialized for protocol Embrace
2026-09-14 16:32:58,560 - INFO - Received webhook from REDCap DET: project_id=49, username=eduardosoccasvri, instrument=modulo_idp_identificacao_da_paciente, record=174-5, redcap_event_name=visita_unica_arm_1, redcap_data_acess_group=, redcap_repeat_instance=None, redcap_repeat_instrument=None, redcap_url=https://svriglobal.org/redcap/, project_url=https://svriglobal.org/redcap/redcap_v17.3.10/index.php?pid=49
2026-09-14 16:32:58,805 - INFO - Dispatch runtime: pid=1002959, module=/mnt/c/Users/Science/Documents/Python/integracao_embrace/src/integracao_embrace/dispatch.py, event_name='visita_unica_arm_1', instrument='modulo_idp_identificacao_da_paciente'
2026-09-14 16:32:58,806 - INFO - Dispatching to unique visit handles: visita_unica_arm_1
2026-09-14 16:32:59,722 - INFO - Debug redcap url: https://svriglobal.org/redcap/api/
2026-09-14 16:32:59,725 - INFO - Debug redcaptoken (First 3 chars): E9A...
2026-09-14 16:32:59,731 - INFO - Debug redcap status: 200
2026-09-14 16:32:59,735 - INFO - Debug redcap response (first 30 chars): [{"record":"174-5","redcap_eve
2026-09-14 16:32:59,739 - INFO - REDCap: filtering event=visita_unica_arm_1 by repeat_instance=None; response instances=['', '1']
2026-09-14 16:32:59,740 - INFO - REDCap: exported record 174-5 for event visita_unica_arm_1, repeat_instance=None, with 261 fields from 290 entries
2026-09-14 16:32:59,743 - INFO - Mapped gender:  ➡ None
2026-09-14 16:32:59,746 - INFO - Mapped site: SVRI Clínica Morumbi ➡ 47
2026-09-14 16:32:59,750 - INFO - Volunteer payload prepared: {'nome': '174-5', 'iniciais': 'SMDS', 'data_nascimento': '1966-04-19', 'sexo': None, 'email': '', 'data_inclusao': '2026-09-11', 'centro': '47', 'contatos': '11111111111'}
2026-09-14 16:33:00,735 - INFO - Polotrial: authentication succsssful
2026-09-14 16:33:02,352 - INFO - Volunteer 174-5 created in PoloTrial with ID: 3592
2026-09-14 16:33:02,356 - INFO - DEBUG: Searching protocol Embrace for site 47
2026-09-14 16:33:02,793 - INFO - Protocol found: Embrace with ID: 2381 (site=47)
2026-09-14 16:33:03,005 - INFO - DEBUG: Protocol Arm founded for the unique visit: ['Embrace ']
2026-09-14 16:33:03,006 - INFO - Arm matched: Embrace  with ID: 424
2026-09-14 16:33:03,639 - INFO - DEBUG: Sending participant payload to PoloTrial: 
{
  "co_voluntario": 3592,
  "co_protocolo": 2381,
  "data_inclusao": "2026-09-11",
  "data_randomizacao": "2026-09-11",
  "data_fim_tratamento": "2026-09-11",
  "id_participante": "174-5",
  "numero_de_screening": "174-5",
  "numero_de_randomizacao": "174-5",
  "status_participante": "540",
  "co_braco": 424,
  "atualizar_agenda": "1",
  "apagar_visitas_pendentes": "0"
}
2026-09-14 16:33:08,897 - INFO - DEBUG: Participant created in PoloTrial: 
{
  "id": 3581,
  "apagar_visitas_pendentes": 0,
  "data_fim_tratamento": "2026-09-11",
  "id_participante": "174-5",
  "numero_de_randomizacao": "174-5",
  "numero_de_screening": "174-5",
  "data_randomizacao": "2026-09-11",
  "co_protocolo": 2381,
  "atualizar_agenda": 1,
  "co_braco": 424,
  "data_inclusao": "2026-09-11",
  "status_participante": 540,
  "co_voluntario": "3592",
  "user_id_log": 196
}
2026-09-14 16:33:08,898 - INFO - Participant created in PoloTrial with ID: 3581
2026-09-14 16:33:32,246 - INFO - Participant visits retrieved: 1, for participant ID: 3581
2026-09-14 16:33:32,247 - INFO - Looking for unique visit with name: Visita única among: ['Visita única']
2026-09-14 16:33:32,249 - INFO - Participant visit found: Visita única with ID: 44103
2026-09-14 16:33:32,612 - INFO - Unique visit updated (id=44103) with payload: {
  "data_estimada": "2026-09-11",
  "data_realizada": "2026-09-11",
  "status": 20
}
2026-09-14 16:33:33,013 - INFO - DEBUG: Available procedures in PoloTrial for unique visit: ['Módulo Identificação da Paciente ', 'Consulta Médica', 'Módulo Saúde', 'Módulo Menopausa', 'Questionário da Saúde da Mulher - WHQ', 'Questionário Short Form - SF-36', 'Questionário PHQ9', 'Questionário WPAI', 'Questionário GAD-7']
2026-09-14 16:33:33,015 - INFO -  - ID: 738656 | Procedure: Módulo Identificação da Paciente  | Appointment date: None | Check field: idp3=174-5 | Date field: idp4=2026-09-11
2026-09-14 16:33:33,017 - INFO -  - ID: 738657 | Procedure: Consulta Médica | Appointment date: None | Check field: cm_atendimento_dt=2026-09-11 | Date field: cm_atendimento_dt=2026-09-11
2026-09-14 16:33:33,019 - INFO -  - ID: 738658 | Procedure: Módulo Saúde | Appointment date: None | Check field: s0=2026-09-11 | Date field: s0=2026-09-11
2026-09-14 16:33:33,021 - INFO -  - ID: 738659 | Procedure: Módulo Menopausa | Appointment date: None | Check field: pm0=2026-09-11 | Date field: pm0=2026-09-11
2026-09-14 16:33:33,023 - INFO -  - ID: 738660 | Procedure: Questionário da Saúde da Mulher - WHQ | Appointment date: None | Check field: whq0=2026-09-11 | Date field: whq0=2026-09-11
2026-09-14 16:33:33,025 - INFO -  - ID: 738661 | Procedure: Questionário Short Form - SF-36 | Appointment date: None | Check field: sf36_0=2026-09-11 | Date field: sf36_0=2026-09-11
2026-09-14 16:33:33,027 - INFO -  - ID: 738662 | Procedure: Questionário PHQ9 | Appointment date: None | Check field: phq9_0=2026-09-11 | Date field: phq9_0=2026-09-11
2026-09-14 16:33:33,029 - INFO -  - ID: 738663 | Procedure: Questionário WPAI | Appointment date: None | Check field: wpai0=2026-09-11 | Date field: wpai0=2026-09-11
2026-09-14 16:33:33,034 - INFO -  - ID: 738664 | Procedure: Questionário GAD-7 | Appointment date: None | Check field: gad7_0=2026-09-11 | Date field: gad7_0=2026-09-11
2026-09-14 16:33:33,036 - INFO - DEBUG: Procedure mapping summary:
2026-09-14 16:33:33,038 - INFO -  1. Total procedures in PoloTrial for unique visit: 9
2026-09-14 16:33:33,040 - INFO -  2. Matched with REDCap mapping: 9
2026-09-14 16:33:33,043 - INFO -  3. Unmatched procedures: 0
2026-09-14 16:33:33,247 - INFO - ✅ Synced procedure 'Módulo Identificação da Paciente ' (ID: 738656) with date: 2026-09-11
2026-09-14 16:33:33,433 - INFO - ✅ Synced procedure 'Consulta Médica' (ID: 738657) with date: 2026-09-11
2026-09-14 16:33:33,649 - INFO - ✅ Synced procedure 'Módulo Saúde' (ID: 738658) with date: 2026-09-11
2026-09-14 16:33:33,840 - INFO - ✅ Synced procedure 'Módulo Menopausa' (ID: 738659) with date: 2026-09-11
2026-09-14 16:33:34,078 - INFO - ✅ Synced procedure 'Questionário da Saúde da Mulher - WHQ' (ID: 738660) with date: 2026-09-11
2026-09-14 16:33:34,271 - INFO - ✅ Synced procedure 'Questionário Short Form - SF-36' (ID: 738661) with date: 2026-09-11
2026-09-14 16:33:34,471 - INFO - ✅ Synced procedure 'Questionário PHQ9' (ID: 738662) with date: 2026-09-11
2026-09-14 16:33:34,671 - INFO - ✅ Synced procedure 'Questionário WPAI' (ID: 738663) with date: 2026-09-11
2026-09-14 16:33:34,898 - INFO - ✅ Synced procedure 'Questionário GAD-7' (ID: 738664) with date: 2026-09-11
2026-09-14 16:33:34,899 - INFO - Unique visit procedures synchronization completed. Total procedures synced: 9/9
2026-09-14 16:33:34,901 - INFO - Executor name from REDCap: Fabiane Berta
2026-09-14 16:33:35,141 - ERROR - Executor 'Fabiane Berta' not found in PoloTrial. Please ensure the executor exists in the system.
2026-09-14 16:33:35,145 - INFO - Unique visit synchronization completed for record_id=174-5, event_name=visita_unica_arm_1
2026-09-14 16:33:35,148 - INFO - Successfully dispatched event: record_id=174-5, event_name=visita_unica_arm_1, repeat_instance=None
2026-09-14 16:33:56,921 - INFO - Received webhook from REDCap DET: project_id=49, username=eduardosoccasvri, instrument=status_do_participante, record=174-5, redcap_event_name=visita_unica_arm_1, redcap_data_acess_group=, redcap_repeat_instance=None, redcap_repeat_instrument=None, redcap_url=https://svriglobal.org/redcap/, project_url=https://svriglobal.org/redcap/redcap_v17.3.10/index.php?pid=49
2026-09-14 16:33:56,929 - INFO - Dispatch runtime: pid=1002959, module=/mnt/c/Users/Science/Documents/Python/integracao_embrace/src/integracao_embrace/dispatch.py, event_name='visita_unica_arm_1', instrument='status_do_participante'
2026-09-14 16:33:56,930 - INFO - Dispatching to unique visit handles: visita_unica_arm_1
2026-09-14 16:33:57,787 - INFO - Debug redcap url: https://svriglobal.org/redcap/api/
2026-09-14 16:33:57,788 - INFO - Debug redcaptoken (First 3 chars): E9A...
2026-09-14 16:33:57,789 - INFO - Debug redcap status: 200
2026-09-14 16:33:57,792 - INFO - Debug redcap response (first 30 chars): [{"record":"174-5","redcap_eve
2026-09-14 16:33:57,795 - INFO - REDCap: filtering event=visita_unica_arm_1 by repeat_instance=None; response instances=['', '1']
2026-09-14 16:33:57,797 - INFO - REDCap: exported record 174-5 for event visita_unica_arm_1, repeat_instance=None, with 261 fields from 290 entries
2026-09-14 16:33:57,798 - INFO - Mapped gender:  ➡ None
2026-09-14 16:33:57,800 - INFO - Mapped site: SVRI Clínica Morumbi ➡ 47
2026-09-14 16:33:57,802 - INFO - Volunteer payload prepared: {'nome': '174-5', 'iniciais': 'SMDS', 'data_nascimento': '1966-04-19', 'sexo': None, 'email': '', 'data_inclusao': '2026-09-11', 'centro': '47', 'contatos': '11111111111'}
2026-09-14 16:33:58,033 - INFO - Volunteer 174-5 already exists in PoloTrial with ID: 3592
2026-09-14 16:33:58,092 - INFO - DEBUG: Searching protocol Embrace for site 47
2026-09-14 16:33:58,616 - INFO - Protocol found: Embrace with ID: 2381 (site=47)
2026-09-14 16:33:58,995 - INFO - DEBUG: Protocol Arm founded for the unique visit: ['Embrace ']
2026-09-14 16:33:59,004 - INFO - Arm matched: Embrace  with ID: 424
2026-09-14 16:33:59,733 - INFO - Participant found in PoloTrial with ID: 3581
2026-09-14 16:34:20,372 - INFO - Participant visits retrieved: 1, for participant ID: 3581
2026-09-14 16:34:20,373 - INFO - Looking for unique visit with name: Visita única among: ['Visita única']
2026-09-14 16:34:20,375 - INFO - Participant visit found: Visita única with ID: 44103
2026-09-14 16:34:20,565 - INFO - Unique visit already up to date (id=44103).
2026-09-14 16:34:20,822 - INFO - DEBUG: Available procedures in PoloTrial for unique visit: ['Módulo Identificação da Paciente ', 'Consulta Médica', 'Módulo Saúde', 'Módulo Menopausa', 'Questionário da Saúde da Mulher - WHQ', 'Questionário Short Form - SF-36', 'Questionário PHQ9', 'Questionário WPAI', 'Questionário GAD-7']
2026-09-14 16:34:20,825 - INFO -  - ID: 738656 | Procedure: Módulo Identificação da Paciente  | Appointment date: 2026-09-11T00:00:00.000Z | Check field: idp3=174-5 | Date field: idp4=2026-09-11
2026-09-14 16:34:20,827 - INFO -  - ID: 738657 | Procedure: Consulta Médica | Appointment date: 2026-09-11T00:00:00.000Z | Check field: cm_atendimento_dt=2026-09-11 | Date field: cm_atendimento_dt=2026-09-11
2026-09-14 16:34:20,836 - INFO -  - ID: 738658 | Procedure: Módulo Saúde | Appointment date: 2026-09-11T00:00:00.000Z | Check field: s0=2026-09-11 | Date field: s0=2026-09-11
2026-09-14 16:34:20,840 - INFO -  - ID: 738659 | Procedure: Módulo Menopausa | Appointment date: 2026-09-11T00:00:00.000Z | Check field: pm0=2026-09-11 | Date field: pm0=2026-09-11
2026-09-14 16:34:20,842 - INFO -  - ID: 738660 | Procedure: Questionário da Saúde da Mulher - WHQ | Appointment date: 2026-09-11T00:00:00.000Z | Check field: whq0=2026-09-11 | Date field: whq0=2026-09-11
2026-09-14 16:34:20,846 - INFO -  - ID: 738661 | Procedure: Questionário Short Form - SF-36 | Appointment date: 2026-09-11T00:00:00.000Z | Check field: sf36_0=2026-09-11 | Date field: sf36_0=2026-09-11
2026-09-14 16:34:20,847 - INFO -  - ID: 738662 | Procedure: Questionário PHQ9 | Appointment date: 2026-09-11T00:00:00.000Z | Check field: phq9_0=2026-09-11 | Date field: phq9_0=2026-09-11
2026-09-14 16:34:20,849 - INFO -  - ID: 738663 | Procedure: Questionário WPAI | Appointment date: 2026-09-11T00:00:00.000Z | Check field: wpai0=2026-09-11 | Date field: wpai0=2026-09-11
2026-09-14 16:34:20,851 - INFO -  - ID: 738664 | Procedure: Questionário GAD-7 | Appointment date: 2026-09-11T00:00:00.000Z | Check field: gad7_0=2026-09-11 | Date field: gad7_0=2026-09-11
2026-09-14 16:34:20,852 - INFO - DEBUG: Procedure mapping summary:
2026-09-14 16:34:20,853 - INFO -  1. Total procedures in PoloTrial for unique visit: 9
2026-09-14 16:34:20,856 - INFO -  2. Matched with REDCap mapping: 9
2026-09-14 16:34:20,858 - INFO -  3. Unmatched procedures: 0
2026-09-14 16:34:20,864 - INFO - No procedures to sync for pattern: M[oóOÓ]dulo\s+Identifica[cçCÇ][aãAÃ]o\s+da\s+Paciente
2026-09-14 16:34:20,873 - INFO - No procedures to sync for pattern: Consulta\s+M[eéEÉ]dica
2026-09-14 16:34:20,881 - INFO - No procedures to sync for pattern: M[oóOÓ]dulo\s+Sa[uúUÚ]de
2026-09-14 16:34:20,885 - INFO - No procedures to sync for pattern: M[oóOÓ]dulo\s+Menopausa
2026-09-14 16:34:20,896 - INFO - No procedures to sync for pattern: Question[aáAÁ]rio\s+da\s+Sa[uúUÚ]de\s+da\s+Mulher\s+-\s+WHQ
2026-09-14 16:34:20,902 - INFO - No procedures to sync for pattern: Question[aáAÁ]rio\s+Short\s+Form\s-\s+SF-36
2026-09-14 16:34:20,914 - INFO - No procedures to sync for pattern: Question[aáAÁ]rio\s+PHQ9
2026-09-14 16:34:20,920 - INFO - No procedures to sync for pattern: Question[aáAÁ]rio\s+WPAI
2026-09-14 16:34:20,925 - INFO - No procedures to sync for pattern: Question[aáAÁ]rio\s+GAD-7
2026-09-14 16:34:20,929 - INFO - Unique visit procedures synchronization completed. Total procedures synced: 0/9
2026-09-14 16:34:20,934 - INFO - Executor name from REDCap: Fabiane Berta
2026-09-14 16:34:21,174 - ERROR - Executor 'Fabiane Berta' not found in PoloTrial. Please ensure the executor exists in the system.
2026-09-14 16:34:21,176 - INFO - Unique visit synchronization completed for record_id=174-5, event_name=visita_unica_arm_1
2026-09-14 16:34:21,177 - INFO - Dispatching to participant status update handler: instrument=status_do_participante
2026-09-14 16:34:22,054 - INFO - Debug redcap url: https://svriglobal.org/redcap/api/
2026-09-14 16:34:22,057 - INFO - Debug redcaptoken (First 3 chars): E9A...
2026-09-14 16:34:22,060 - INFO - Debug redcap status: 200
2026-09-14 16:34:22,062 - INFO - Debug redcap response (first 30 chars): [{"record":"174-5","redcap_eve
2026-09-14 16:34:22,065 - INFO - REDCap: filtering event=visita_unica_arm_1 by repeat_instance=None; response instances=['', '1']
2026-09-14 16:34:22,067 - INFO - REDCap: exported record 174-5 for event visita_unica_arm_1, repeat_instance=None, with 261 fields from 290 entries
2026-09-14 16:34:22,069 - INFO - Retrieved REDCap payload for record_id=174-5, event_name=visita_unica_arm_1: {'ae1': 'Sim', 'ae10': 'Não', 'ae11': 'Não', 'ae12': 'Não', 'ae13': 'Não', 'ae14': 'Não', 'ae2': 'Não Aplicável', 'ae3': 'Sim', 'ae4': 'Não', 'ae5': 'Não', 'ae6': 'Não', 'ae7': 'Não', 'ae8': 'Não', 'ae9': 'Não', 'asr1': '11', 'asr2': 'Não', 'asr3': '2014-12-10', 'asr4': 'Não', 'asr5': 'Sim', 'asr6': '48', 'cm_anamnese1': 'CM1. Descreva o processo de consentimento:\r\nFoi entregue à participante uma via do Termo de Consentimento Livre e Esclarecido (TCLE), sendo disponibilizado tempo adequado para que pudesse realizar a leitura e compreender todas as informações apresentadas no documento. A participante declarou não possuir dúvidas e confirmou estar de acordo com sua participação na pesquisa. As duas vias do TCLE foram devidamente rubricadas pela participante e por mim nas páginas 1 até 12. Uma via devidamente preenchida e assinada foi entregue à participante, permanecendo a outra via arquivada no centro de pesquisa.\r\n', 'cm_atendimento_dt': '2026-09-11', 'cm_dt_assinatura_tcle': '2026-09-11', 'cm_evolucao_executor': 'Fabiane Berta', 'cm_tcle_upload': '1593', 'cm_tclw_versao': 'v2', 'cm1': 'nao menstruar', 'cm10': 'Concordo', 'cm11': 'Concordo', 'cm12': 'sei muito pouco', 'cm13': 'Concordo totalmente', 'cm14': 'Discordo totalmente', 'cm15': 'Não sei opinar', 'cm16': 'Concordo totalmente', 'cm17': 'Não sei opinar', 'cm18': 'Concordo totalmente', 'cm19': 'Concordo', 'cm2': 'Pouco informado (a)', 'cm20': 'Concordo', 'cm21': 'Não sei opinar', 'cm22': 'Concordo', 'cm23': 'Não sei opinar', 'cm24': 'Não sei opinar', 'cm25': 'Concordo', 'cm26': 'Concordo', 'cm27': 'Não concordo', 'cm28': 'Concordo', 'cm29': 'Não sei opinar', 'cm3': 'Concordo', 'cm30': 'Não concordo', 'cm31': 'Concordo', 'cm32': 'Concordo', 'cm4': 'Não concordo', 'cm5': 'Concordo', 'cm6': 'Não concordo', 'cm7': 'Concordo', 'cm8': 'Não sei opinar', 'cm9': 'Concordo', 'gad7_0': '2026-09-11', 'glad7_1': 'Vários dias', 'glad7_2': 'Quase todos os dias', 'glad7_3': 'Mais da metade dos dias', 'glad7_4': 'Mais da metade dos dias', 'glad7_5': 'Nenhuma vez', 'glad7_6': 'Vários dias', 'glad7_7': 'Nenhuma vez', 'idp_faixa_etaria': '3', 'idp1': 'Silvia Maria da Silva', 'idp3': '174-5', 'idp4': '2026-09-11', 'idp5': '60', 'idp6': '1966-04-19', 'idp7': 'SVRI Clínica Morumbi', 'idp8': '26', 'idp9': 'SP', 'mdulo_cm_consulta_mdica_complete': 'Complete', 'modulo_do_participante_complete': 'Complete', 'modulo_idp_identificacao_da_paciente_complete': 'Complete', 'modulo_m_menopausa_complete': 'Complete', 'modulo_participante_dt': '2026-09-11', 'modulo_s_saude_complete': 'Complete', 'modulo_whq_questionario_da_saude_da_mulher_complete': 'Complete', 'mpc1': 'Nunca consultei', 'mpc2': '2c', 'mpc3': '3', 'mpc4': 'Aumento de rugas finas ou profundas', 'mpc5': 'Aumento de rugas finas ou profundas', 'mpc6': 'Ressecamento ou perda de brilho dos fios', 'mpc7': 'Ressecamento ou perda de brilho dos fios', 'mpc8': 'Não', 'phq9_0': '2026-09-11', 'phq9_1': 'Nenhuma vez', 'phq9_10': 'Nenhuma dificuldade', 'phq9_2': 'Nenhuma vez', 'phq9_3': 'Vários dias', 'phq9_4': 'Vários dias', 'phq9_5': 'Vários dias', 'phq9_6': 'Nenhuma vez', 'phq9_7': 'Vários dias', 'phq9_8': 'Nenhuma vez', 'phq9_9': 'Nenhuma vez', 'pm0': '2026-09-11', 'pm1': 'Concordo', 'pm2': 'Concordo', 'pm3': 'Concordo', 'pm4': 'Discordo', 'pm5': 'Concordo parcialmente', 'pm6': 'Neutro', 'qsm1': 'Não, raramente', 'qsm10': 'Sim, com certeza', 'qsm11': 'Sim, às vezes', 'qsm12': 'Sim, às vezes', 'qsm13': 'Não, absolutamente', 'qsm14': 'Sim, às vezes', 'qsm15': 'Sim, com certeza', 'qsm16': 'Não, absolutamente', 'qsm17': 'Não, absolutamente', 'qsm18': 'Sim, às vezes', 'qsm19': 'Sim, às vezes', 'qsm2': 'Não, absolutamente', 'qsm20': 'Não, raramente', 'qsm21': 'Sim, às vezes', 'qsm22': 'Não, raramente', 'qsm23': 'Não, absolutamente', 'qsm24': 'Sim, às vezes', 'qsm25': 'Sim, às vezes', 'qsm26': 'NA', 'qsm27': 'Sim, às vezes', 'qsm28': 'Sim, às vezes', 'qsm29': 'Sim, com certeza', 'qsm3': 'Não, raramente', 'qsm30': 'Não, absolutamente', 'qsm31': 'Não, raramente', 'qsm32': 'Não, raramente', 'qsm33': 'Sim, com certeza', 'qsm34': 'Sim, às vezes', 'qsm35': 'Sim, às vezes', 'qsm36': 'Sim, às vezes', 'qsm37': 'Sim, Quais?', 'qsm37_1': 'Esquecimento', 'qsm4': 'Não, absolutamente', 'qsm5': 'Não, raramente', 'qsm6': 'Não, absolutamente', 'qsm7': 'Sim, com certeza', 'qsm8': 'Não, absolutamente', 'qsm9': 'Sim, às vezes', 's0': '2026-09-11', 's1_1': '96.7', 's1_2': '1.60', 's10': 'Sim', 's11': 'Outra (as) doença (as) crônica (as)?', 's11_3': 'pre diabetes - hipotiroidismo', 's12': 'Não', 's13': 'Não', 's14': 'Não.', 's15': 'Sim', 's16': 'Hipoglicemiantes - para diabetes do tipo 2 (ex.: metformina, glibenclamida)', 's17': 'Não', 's18': 'Não', 's2': '106', 's22': 'Não', 's23': 'Não', 's28': 'Menos de um vez por mês', 's29': '0.1', 's3': '123', 's3_1': '11513.25', 's3_2': '0.8617886178861789', 's3_3': '9919.5', 's30': '2-3 latas cerveja - 1-2 tacas de vinho ', 's31': 'Não', 's32': 'Não', 's4': '133', 's5': '74', 's6': 'Regular', 's7': '377734.38', 's7_1': 'Sim, qual(is)', 's7_2': 'Outra', 's8_1': 'UNK', 's8_10': 'UNK', 's8_11': 'UNK', 's8_12': '128', 's8_13': '0', 's8_2': '1.20', 's8_3': 'UNK', 's8_4': 'UNK', 's8_5': 'UNK', 's8_6': 'UNK', 's8_7': '194', 's8_8': '103', 's8_9': '70', 's9_1': 'Sim, qual(is)?', 's9_2': 'Hipertensão arterial', 'sc1_1': 'Alterações de humor', 'sd1': 'União Estável (convivência)', 'sd2': 'Pós-graduação', 'sd3': 'Branca', 'sd4': 'Sim', 'sd5': '1', 'sd6': '2', 'sd7': '2', 'se1': '1', 'se10': '0', 'se11': '0', 'se12': '0', 'se13': 'Rede Geral de Distribuição', 'se14': 'Pós-graduação', 'se15': 'SUS (Sistema Único de Saúde)', 'se2': '1', 'se3': '4 ou mais', 'se4': '3', 'se5': '1', 'se6': '0', 'se7': '2', 'se8': '0', 'se9': '1', 'sf36_0': '2026-09-11', 'sf36_1': 'Boa', 'sf36_10': 'Não, não dificulta de modo algum', 'sf36_11': 'Não, não dificulta de modo algum', 'sf36_12': 'Não, não dificulta de modo algum', 'sf36_13': 'Não', 'sf36_14': 'Não', 'sf36_15': 'Não', 'sf36_16': 'Não', 'sf36_17': 'Não', 'sf36_18': 'Não', 'sf36_19': 'Não', 'sf36_2': 'Quase a mesma', 'sf36_20': 'Ligeiramente', 'sf36_21': 'Leve', 'sf36_22': 'Ligeiramente', 'sf36_23': 'Uma boa parte do tempo', 'sf36_24': 'Uma pequena parte do tempo', 'sf36_25': 'Nunca', 'sf36_26': 'Uma boa parte do tempo', 'sf36_27': 'Alguma parte do tempo', 'sf36_28': 'Uma pequena parte do tempo', 'sf36_29': 'Uma pequena parte do tempo', 'sf36_3': 'Sim, dificulta um pouco', 'sf36_30': 'Uma boa parte do tempo', 'sf36_31': 'Uma boa parte do tempo', 'sf36_32': 'Nenhuma parte do tempo', 'sf36_33': 'Definitivamente falso', 'sf36_34': 'A maioria das vezes verdadeiro', 'sf36_35': 'Definitivamente falso', 'sf36_36': 'A maioria das vezes verdadeiro', 'sf36_4': 'Não, não dificulta de modo algum', 'sf36_5': 'Não, não dificulta de modo algum', 'sf36_6': 'Sim, dificulta um pouco', 'sf36_7': 'Não, não dificulta de modo algum', 'sf36_8': 'Não, não dificulta de modo algum', 'sf36_9': 'Não, não dificulta de modo algum', 'status_do_participante_complete': 'Complete', 'status_participante': 'Concluído', 'status_participante_dt': '2026-09-11', 'survey_sc1_1': 'Alterações de humor', 'trh1': 'Não', 'whq0': '2026-09-11', 'wpai0': '2026-09-11', 'wpai1': 'Não', 'wpai6': '2'}
2026-09-14 16:34:22,370 - INFO - Debug redcap url: https://svriglobal.org/redcap/api/
2026-09-14 16:34:22,381 - INFO - Debug redcaptoken (First 3 chars): E9A...
2026-09-14 16:34:22,384 - INFO - Debug redcap status: 200
2026-09-14 16:34:22,386 - INFO - Debug redcap response (first 30 chars): [{"record":"174-5","redcap_eve
2026-09-14 16:34:22,389 - INFO - REDCap: filtering event=visita_unica_arm_1 by repeat_instance=None; response instances=['', '1']
2026-09-14 16:34:22,391 - INFO - REDCap: exported record 174-5 for event visita_unica_arm_1, repeat_instance=None, with 261 fields from 290 entries
2026-09-14 16:34:22,593 - INFO - Found volunteer in PoloTrial: record_id=174-5, volunteer_code=3592
2026-09-14 16:34:23,018 - INFO - Found protocol in PoloTrial: site_code=47, protocol_nickname=Embrace, protocol_code=2381
2026-09-14 16:34:23,649 - INFO - Found participant in PoloTrial: volunteer_code=3592, protocol_code=2381, participant_code=3581
2026-09-14 16:34:23,848 - INFO - Mapped REDCap status=Concluído to PoloTrial status_code=308 for record_id=174-5
2026-09-14 16:34:24,749 - INFO - Updated participant status in PoloTrial for record_id=174-5: 540 -> 308
2026-09-14 16:34:24,768 - INFO - Successfully dispatched event: record_id=174-5, event_name=visita_unica_arm_1, repeat_instance=None
2026-09-14 16:40:47,024 - INFO - Shutting down webhooks for protocol Embrace
2026-09-14 16:41:20,325 - INFO - Webhook initialized for protocol Embrace
2026-09-14 16:43:19,602 - INFO - Received webhook from REDCap DET: project_id=49, username=luana.fernandes, instrument=mdulo_cm_consulta_mdica, record=174-1, redcap_event_name=visita_unica_arm_1, redcap_data_acess_group=, redcap_repeat_instance=1, redcap_repeat_instrument=mdulo_cm_consulta_mdica, redcap_url=https://svriglobal.org/redcap/, project_url=https://svriglobal.org/redcap/redcap_v17.3.10/index.php?pid=49
2026-09-14 16:43:19,777 - INFO - Dispatch runtime: pid=1003500, module=/mnt/c/Users/Science/Documents/Python/integracao_embrace/src/integracao_embrace/dispatch.py, event_name='visita_unica_arm_1', instrument='mdulo_cm_consulta_mdica'
2026-09-14 16:43:19,778 - INFO - Dispatching to unique visit handles: visita_unica_arm_1
2026-09-14 16:43:20,691 - INFO - Debug redcap url: https://svriglobal.org/redcap/api/
2026-09-14 16:43:20,693 - INFO - Debug redcaptoken (First 3 chars): E9A...
2026-09-14 16:43:20,694 - INFO - Debug redcap status: 200
2026-09-14 16:43:20,696 - INFO - Debug redcap response (first 30 chars): [{"record":"174-1","redcap_eve
2026-09-14 16:43:20,698 - INFO - REDCap: filtering event=visita_unica_arm_1 by repeat_instance=None; response instances=['', '1']
2026-09-14 16:43:20,699 - INFO - REDCap: exported record 174-1 for event visita_unica_arm_1, repeat_instance=None, with 219 fields from 243 entries
2026-09-14 16:43:20,701 - INFO - Mapped gender: Mulher ("Cisgênero") ➡ None
2026-09-14 16:43:20,702 - INFO - Mapped site: SVRI Clínica Morumbi ➡ 47
2026-09-14 16:43:20,703 - INFO - Volunteer payload prepared: {'nome': '174-1', 'iniciais': 'FMS', 'data_nascimento': '1981-11-13', 'sexo': None, 'email': '', 'data_inclusao': '2026-09-11', 'centro': '47', 'contatos': '11111111111'}
2026-09-14 16:43:21,557 - INFO - Polotrial: authentication succsssful
2026-09-14 16:43:23,227 - INFO - Volunteer 174-1 created in PoloTrial with ID: 3593
2026-09-14 16:43:23,242 - INFO - DEBUG: Searching protocol Embrace for site 47
2026-09-14 16:43:23,698 - INFO - Protocol found: Embrace with ID: 2381 (site=47)
2026-09-14 16:43:23,930 - INFO - DEBUG: Protocol Arm founded for the unique visit: ['Embrace ']
2026-09-14 16:43:23,931 - INFO - Arm matched: Embrace  with ID: 424
2026-09-14 16:43:24,577 - INFO - DEBUG: Sending participant payload to PoloTrial: 
{
  "co_voluntario": 3593,
  "co_protocolo": 2381,
  "data_inclusao": "2026-09-11",
  "data_randomizacao": "2026-09-11",
  "data_fim_tratamento": "2026-09-11",
  "id_participante": "174-1",
  "numero_de_screening": "174-1",
  "numero_de_randomizacao": "174-1",
  "status_participante": "540",
  "co_braco": 424,
  "atualizar_agenda": "1",
  "apagar_visitas_pendentes": "0"
}
2026-09-14 16:43:29,736 - INFO - DEBUG: Participant created in PoloTrial: 
{
  "id": 3582,
  "apagar_visitas_pendentes": 0,
  "data_fim_tratamento": "2026-09-11",
  "id_participante": "174-1",
  "numero_de_randomizacao": "174-1",
  "numero_de_screening": "174-1",
  "data_randomizacao": "2026-09-11",
  "co_protocolo": 2381,
  "atualizar_agenda": 1,
  "co_braco": 424,
  "data_inclusao": "2026-09-11",
  "status_participante": 540,
  "co_voluntario": "3593",
  "user_id_log": 196
}
2026-09-14 16:43:29,737 - INFO - Participant created in PoloTrial with ID: 3582
2026-09-14 16:43:32,453 - INFO - Received webhook from REDCap DET: project_id=49, username=luana.fernandes, instrument=mdulo_cm_consulta_mdica, record=174-2, redcap_event_name=visita_unica_arm_1, redcap_data_acess_group=, redcap_repeat_instance=1, redcap_repeat_instrument=mdulo_cm_consulta_mdica, redcap_url=https://svriglobal.org/redcap/, project_url=https://svriglobal.org/redcap/redcap_v17.3.10/index.php?pid=49
2026-09-14 16:43:32,456 - INFO - Dispatch runtime: pid=1003500, module=/mnt/c/Users/Science/Documents/Python/integracao_embrace/src/integracao_embrace/dispatch.py, event_name='visita_unica_arm_1', instrument='mdulo_cm_consulta_mdica'
2026-09-14 16:43:32,457 - INFO - Dispatching to unique visit handles: visita_unica_arm_1
2026-09-14 16:43:33,165 - INFO - Debug redcap url: https://svriglobal.org/redcap/api/
2026-09-14 16:43:33,166 - INFO - Debug redcaptoken (First 3 chars): E9A...
2026-09-14 16:43:33,167 - INFO - Debug redcap status: 200
2026-09-14 16:43:33,167 - INFO - Debug redcap response (first 30 chars): [{"record":"174-2","redcap_eve
2026-09-14 16:43:33,169 - INFO - REDCap: filtering event=visita_unica_arm_1 by repeat_instance=None; response instances=['', '1']
2026-09-14 16:43:33,171 - INFO - REDCap: exported record 174-2 for event visita_unica_arm_1, repeat_instance=None, with 272 fields from 320 entries
2026-09-14 16:43:33,171 - INFO - Mapped gender: Mulher ("Cisgênero") ➡ None
2026-09-14 16:43:33,172 - INFO - Mapped site: SVRI Clínica Morumbi ➡ 47
2026-09-14 16:43:33,172 - INFO - Volunteer payload prepared: {'nome': '174-2', 'iniciais': 'JMC', 'data_nascimento': '1979-03-25', 'sexo': None, 'email': '', 'data_inclusao': '2026-09-11', 'centro': '47', 'contatos': '11111111111'}
2026-09-14 16:43:34,873 - INFO - Volunteer 174-2 created in PoloTrial with ID: 3594
2026-09-14 16:43:34,874 - INFO - DEBUG: Searching protocol Embrace for site 47
2026-09-14 16:43:35,357 - INFO - Protocol found: Embrace with ID: 2381 (site=47)
2026-09-14 16:43:35,577 - INFO - DEBUG: Protocol Arm founded for the unique visit: ['Embrace ']
2026-09-14 16:43:35,578 - INFO - Arm matched: Embrace  with ID: 424
2026-09-14 16:43:36,252 - INFO - DEBUG: Sending participant payload to PoloTrial: 
{
  "co_voluntario": 3594,
  "co_protocolo": 2381,
  "data_inclusao": "2026-09-11",
  "data_randomizacao": "2026-09-11",
  "data_fim_tratamento": "2026-09-11",
  "id_participante": "174-2",
  "numero_de_screening": "174-2",
  "numero_de_randomizacao": "174-2",
  "status_participante": "540",
  "co_braco": 424,
  "atualizar_agenda": "1",
  "apagar_visitas_pendentes": "0"
}
2026-09-14 16:43:41,368 - INFO - Received webhook from REDCap DET: project_id=49, username=luana.fernandes, instrument=mdulo_cm_consulta_mdica, record=174-2, redcap_event_name=visita_unica_arm_1, redcap_data_acess_group=, redcap_repeat_instance=1, redcap_repeat_instrument=mdulo_cm_consulta_mdica, redcap_url=https://svriglobal.org/redcap/, project_url=https://svriglobal.org/redcap/redcap_v17.3.10/index.php?pid=49
2026-09-14 16:43:41,384 - INFO - Dispatch runtime: pid=1003500, module=/mnt/c/Users/Science/Documents/Python/integracao_embrace/src/integracao_embrace/dispatch.py, event_name='visita_unica_arm_1', instrument='mdulo_cm_consulta_mdica'
2026-09-14 16:43:41,386 - INFO - Dispatching to unique visit handles: visita_unica_arm_1
2026-09-14 16:43:41,747 - INFO - DEBUG: Participant created in PoloTrial: 
{
  "id": 3583,
  "apagar_visitas_pendentes": 0,
  "data_fim_tratamento": "2026-09-11",
  "id_participante": "174-2",
  "numero_de_randomizacao": "174-2",
  "numero_de_screening": "174-2",
  "data_randomizacao": "2026-09-11",
  "co_protocolo": 2381,
  "atualizar_agenda": 1,
  "co_braco": 424,
  "data_inclusao": "2026-09-11",
  "status_participante": 540,
  "co_voluntario": "3594",
  "user_id_log": 196
}
2026-09-14 16:43:41,749 - INFO - Participant created in PoloTrial with ID: 3583
2026-09-14 16:43:42,225 - INFO - Debug redcap url: https://svriglobal.org/redcap/api/
2026-09-14 16:43:42,227 - INFO - Debug redcaptoken (First 3 chars): E9A...
2026-09-14 16:43:42,228 - INFO - Debug redcap status: 200
2026-09-14 16:43:42,229 - INFO - Debug redcap response (first 30 chars): [{"record":"174-2","redcap_eve
2026-09-14 16:43:42,233 - INFO - REDCap: filtering event=visita_unica_arm_1 by repeat_instance=None; response instances=['', '1']
2026-09-14 16:43:42,238 - INFO - REDCap: exported record 174-2 for event visita_unica_arm_1, repeat_instance=None, with 272 fields from 320 entries
2026-09-14 16:43:42,243 - INFO - Mapped gender: Mulher ("Cisgênero") ➡ None
2026-09-14 16:43:42,244 - INFO - Mapped site: SVRI Clínica Morumbi ➡ 47
2026-09-14 16:43:42,245 - INFO - Volunteer payload prepared: {'nome': '174-2', 'iniciais': 'JMC', 'data_nascimento': '1979-03-25', 'sexo': None, 'email': '', 'data_inclusao': '2026-09-11', 'centro': '47', 'contatos': '11111111111'}
2026-09-14 16:43:42,467 - INFO - Volunteer 174-2 already exists in PoloTrial with ID: 3594
2026-09-14 16:43:42,481 - INFO - DEBUG: Searching protocol Embrace for site 47
2026-09-14 16:43:42,971 - INFO - Protocol found: Embrace with ID: 2381 (site=47)
2026-09-14 16:43:43,210 - INFO - DEBUG: Protocol Arm founded for the unique visit: ['Embrace ']
2026-09-14 16:43:43,211 - INFO - Arm matched: Embrace  with ID: 424
2026-09-14 16:43:46,619 - INFO - Participant found in PoloTrial with ID: 3583
2026-09-14 16:43:52,401 - INFO - Received webhook from REDCap DET: project_id=49, username=luana.fernandes, instrument=mdulo_cm_consulta_mdica, record=174-2, redcap_event_name=visita_unica_arm_1, redcap_data_acess_group=, redcap_repeat_instance=1, redcap_repeat_instrument=mdulo_cm_consulta_mdica, redcap_url=https://svriglobal.org/redcap/, project_url=https://svriglobal.org/redcap/redcap_v17.3.10/index.php?pid=49
2026-09-14 16:43:52,404 - INFO - Dispatch runtime: pid=1003500, module=/mnt/c/Users/Science/Documents/Python/integracao_embrace/src/integracao_embrace/dispatch.py, event_name='visita_unica_arm_1', instrument='mdulo_cm_consulta_mdica'
2026-09-14 16:43:52,405 - INFO - Dispatching to unique visit handles: visita_unica_arm_1
2026-09-14 16:43:53,062 - INFO - Participant visits retrieved: 1, for participant ID: 3582
2026-09-14 16:43:53,063 - INFO - Looking for unique visit with name: Visita única among: ['Visita única']
2026-09-14 16:43:53,064 - INFO - Participant visit found: Visita única with ID: 44104
2026-09-14 16:43:53,100 - INFO - Debug redcap url: https://svriglobal.org/redcap/api/
2026-09-14 16:43:53,100 - INFO - Debug redcaptoken (First 3 chars): E9A...
2026-09-14 16:43:53,101 - INFO - Debug redcap status: 200
2026-09-14 16:43:53,102 - INFO - Debug redcap response (first 30 chars): [{"record":"174-2","redcap_eve
2026-09-14 16:43:53,104 - INFO - REDCap: filtering event=visita_unica_arm_1 by repeat_instance=None; response instances=['', '1']
2026-09-14 16:43:53,105 - INFO - REDCap: exported record 174-2 for event visita_unica_arm_1, repeat_instance=None, with 272 fields from 320 entries
2026-09-14 16:43:53,105 - INFO - Mapped gender: Mulher ("Cisgênero") ➡ None
2026-09-14 16:43:53,106 - INFO - Mapped site: SVRI Clínica Morumbi ➡ 47
2026-09-14 16:43:53,107 - INFO - Volunteer payload prepared: {'nome': '174-2', 'iniciais': 'JMC', 'data_nascimento': '1979-03-25', 'sexo': None, 'email': '', 'data_inclusao': '2026-09-11', 'centro': '47', 'contatos': '11111111111'}
2026-09-14 16:43:53,442 - INFO - Unique visit updated (id=44104) with payload: {
  "data_estimada": "2026-09-11",
  "data_realizada": "2026-09-11",
  "status": 20
}
2026-09-14 16:43:53,443 - INFO - Volunteer 174-2 already exists in PoloTrial with ID: 3594
2026-09-14 16:43:53,447 - INFO - DEBUG: Searching protocol Embrace for site 47
2026-09-14 16:43:53,775 - INFO - DEBUG: Available procedures in PoloTrial for unique visit: ['Módulo Identificação da Paciente ', 'Consulta Médica', 'Módulo Saúde', 'Módulo Menopausa', 'Questionário da Saúde da Mulher - WHQ', 'Questionário Short Form - SF-36', 'Questionário PHQ9', 'Questionário WPAI', 'Questionário GAD-7']
2026-09-14 16:43:53,777 - INFO -  - ID: 738671 | Procedure: Módulo Identificação da Paciente  | Appointment date: None | Check field: idp3=174-1 | Date field: idp4=2026-09-11
2026-09-14 16:43:53,779 - INFO -  - ID: 738672 | Procedure: Consulta Médica | Appointment date: None | Check field: cm_atendimento_dt=2026-09-11 | Date field: cm_atendimento_dt=2026-09-11
2026-09-14 16:43:53,780 - INFO -  - ID: 738673 | Procedure: Módulo Saúde | Appointment date: None | Check field: s0=2026-09-11 | Date field: s0=2026-09-11
2026-09-14 16:43:53,782 - INFO -  - ID: 738674 | Procedure: Módulo Menopausa | Appointment date: None | Check field: pm0=2026-09-11 | Date field: pm0=2026-09-11
2026-09-14 16:43:53,783 - INFO -  - ID: 738675 | Procedure: Questionário da Saúde da Mulher - WHQ | Appointment date: None | Check field: whq0=N/A | Date field: whq0=N/A
2026-09-14 16:43:53,784 - INFO -  - ID: 738676 | Procedure: Questionário Short Form - SF-36 | Appointment date: None | Check field: sf36_0=2026-09-11 | Date field: sf36_0=2026-09-11
2026-09-14 16:43:53,785 - INFO -  - ID: 738677 | Procedure: Questionário PHQ9 | Appointment date: None | Check field: phq9_0=2026-09-11 | Date field: phq9_0=2026-09-11
2026-09-14 16:43:53,786 - INFO -  - ID: 738678 | Procedure: Questionário WPAI | Appointment date: None | Check field: wpai0=2026-09-11 | Date field: wpai0=2026-09-11
2026-09-14 16:43:53,787 - INFO -  - ID: 738679 | Procedure: Questionário GAD-7 | Appointment date: None | Check field: gad7_0=2026-09-11 | Date field: gad7_0=2026-09-11
2026-09-14 16:43:53,789 - INFO - DEBUG: Procedure mapping summary:
2026-09-14 16:43:53,790 - INFO -  1. Total procedures in PoloTrial for unique visit: 9
2026-09-14 16:43:53,791 - INFO -  2. Matched with REDCap mapping: 9
2026-09-14 16:43:53,792 - INFO -  3. Unmatched procedures: 0
2026-09-14 16:43:53,927 - INFO - Protocol found: Embrace with ID: 2381 (site=47)
2026-09-14 16:43:53,992 - INFO - ✅ Synced procedure 'Módulo Identificação da Paciente ' (ID: 738671) with date: 2026-09-11
2026-09-14 16:43:54,128 - INFO - DEBUG: Protocol Arm founded for the unique visit: ['Embrace ']
2026-09-14 16:43:54,129 - INFO - Arm matched: Embrace  with ID: 424
2026-09-14 16:43:54,196 - INFO - ✅ Synced procedure 'Consulta Médica' (ID: 738672) with date: 2026-09-11
2026-09-14 16:43:54,403 - INFO - ✅ Synced procedure 'Módulo Saúde' (ID: 738673) with date: 2026-09-11
2026-09-14 16:43:54,820 - INFO - Participant found in PoloTrial with ID: 3583
2026-09-14 16:43:54,891 - INFO - ✅ Synced procedure 'Módulo Menopausa' (ID: 738674) with date: 2026-09-11
2026-09-14 16:43:54,895 - INFO - No date found in REDCap for procedure Questionário da Saúde da Mulher - WHQ (check_field=whq0, date_field=whq0). Skipping sync.
2026-09-14 16:43:55,109 - INFO - ✅ Synced procedure 'Questionário Short Form - SF-36' (ID: 738676) with date: 2026-09-11
2026-09-14 16:43:55,311 - INFO - ✅ Synced procedure 'Questionário PHQ9' (ID: 738677) with date: 2026-09-11
2026-09-14 16:43:55,508 - INFO - ✅ Synced procedure 'Questionário WPAI' (ID: 738678) with date: 2026-09-11
2026-09-14 16:43:55,702 - INFO - ✅ Synced procedure 'Questionário GAD-7' (ID: 738679) with date: 2026-09-11
2026-09-14 16:43:55,703 - INFO - Unique visit procedures synchronization completed. Total procedures synced: 8/9
2026-09-14 16:43:55,704 - INFO - Executor name from REDCap: Dra. Fabiane Berta de Sousa
2026-09-14 16:43:56,428 - INFO - Unique visit: Executor 'Dra. Fabiane Berta de Sousa' (ID: 4181) linked to procedure ID: 738672 with payload: {
  "co_participante_visita_procedimento": 738672,
  "executor": 4181,
  "data_realizada": "2026-09-11",
  "data_previsto_pagamento": "",
  "data_pagamento_realizado": "",
  "valor": "",
  "valor_total_procedimento": "",
  "observacoes": ""
}. Response: {
  "id": 18372,
  "observacoes": "",
  "valor_total_procedimento": "",
  "valor": "",
  "executor": 4181,
  "co_participante_visita_procedimento": 738672,
  "data_realizada": "2026-09-11T00:00:00.000Z",
  "data_previsto_pagamento": null,
  "user_id_log": 196
}
2026-09-14 16:43:56,429 - INFO - Unique visit synchronization completed for record_id=174-1, event_name=visita_unica_arm_1
2026-09-14 16:43:56,431 - INFO - Successfully dispatched event: record_id=174-1, event_name=visita_unica_arm_1, repeat_instance=1
2026-09-14 16:44:05,074 - INFO - Participant visits retrieved: 1, for participant ID: 3583
2026-09-14 16:44:05,075 - INFO - Looking for unique visit with name: Visita única among: ['Visita única']
2026-09-14 16:44:05,076 - INFO - Participant visit found: Visita única with ID: 44105
2026-09-14 16:44:05,466 - INFO - Unique visit updated (id=44105) with payload: {
  "data_estimada": "2026-09-11",
  "data_realizada": "2026-09-11",
  "status": 20
}
2026-09-14 16:44:05,753 - INFO - DEBUG: Available procedures in PoloTrial for unique visit: ['Módulo Identificação da Paciente ', 'Consulta Médica', 'Módulo Saúde', 'Módulo Menopausa', 'Questionário da Saúde da Mulher - WHQ', 'Questionário Short Form - SF-36', 'Questionário PHQ9', 'Questionário WPAI', 'Questionário GAD-7']
2026-09-14 16:44:05,762 - INFO -  - ID: 738686 | Procedure: Módulo Identificação da Paciente  | Appointment date: None | Check field: idp3=174-2 | Date field: idp4=2026-09-11
2026-09-14 16:44:05,764 - INFO -  - ID: 738687 | Procedure: Consulta Médica | Appointment date: None | Check field: cm_atendimento_dt=2026-09-11 | Date field: cm_atendimento_dt=2026-09-11
2026-09-14 16:44:05,766 - INFO -  - ID: 738688 | Procedure: Módulo Saúde | Appointment date: None | Check field: s0=2026-09-11 | Date field: s0=2026-09-11
2026-09-14 16:44:05,768 - INFO -  - ID: 738689 | Procedure: Módulo Menopausa | Appointment date: None | Check field: pm0=2026-09-11 | Date field: pm0=2026-09-11
2026-09-14 16:44:05,769 - INFO -  - ID: 738690 | Procedure: Questionário da Saúde da Mulher - WHQ | Appointment date: None | Check field: whq0=2026-09-11 | Date field: whq0=2026-09-11
2026-09-14 16:44:05,776 - INFO -  - ID: 738691 | Procedure: Questionário Short Form - SF-36 | Appointment date: None | Check field: sf36_0=2026-09-11 | Date field: sf36_0=2026-09-11
2026-09-14 16:44:05,778 - INFO -  - ID: 738692 | Procedure: Questionário PHQ9 | Appointment date: None | Check field: phq9_0=2026-09-11 | Date field: phq9_0=2026-09-11
2026-09-14 16:44:05,779 - INFO -  - ID: 738693 | Procedure: Questionário WPAI | Appointment date: None | Check field: wpai0=2026-09-11 | Date field: wpai0=2026-09-11
2026-09-14 16:44:05,780 - INFO -  - ID: 738694 | Procedure: Questionário GAD-7 | Appointment date: None | Check field: gad7_0=2026-09-11 | Date field: gad7_0=2026-09-11
2026-09-14 16:44:05,782 - INFO - DEBUG: Procedure mapping summary:
2026-09-14 16:44:05,783 - INFO -  1. Total procedures in PoloTrial for unique visit: 9
2026-09-14 16:44:05,784 - INFO -  2. Matched with REDCap mapping: 9
2026-09-14 16:44:05,786 - INFO -  3. Unmatched procedures: 0
2026-09-14 16:44:06,021 - INFO - ✅ Synced procedure 'Módulo Identificação da Paciente ' (ID: 738686) with date: 2026-09-11
2026-09-14 16:44:06,249 - INFO - ✅ Synced procedure 'Consulta Médica' (ID: 738687) with date: 2026-09-11
2026-09-14 16:44:06,483 - INFO - ✅ Synced procedure 'Módulo Saúde' (ID: 738688) with date: 2026-09-11
2026-09-14 16:44:06,818 - INFO - ✅ Synced procedure 'Módulo Menopausa' (ID: 738689) with date: 2026-09-11
2026-09-14 16:44:07,152 - INFO - ✅ Synced procedure 'Questionário da Saúde da Mulher - WHQ' (ID: 738690) with date: 2026-09-11
2026-09-14 16:44:07,271 - INFO - Participant visits retrieved: 1, for participant ID: 3583
2026-09-14 16:44:07,276 - INFO - Looking for unique visit with name: Visita única among: ['Visita única']
2026-09-14 16:44:07,281 - INFO - Participant visit found: Visita única with ID: 44105
2026-09-14 16:44:07,396 - INFO - ✅ Synced procedure 'Questionário Short Form - SF-36' (ID: 738691) with date: 2026-09-11
2026-09-14 16:44:07,519 - INFO - Unique visit already up to date (id=44105).
2026-09-14 16:44:07,613 - INFO - ✅ Synced procedure 'Questionário PHQ9' (ID: 738692) with date: 2026-09-11
2026-09-14 16:44:07,757 - INFO - DEBUG: Available procedures in PoloTrial for unique visit: ['Módulo Identificação da Paciente ', 'Consulta Médica', 'Módulo Saúde', 'Módulo Menopausa', 'Questionário da Saúde da Mulher - WHQ', 'Questionário Short Form - SF-36', 'Questionário PHQ9', 'Questionário WPAI', 'Questionário GAD-7']
2026-09-14 16:44:07,759 - INFO -  - ID: 738686 | Procedure: Módulo Identificação da Paciente  | Appointment date: 2026-09-11T00:00:00.000Z | Check field: idp3=174-2 | Date field: idp4=2026-09-11
2026-09-14 16:44:07,761 - INFO -  - ID: 738687 | Procedure: Consulta Médica | Appointment date: 2026-09-11T00:00:00.000Z | Check field: cm_atendimento_dt=2026-09-11 | Date field: cm_atendimento_dt=2026-09-11
2026-09-14 16:44:07,762 - INFO -  - ID: 738688 | Procedure: Módulo Saúde | Appointment date: 2026-09-11T00:00:00.000Z | Check field: s0=2026-09-11 | Date field: s0=2026-09-11
2026-09-14 16:44:07,764 - INFO -  - ID: 738689 | Procedure: Módulo Menopausa | Appointment date: 2026-09-11T00:00:00.000Z | Check field: pm0=2026-09-11 | Date field: pm0=2026-09-11
2026-09-14 16:44:07,767 - INFO -  - ID: 738690 | Procedure: Questionário da Saúde da Mulher - WHQ | Appointment date: 2026-09-11T00:00:00.000Z | Check field: whq0=2026-09-11 | Date field: whq0=2026-09-11
2026-09-14 16:44:07,769 - INFO -  - ID: 738691 | Procedure: Questionário Short Form - SF-36 | Appointment date: 2026-09-11T00:00:00.000Z | Check field: sf36_0=2026-09-11 | Date field: sf36_0=2026-09-11
2026-09-14 16:44:07,774 - INFO -  - ID: 738692 | Procedure: Questionário PHQ9 | Appointment date: 2026-09-11T00:00:00.000Z | Check field: phq9_0=2026-09-11 | Date field: phq9_0=2026-09-11
2026-09-14 16:44:07,776 - INFO -  - ID: 738693 | Procedure: Questionário WPAI | Appointment date: nan | Check field: wpai0=2026-09-11 | Date field: wpai0=2026-09-11
2026-09-14 16:44:07,778 - INFO -  - ID: 738694 | Procedure: Questionário GAD-7 | Appointment date: nan | Check field: gad7_0=2026-09-11 | Date field: gad7_0=2026-09-11
2026-09-14 16:44:07,782 - INFO - DEBUG: Procedure mapping summary:
2026-09-14 16:44:07,784 - INFO -  1. Total procedures in PoloTrial for unique visit: 9
2026-09-14 16:44:07,785 - INFO -  2. Matched with REDCap mapping: 9
2026-09-14 16:44:07,787 - INFO -  3. Unmatched procedures: 0
2026-09-14 16:44:07,795 - INFO - No procedures to sync for pattern: M[oóOÓ]dulo\s+Identifica[cçCÇ][aãAÃ]o\s+da\s+Paciente
2026-09-14 16:44:07,799 - INFO - No procedures to sync for pattern: Consulta\s+M[eéEÉ]dica
2026-09-14 16:44:07,804 - INFO - No procedures to sync for pattern: M[oóOÓ]dulo\s+Sa[uúUÚ]de
2026-09-14 16:44:07,808 - INFO - No procedures to sync for pattern: M[oóOÓ]dulo\s+Menopausa
2026-09-14 16:44:07,820 - INFO - No procedures to sync for pattern: Question[aáAÁ]rio\s+da\s+Sa[uúUÚ]de\s+da\s+Mulher\s+-\s+WHQ
2026-09-14 16:44:07,824 - INFO - No procedures to sync for pattern: Question[aáAÁ]rio\s+Short\s+Form\s-\s+SF-36
2026-09-14 16:44:07,840 - INFO - No procedures to sync for pattern: Question[aáAÁ]rio\s+PHQ9
2026-09-14 16:44:07,849 - INFO - ✅ Synced procedure 'Questionário WPAI' (ID: 738693) with date: 2026-09-11
2026-09-14 16:44:08,066 - INFO - ✅ Synced procedure 'Questionário WPAI' (ID: 738693) with date: 2026-09-11
2026-09-14 16:44:08,075 - INFO - ✅ Synced procedure 'Questionário GAD-7' (ID: 738694) with date: 2026-09-11
2026-09-14 16:44:08,077 - INFO - Unique visit procedures synchronization completed. Total procedures synced: 9/9
2026-09-14 16:44:08,078 - INFO - Executor name from REDCap: Dra. Fabiane Berta de Sousa
2026-09-14 16:44:08,228 - INFO - Received webhook from REDCap DET: project_id=49, username=luana.fernandes, instrument=mdulo_cm_consulta_mdica, record=174-3, redcap_event_name=visita_unica_arm_1, redcap_data_acess_group=, redcap_repeat_instance=1, redcap_repeat_instrument=mdulo_cm_consulta_mdica, redcap_url=https://svriglobal.org/redcap/, project_url=https://svriglobal.org/redcap/redcap_v17.3.10/index.php?pid=49
2026-09-14 16:44:08,231 - INFO - Dispatch runtime: pid=1003500, module=/mnt/c/Users/Science/Documents/Python/integracao_embrace/src/integracao_embrace/dispatch.py, event_name='visita_unica_arm_1', instrument='mdulo_cm_consulta_mdica'
2026-09-14 16:44:08,234 - INFO - Dispatching to unique visit handles: visita_unica_arm_1
2026-09-14 16:44:08,269 - INFO - ✅ Synced procedure 'Questionário GAD-7' (ID: 738694) with date: 2026-09-11
2026-09-14 16:44:08,271 - INFO - Unique visit procedures synchronization completed. Total procedures synced: 2/9
2026-09-14 16:44:08,272 - INFO - Executor name from REDCap: Dra. Fabiane Berta de Sousa
2026-09-14 16:44:08,895 - INFO - Unique visit: Executor 'Dra. Fabiane Berta de Sousa' (ID: 4181) linked to procedure ID: 738687 with payload: {
  "co_participante_visita_procedimento": 738687,
  "executor": 4181,
  "data_realizada": "2026-09-11",
  "data_previsto_pagamento": "",
  "data_pagamento_realizado": "",
  "valor": "",
  "valor_total_procedimento": "",
  "observacoes": ""
}. Response: {
  "id": 18373,
  "observacoes": "",
  "valor_total_procedimento": "",
  "valor": "",
  "executor": 4181,
  "co_participante_visita_procedimento": 738687,
  "data_realizada": "2026-09-11T00:00:00.000Z",
  "data_previsto_pagamento": null,
  "user_id_log": 196
}
2026-09-14 16:44:08,918 - INFO - Unique visit: Executor 'Dra. Fabiane Berta de Sousa' (ID: 4181) linked to procedure ID: 738687 with payload: {
  "co_participante_visita_procedimento": 738687,
  "executor": 4181,
  "data_realizada": "2026-09-11",
  "data_previsto_pagamento": "",
  "data_pagamento_realizado": "",
  "valor": "",
  "valor_total_procedimento": "",
  "observacoes": ""
}. Response: {
  "id": 18374,
  "observacoes": "",
  "valor_total_procedimento": "",
  "valor": "",
  "executor": 4181,
  "co_participante_visita_procedimento": 738687,
  "data_realizada": "2026-09-11T00:00:00.000Z",
  "data_previsto_pagamento": null,
  "user_id_log": 196
}
2026-09-14 16:44:08,919 - INFO - Unique visit synchronization completed for record_id=174-2, event_name=visita_unica_arm_1
2026-09-14 16:44:08,932 - INFO - Unique visit synchronization completed for record_id=174-2, event_name=visita_unica_arm_1
2026-09-14 16:44:08,947 - INFO - Successfully dispatched event: record_id=174-2, event_name=visita_unica_arm_1, repeat_instance=1
2026-09-14 16:44:08,970 - INFO - Successfully dispatched event: record_id=174-2, event_name=visita_unica_arm_1, repeat_instance=1
2026-09-14 16:44:09,606 - INFO - Debug redcap url: https://svriglobal.org/redcap/api/
2026-09-14 16:44:09,607 - INFO - Debug redcaptoken (First 3 chars): E9A...
2026-09-14 16:44:09,608 - INFO - Debug redcap status: 200
2026-09-14 16:44:09,609 - INFO - Debug redcap response (first 30 chars): [{"record":"174-3","redcap_eve
2026-09-14 16:44:09,611 - INFO - REDCap: filtering event=visita_unica_arm_1 by repeat_instance=None; response instances=['', '1']
2026-09-14 16:44:09,613 - INFO - REDCap: exported record 174-3 for event visita_unica_arm_1, repeat_instance=None, with 224 fields from 259 entries
2026-09-14 16:44:09,614 - INFO - Mapped gender: Mulher ("Cisgênero") ➡ None
2026-09-14 16:44:09,615 - INFO - Mapped site: SVRI Clínica Morumbi ➡ 47
2026-09-14 16:44:09,616 - INFO - Volunteer payload prepared: {'nome': '174-3', 'iniciais': 'JZS', 'data_nascimento': '1984-12-27', 'sexo': None, 'email': '', 'data_inclusao': '2026-09-11', 'centro': '47', 'contatos': '11111111111'}
2026-09-14 16:44:11,202 - INFO - Volunteer 174-3 created in PoloTrial with ID: 3595
2026-09-14 16:44:11,203 - INFO - DEBUG: Searching protocol Embrace for site 47
2026-09-14 16:44:11,623 - INFO - Protocol found: Embrace with ID: 2381 (site=47)
2026-09-14 16:44:11,859 - INFO - DEBUG: Protocol Arm founded for the unique visit: ['Embrace ']
2026-09-14 16:44:11,861 - INFO - Arm matched: Embrace  with ID: 424
2026-09-14 16:44:12,533 - INFO - DEBUG: Sending participant payload to PoloTrial: 
{
  "co_voluntario": 3595,
  "co_protocolo": 2381,
  "data_inclusao": "2026-09-11",
  "data_randomizacao": "2026-09-11",
  "data_fim_tratamento": "2026-09-11",
  "id_participante": "174-3",
  "numero_de_screening": "174-3",
  "numero_de_randomizacao": "174-3",
  "status_participante": "540",
  "co_braco": 424,
  "atualizar_agenda": "1",
  "apagar_visitas_pendentes": "0"
}
2026-09-14 16:44:15,663 - INFO - Participant visits retrieved: 1, for participant ID: 3583
2026-09-14 16:44:15,664 - INFO - Looking for unique visit with name: Visita única among: ['Visita única']
2026-09-14 16:44:15,665 - INFO - Participant visit found: Visita única with ID: 44105
2026-09-14 16:44:15,949 - INFO - Unique visit already up to date (id=44105).
2026-09-14 16:44:16,448 - INFO - DEBUG: Available procedures in PoloTrial for unique visit: ['Módulo Identificação da Paciente ', 'Consulta Médica', 'Módulo Saúde', 'Módulo Menopausa', 'Questionário da Saúde da Mulher - WHQ', 'Questionário Short Form - SF-36', 'Questionário PHQ9', 'Questionário WPAI', 'Questionário GAD-7']
2026-09-14 16:44:16,454 - INFO -  - ID: 738686 | Procedure: Módulo Identificação da Paciente  | Appointment date: 2026-09-11T00:00:00.000Z | Check field: idp3=174-2 | Date field: idp4=2026-09-11
2026-09-14 16:44:16,457 - INFO -  - ID: 738687 | Procedure: Consulta Médica | Appointment date: 2026-09-11T00:00:00.000Z | Check field: cm_atendimento_dt=2026-09-11 | Date field: cm_atendimento_dt=2026-09-11
2026-09-14 16:44:16,459 - INFO -  - ID: 738688 | Procedure: Módulo Saúde | Appointment date: 2026-09-11T00:00:00.000Z | Check field: s0=2026-09-11 | Date field: s0=2026-09-11
2026-09-14 16:44:16,470 - INFO -  - ID: 738689 | Procedure: Módulo Menopausa | Appointment date: 2026-09-11T00:00:00.000Z | Check field: pm0=2026-09-11 | Date field: pm0=2026-09-11
2026-09-14 16:44:16,472 - INFO -  - ID: 738690 | Procedure: Questionário da Saúde da Mulher - WHQ | Appointment date: 2026-09-11T00:00:00.000Z | Check field: whq0=2026-09-11 | Date field: whq0=2026-09-11
2026-09-14 16:44:16,474 - INFO -  - ID: 738691 | Procedure: Questionário Short Form - SF-36 | Appointment date: 2026-09-11T00:00:00.000Z | Check field: sf36_0=2026-09-11 | Date field: sf36_0=2026-09-11
2026-09-14 16:44:16,475 - INFO -  - ID: 738692 | Procedure: Questionário PHQ9 | Appointment date: 2026-09-11T00:00:00.000Z | Check field: phq9_0=2026-09-11 | Date field: phq9_0=2026-09-11
2026-09-14 16:44:16,477 - INFO -  - ID: 738693 | Procedure: Questionário WPAI | Appointment date: 2026-09-11T00:00:00.000Z | Check field: wpai0=2026-09-11 | Date field: wpai0=2026-09-11
2026-09-14 16:44:16,479 - INFO -  - ID: 738694 | Procedure: Questionário GAD-7 | Appointment date: 2026-09-11T00:00:00.000Z | Check field: gad7_0=2026-09-11 | Date field: gad7_0=2026-09-11
2026-09-14 16:44:16,481 - INFO - DEBUG: Procedure mapping summary:
2026-09-14 16:44:16,482 - INFO -  1. Total procedures in PoloTrial for unique visit: 9
2026-09-14 16:44:16,483 - INFO -  2. Matched with REDCap mapping: 9
2026-09-14 16:44:16,487 - INFO -  3. Unmatched procedures: 0
2026-09-14 16:44:16,501 - INFO - No procedures to sync for pattern: M[oóOÓ]dulo\s+Identifica[cçCÇ][aãAÃ]o\s+da\s+Paciente
2026-09-14 16:44:16,505 - INFO - No procedures to sync for pattern: Consulta\s+M[eéEÉ]dica
2026-09-14 16:44:16,510 - INFO - No procedures to sync for pattern: M[oóOÓ]dulo\s+Sa[uúUÚ]de
2026-09-14 16:44:16,520 - INFO - No procedures to sync for pattern: M[oóOÓ]dulo\s+Menopausa
2026-09-14 16:44:16,533 - INFO - No procedures to sync for pattern: Question[aáAÁ]rio\s+da\s+Sa[uúUÚ]de\s+da\s+Mulher\s+-\s+WHQ
2026-09-14 16:44:16,538 - INFO - No procedures to sync for pattern: Question[aáAÁ]rio\s+Short\s+Form\s-\s+SF-36
2026-09-14 16:44:16,550 - INFO - No procedures to sync for pattern: Question[aáAÁ]rio\s+PHQ9
2026-09-14 16:44:16,564 - INFO - No procedures to sync for pattern: Question[aáAÁ]rio\s+WPAI
2026-09-14 16:44:16,578 - INFO - No procedures to sync for pattern: Question[aáAÁ]rio\s+GAD-7
2026-09-14 16:44:16,580 - INFO - Unique visit procedures synchronization completed. Total procedures synced: 0/9
2026-09-14 16:44:16,581 - INFO - Executor name from REDCap: Dra. Fabiane Berta de Sousa
2026-09-14 16:44:17,659 - INFO - Executor 'Dra. Fabiane Berta de Sousa' (ID: 4181) is already linked to procedure ID: 738687. No action needed.
2026-09-14 16:44:17,660 - INFO - Unique visit synchronization completed for record_id=174-2, event_name=visita_unica_arm_1
2026-09-14 16:44:17,662 - INFO - Successfully dispatched event: record_id=174-2, event_name=visita_unica_arm_1, repeat_instance=1
2026-09-14 16:44:17,862 - INFO - DEBUG: Participant created in PoloTrial: 
{
  "id": 3584,
  "apagar_visitas_pendentes": 0,
  "data_fim_tratamento": "2026-09-11",
  "id_participante": "174-3",
  "numero_de_randomizacao": "174-3",
  "numero_de_screening": "174-3",
  "data_randomizacao": "2026-09-11",
  "co_protocolo": 2381,
  "atualizar_agenda": 1,
  "co_braco": 424,
  "data_inclusao": "2026-09-11",
  "status_participante": 540,
  "co_voluntario": "3595",
  "user_id_log": 196
}
2026-09-14 16:44:17,863 - INFO - Participant created in PoloTrial with ID: 3584
2026-09-14 16:44:25,844 - INFO - Received webhook from REDCap DET: project_id=49, username=luana.fernandes, instrument=mdulo_cm_consulta_mdica, record=174-4, redcap_event_name=visita_unica_arm_1, redcap_data_acess_group=, redcap_repeat_instance=1, redcap_repeat_instrument=mdulo_cm_consulta_mdica, redcap_url=https://svriglobal.org/redcap/, project_url=https://svriglobal.org/redcap/redcap_v17.3.10/index.php?pid=49
2026-09-14 16:44:25,854 - INFO - Dispatch runtime: pid=1003500, module=/mnt/c/Users/Science/Documents/Python/integracao_embrace/src/integracao_embrace/dispatch.py, event_name='visita_unica_arm_1', instrument='mdulo_cm_consulta_mdica'
2026-09-14 16:44:25,858 - INFO - Dispatching to unique visit handles: visita_unica_arm_1
2026-09-14 16:44:27,305 - INFO - Debug redcap url: https://svriglobal.org/redcap/api/
2026-09-14 16:44:27,307 - INFO - Debug redcaptoken (First 3 chars): E9A...
2026-09-14 16:44:27,308 - INFO - Debug redcap status: 200
2026-09-14 16:44:27,311 - INFO - Debug redcap response (first 30 chars): [{"record":"174-4","redcap_eve
2026-09-14 16:44:27,336 - INFO - REDCap: filtering event=visita_unica_arm_1 by repeat_instance=None; response instances=['', '1']
2026-09-14 16:44:27,359 - INFO - REDCap: exported record 174-4 for event visita_unica_arm_1, repeat_instance=None, with 272 fields from 315 entries
2026-09-14 16:44:27,369 - INFO - Mapped gender: Mulher ("Cisgênero") ➡ None
2026-09-14 16:44:27,644 - INFO - Mapped site: SVRI Clínica Morumbi ➡ 47
2026-09-14 16:44:27,689 - INFO - Volunteer payload prepared: {'nome': '174-4', 'iniciais': 'MGDSTS', 'data_nascimento': '1968-09-21', 'sexo': None, 'email': '', 'data_inclusao': '2026-09-11', 'centro': '47', 'contatos': '11111111111'}
2026-09-14 16:44:29,281 - INFO - Volunteer 174-4 created in PoloTrial with ID: 3596
2026-09-14 16:44:29,285 - INFO - DEBUG: Searching protocol Embrace for site 47
2026-09-14 16:44:29,717 - INFO - Protocol found: Embrace with ID: 2381 (site=47)
2026-09-14 16:44:29,966 - INFO - DEBUG: Protocol Arm founded for the unique visit: ['Embrace ']
2026-09-14 16:44:29,974 - INFO - Arm matched: Embrace  with ID: 424
2026-09-14 16:44:30,736 - INFO - DEBUG: Sending participant payload to PoloTrial: 
{
  "co_voluntario": 3596,
  "co_protocolo": 2381,
  "data_inclusao": "2026-09-11",
  "data_randomizacao": "2026-09-11",
  "data_fim_tratamento": "2026-09-11",
  "id_participante": "174-4",
  "numero_de_screening": "174-4",
  "numero_de_randomizacao": "174-4",
  "status_participante": "540",
  "co_braco": 424,
  "atualizar_agenda": "1",
  "apagar_visitas_pendentes": "0"
}
2026-09-14 16:44:35,836 - INFO - DEBUG: Participant created in PoloTrial: 
{
  "id": 3585,
  "apagar_visitas_pendentes": 0,
  "data_fim_tratamento": "2026-09-11",
  "id_participante": "174-4",
  "numero_de_randomizacao": "174-4",
  "numero_de_screening": "174-4",
  "data_randomizacao": "2026-09-11",
  "co_protocolo": 2381,
  "atualizar_agenda": 1,
  "co_braco": 424,
  "data_inclusao": "2026-09-11",
  "status_participante": 540,
  "co_voluntario": "3596",
  "user_id_log": 196
}
2026-09-14 16:44:35,837 - INFO - Participant created in PoloTrial with ID: 3585
2026-09-14 16:44:41,099 - INFO - Participant visits retrieved: 1, for participant ID: 3584
2026-09-14 16:44:41,101 - INFO - Looking for unique visit with name: Visita única among: ['Visita única']
2026-09-14 16:44:41,103 - INFO - Participant visit found: Visita única with ID: 44106
2026-09-14 16:44:41,499 - INFO - Unique visit updated (id=44106) with payload: {
  "data_estimada": "2026-09-11",
  "data_realizada": "2026-09-11",
  "status": 20
}
2026-09-14 16:44:41,848 - INFO - DEBUG: Available procedures in PoloTrial for unique visit: ['Módulo Identificação da Paciente ', 'Consulta Médica', 'Módulo Saúde', 'Módulo Menopausa', 'Questionário da Saúde da Mulher - WHQ', 'Questionário Short Form - SF-36', 'Questionário PHQ9', 'Questionário WPAI', 'Questionário GAD-7']
2026-09-14 16:44:41,851 - INFO -  - ID: 738701 | Procedure: Módulo Identificação da Paciente  | Appointment date: None | Check field: idp3=174-3 | Date field: idp4=2026-09-11
2026-09-14 16:44:41,853 - INFO -  - ID: 738702 | Procedure: Consulta Médica | Appointment date: None | Check field: cm_atendimento_dt=2026-09-11 | Date field: cm_atendimento_dt=2026-09-11
2026-09-14 16:44:41,854 - INFO -  - ID: 738703 | Procedure: Módulo Saúde | Appointment date: None | Check field: s0=2026-09-11 | Date field: s0=2026-09-11
2026-09-14 16:44:41,856 - INFO -  - ID: 738704 | Procedure: Módulo Menopausa | Appointment date: None | Check field: pm0=2026-09-11 | Date field: pm0=2026-09-11
2026-09-14 16:44:41,924 - INFO -  - ID: 738705 | Procedure: Questionário da Saúde da Mulher - WHQ | Appointment date: None | Check field: whq0=N/A | Date field: whq0=N/A
2026-09-14 16:44:41,926 - INFO -  - ID: 738706 | Procedure: Questionário Short Form - SF-36 | Appointment date: None | Check field: sf36_0=2026-09-11 | Date field: sf36_0=2026-09-11
2026-09-14 16:44:41,928 - INFO -  - ID: 738707 | Procedure: Questionário PHQ9 | Appointment date: None | Check field: phq9_0=2026-09-11 | Date field: phq9_0=2026-09-11
2026-09-14 16:44:41,930 - INFO -  - ID: 738708 | Procedure: Questionário WPAI | Appointment date: None | Check field: wpai0=2026-09-11 | Date field: wpai0=2026-09-11
2026-09-14 16:44:41,932 - INFO -  - ID: 738709 | Procedure: Questionário GAD-7 | Appointment date: None | Check field: gad7_0=2026-09-11 | Date field: gad7_0=2026-09-11
2026-09-14 16:44:41,955 - INFO - DEBUG: Procedure mapping summary:
2026-09-14 16:44:41,960 - INFO -  1. Total procedures in PoloTrial for unique visit: 9
2026-09-14 16:44:41,964 - INFO -  2. Matched with REDCap mapping: 9
2026-09-14 16:44:41,970 - INFO -  3. Unmatched procedures: 0
2026-09-14 16:44:42,247 - INFO - ✅ Synced procedure 'Módulo Identificação da Paciente ' (ID: 738701) with date: 2026-09-11
2026-09-14 16:44:42,748 - INFO - ✅ Synced procedure 'Consulta Médica' (ID: 738702) with date: 2026-09-11
2026-09-14 16:44:42,961 - INFO - ✅ Synced procedure 'Módulo Saúde' (ID: 738703) with date: 2026-09-11
2026-09-14 16:44:43,166 - INFO - ✅ Synced procedure 'Módulo Menopausa' (ID: 738704) with date: 2026-09-11
2026-09-14 16:44:43,171 - INFO - No date found in REDCap for procedure Questionário da Saúde da Mulher - WHQ (check_field=whq0, date_field=whq0). Skipping sync.
2026-09-14 16:44:43,692 - INFO - ✅ Synced procedure 'Questionário Short Form - SF-36' (ID: 738706) with date: 2026-09-11
2026-09-14 16:44:43,935 - INFO - ✅ Synced procedure 'Questionário PHQ9' (ID: 738707) with date: 2026-09-11
2026-09-14 16:44:44,210 - INFO - ✅ Synced procedure 'Questionário WPAI' (ID: 738708) with date: 2026-09-11
2026-09-14 16:44:44,482 - INFO - ✅ Synced procedure 'Questionário GAD-7' (ID: 738709) with date: 2026-09-11
2026-09-14 16:44:44,486 - INFO - Unique visit procedures synchronization completed. Total procedures synced: 8/9
2026-09-14 16:44:44,488 - INFO - Executor name from REDCap: Dra. Fabiane Berta de Sousa
2026-09-14 16:44:45,216 - INFO - Unique visit: Executor 'Dra. Fabiane Berta de Sousa' (ID: 4181) linked to procedure ID: 738702 with payload: {
  "co_participante_visita_procedimento": 738702,
  "executor": 4181,
  "data_realizada": "2026-09-11",
  "data_previsto_pagamento": "",
  "data_pagamento_realizado": "",
  "valor": "",
  "valor_total_procedimento": "",
  "observacoes": ""
}. Response: {
  "id": 18375,
  "observacoes": "",
  "valor_total_procedimento": "",
  "valor": "",
  "executor": 4181,
  "co_participante_visita_procedimento": 738702,
  "data_realizada": "2026-09-11T00:00:00.000Z",
  "data_previsto_pagamento": null,
  "user_id_log": 196
}
2026-09-14 16:44:45,230 - INFO - Unique visit synchronization completed for record_id=174-3, event_name=visita_unica_arm_1
2026-09-14 16:44:45,259 - INFO - Successfully dispatched event: record_id=174-3, event_name=visita_unica_arm_1, repeat_instance=1
2026-09-14 16:44:50,342 - INFO - Received webhook from REDCap DET: project_id=49, username=luana.fernandes, instrument=mdulo_cm_consulta_mdica, record=174-5, redcap_event_name=visita_unica_arm_1, redcap_data_acess_group=, redcap_repeat_instance=1, redcap_repeat_instrument=mdulo_cm_consulta_mdica, redcap_url=https://svriglobal.org/redcap/, project_url=https://svriglobal.org/redcap/redcap_v17.3.10/index.php?pid=49
2026-09-14 16:44:50,346 - INFO - Dispatch runtime: pid=1003500, module=/mnt/c/Users/Science/Documents/Python/integracao_embrace/src/integracao_embrace/dispatch.py, event_name='visita_unica_arm_1', instrument='mdulo_cm_consulta_mdica'
2026-09-14 16:44:50,348 - INFO - Dispatching to unique visit handles: visita_unica_arm_1
2026-09-14 16:44:51,904 - INFO - Debug redcap url: https://svriglobal.org/redcap/api/
2026-09-14 16:44:51,918 - INFO - Debug redcaptoken (First 3 chars): E9A...
2026-09-14 16:44:51,942 - INFO - Debug redcap status: 200
2026-09-14 16:44:51,946 - INFO - Debug redcap response (first 30 chars): [{"record":"174-5","redcap_eve
2026-09-14 16:44:51,949 - INFO - REDCap: filtering event=visita_unica_arm_1 by repeat_instance=None; response instances=['', '1']
2026-09-14 16:44:51,950 - INFO - REDCap: exported record 174-5 for event visita_unica_arm_1, repeat_instance=None, with 261 fields from 290 entries
2026-09-14 16:44:51,952 - INFO - Mapped gender:  ➡ None
2026-09-14 16:44:51,953 - INFO - Mapped site: SVRI Clínica Morumbi ➡ 47
2026-09-14 16:44:51,954 - INFO - Volunteer payload prepared: {'nome': '174-5', 'iniciais': 'SMDS', 'data_nascimento': '1966-04-19', 'sexo': None, 'email': '', 'data_inclusao': '2026-09-11', 'centro': '47', 'contatos': '11111111111'}
2026-09-14 16:44:52,181 - INFO - Volunteer 174-5 already exists in PoloTrial with ID: 3592
2026-09-14 16:44:52,187 - INFO - DEBUG: Searching protocol Embrace for site 47
2026-09-14 16:44:52,646 - INFO - Protocol found: Embrace with ID: 2381 (site=47)
2026-09-14 16:44:52,901 - INFO - DEBUG: Protocol Arm founded for the unique visit: ['Embrace ']
2026-09-14 16:44:53,149 - INFO - Arm matched: Embrace  with ID: 424
2026-09-14 16:44:56,665 - INFO - Participant found in PoloTrial with ID: 3581
2026-09-14 16:44:59,391 - INFO - Participant visits retrieved: 1, for participant ID: 3585
2026-09-14 16:44:59,409 - INFO - Looking for unique visit with name: Visita única among: ['Visita única']
2026-09-14 16:44:59,415 - INFO - Participant visit found: Visita única with ID: 44107
2026-09-14 16:44:59,994 - INFO - Unique visit updated (id=44107) with payload: {
  "data_estimada": "2026-09-11",
  "data_realizada": "2026-09-11",
  "status": 20
}
2026-09-14 16:45:00,418 - INFO - DEBUG: Available procedures in PoloTrial for unique visit: ['Módulo Identificação da Paciente ', 'Consulta Médica', 'Módulo Saúde', 'Módulo Menopausa', 'Questionário da Saúde da Mulher - WHQ', 'Questionário Short Form - SF-36', 'Questionário PHQ9', 'Questionário WPAI', 'Questionário GAD-7']
2026-09-14 16:45:00,427 - INFO -  - ID: 738716 | Procedure: Módulo Identificação da Paciente  | Appointment date: None | Check field: idp3=174-4 | Date field: idp4=2026-09-11
2026-09-14 16:45:00,429 - INFO -  - ID: 738717 | Procedure: Consulta Médica | Appointment date: None | Check field: cm_atendimento_dt=N/A | Date field: cm_atendimento_dt=N/A
2026-09-14 16:45:00,431 - INFO -  - ID: 738718 | Procedure: Módulo Saúde | Appointment date: None | Check field: s0=2026-09-11 | Date field: s0=2026-09-11
2026-09-14 16:45:00,434 - INFO -  - ID: 738719 | Procedure: Módulo Menopausa | Appointment date: None | Check field: pm0=2026-09-11 | Date field: pm0=2026-09-11
2026-09-14 16:45:00,437 - INFO -  - ID: 738720 | Procedure: Questionário da Saúde da Mulher - WHQ | Appointment date: None | Check field: whq0=2026-09-11 | Date field: whq0=2026-09-11
2026-09-14 16:45:00,440 - INFO -  - ID: 738721 | Procedure: Questionário Short Form - SF-36 | Appointment date: None | Check field: sf36_0=2026-09-11 | Date field: sf36_0=2026-09-11
2026-09-14 16:45:00,442 - INFO -  - ID: 738722 | Procedure: Questionário PHQ9 | Appointment date: None | Check field: phq9_0=2026-09-11 | Date field: phq9_0=2026-09-11
2026-09-14 16:45:00,444 - INFO -  - ID: 738723 | Procedure: Questionário WPAI | Appointment date: None | Check field: wpai0=2026-09-11 | Date field: wpai0=2026-09-11
2026-09-14 16:45:00,446 - INFO -  - ID: 738724 | Procedure: Questionário GAD-7 | Appointment date: None | Check field: gad7_0=2026-09-11 | Date field: gad7_0=2026-09-11
2026-09-14 16:45:00,447 - INFO - DEBUG: Procedure mapping summary:
2026-09-14 16:45:00,449 - INFO -  1. Total procedures in PoloTrial for unique visit: 9
2026-09-14 16:45:00,450 - INFO -  2. Matched with REDCap mapping: 9
2026-09-14 16:45:00,451 - INFO -  3. Unmatched procedures: 0
2026-09-14 16:45:00,750 - INFO - ✅ Synced procedure 'Módulo Identificação da Paciente ' (ID: 738716) with date: 2026-09-11
2026-09-14 16:45:00,764 - INFO - No date found in REDCap for procedure Consulta Médica (check_field=cm_atendimento_dt, date_field=cm_atendimento_dt). Skipping sync.
2026-09-14 16:45:01,001 - INFO - ✅ Synced procedure 'Módulo Saúde' (ID: 738718) with date: 2026-09-11
2026-09-14 16:45:01,213 - INFO - ✅ Synced procedure 'Módulo Menopausa' (ID: 738719) with date: 2026-09-11
2026-09-14 16:45:01,420 - INFO - ✅ Synced procedure 'Questionário da Saúde da Mulher - WHQ' (ID: 738720) with date: 2026-09-11
2026-09-14 16:45:01,689 - INFO - ✅ Synced procedure 'Questionário Short Form - SF-36' (ID: 738721) with date: 2026-09-11
2026-09-14 16:45:02,102 - INFO - ✅ Synced procedure 'Questionário PHQ9' (ID: 738722) with date: 2026-09-11
2026-09-14 16:45:02,355 - INFO - ✅ Synced procedure 'Questionário WPAI' (ID: 738723) with date: 2026-09-11
2026-09-14 16:45:02,704 - INFO - ✅ Synced procedure 'Questionário GAD-7' (ID: 738724) with date: 2026-09-11
2026-09-14 16:45:02,948 - INFO - Unique visit procedures synchronization completed. Total procedures synced: 8/9
2026-09-14 16:45:02,975 - INFO - Executor name from REDCap: Dra. Fabiane Berta de Sousa
2026-09-14 16:45:02,992 - INFO - No date held provided in REDCap payload. Skipping executor synchronization.
2026-09-14 16:45:02,998 - INFO - Unique visit synchronization completed for record_id=174-4, event_name=visita_unica_arm_1
2026-09-14 16:45:03,004 - INFO - Successfully dispatched event: record_id=174-4, event_name=visita_unica_arm_1, repeat_instance=1
2026-09-14 16:45:17,339 - INFO - Participant visits retrieved: 1, for participant ID: 3581
2026-09-14 16:45:17,342 - INFO - Looking for unique visit with name: Visita única among: ['Visita única']
2026-09-14 16:45:17,350 - INFO - Participant visit found: Visita única with ID: 44103
2026-09-14 16:45:17,595 - INFO - Unique visit already up to date (id=44103).
2026-09-14 16:45:18,525 - INFO - DEBUG: Available procedures in PoloTrial for unique visit: ['Módulo Identificação da Paciente ', 'Consulta Médica', 'Módulo Saúde', 'Módulo Menopausa', 'Questionário da Saúde da Mulher - WHQ', 'Questionário Short Form - SF-36', 'Questionário PHQ9', 'Questionário WPAI', 'Questionário GAD-7']
2026-09-14 16:45:18,544 - INFO -  - ID: 738656 | Procedure: Módulo Identificação da Paciente  | Appointment date: 2026-09-11T00:00:00.000Z | Check field: idp3=174-5 | Date field: idp4=2026-09-11
2026-09-14 16:45:18,570 - INFO -  - ID: 738657 | Procedure: Consulta Médica | Appointment date: 2026-09-11T00:00:00.000Z | Check field: cm_atendimento_dt=2026-09-11 | Date field: cm_atendimento_dt=2026-09-11
2026-09-14 16:45:18,590 - INFO -  - ID: 738658 | Procedure: Módulo Saúde | Appointment date: 2026-09-11T00:00:00.000Z | Check field: s0=2026-09-11 | Date field: s0=2026-09-11
2026-09-14 16:45:18,615 - INFO -  - ID: 738659 | Procedure: Módulo Menopausa | Appointment date: 2026-09-11T00:00:00.000Z | Check field: pm0=2026-09-11 | Date field: pm0=2026-09-11
2026-09-14 16:45:18,641 - INFO -  - ID: 738660 | Procedure: Questionário da Saúde da Mulher - WHQ | Appointment date: 2026-09-11T00:00:00.000Z | Check field: whq0=2026-09-11 | Date field: whq0=2026-09-11
2026-09-14 16:45:18,667 - INFO -  - ID: 738661 | Procedure: Questionário Short Form - SF-36 | Appointment date: 2026-09-11T00:00:00.000Z | Check field: sf36_0=2026-09-11 | Date field: sf36_0=2026-09-11
2026-09-14 16:45:18,683 - INFO -  - ID: 738662 | Procedure: Questionário PHQ9 | Appointment date: 2026-09-11T00:00:00.000Z | Check field: phq9_0=2026-09-11 | Date field: phq9_0=2026-09-11
2026-09-14 16:45:18,701 - INFO -  - ID: 738663 | Procedure: Questionário WPAI | Appointment date: 2026-09-11T00:00:00.000Z | Check field: wpai0=2026-09-11 | Date field: wpai0=2026-09-11
2026-09-14 16:45:18,717 - INFO -  - ID: 738664 | Procedure: Questionário GAD-7 | Appointment date: 2026-09-11T00:00:00.000Z | Check field: gad7_0=2026-09-11 | Date field: gad7_0=2026-09-11
2026-09-14 16:45:18,735 - INFO - DEBUG: Procedure mapping summary:
2026-09-14 16:45:18,765 - INFO -  1. Total procedures in PoloTrial for unique visit: 9
2026-09-14 16:45:18,785 - INFO -  2. Matched with REDCap mapping: 9
2026-09-14 16:45:18,806 - INFO -  3. Unmatched procedures: 0
2026-09-14 16:45:18,956 - INFO - No procedures to sync for pattern: M[oóOÓ]dulo\s+Identifica[cçCÇ][aãAÃ]o\s+da\s+Paciente
2026-09-14 16:45:18,962 - INFO - No procedures to sync for pattern: Consulta\s+M[eéEÉ]dica
2026-09-14 16:45:18,968 - INFO - No procedures to sync for pattern: M[oóOÓ]dulo\s+Sa[uúUÚ]de
2026-09-14 16:45:18,976 - INFO - No procedures to sync for pattern: M[oóOÓ]dulo\s+Menopausa
2026-09-14 16:45:18,979 - INFO - No procedures to sync for pattern: Question[aáAÁ]rio\s+da\s+Sa[uúUÚ]de\s+da\s+Mulher\s+-\s+WHQ
2026-09-14 16:45:18,992 - INFO - No procedures to sync for pattern: Question[aáAÁ]rio\s+Short\s+Form\s-\s+SF-36
2026-09-14 16:45:19,006 - INFO - No procedures to sync for pattern: Question[aáAÁ]rio\s+PHQ9
2026-09-14 16:45:19,019 - INFO - No procedures to sync for pattern: Question[aáAÁ]rio\s+WPAI
2026-09-14 16:45:19,029 - INFO - No procedures to sync for pattern: Question[aáAÁ]rio\s+GAD-7
2026-09-14 16:45:19,032 - INFO - Unique visit procedures synchronization completed. Total procedures synced: 0/9
2026-09-14 16:45:19,039 - INFO - Executor name from REDCap: Dra. Fabiane Berta de Sousa
2026-09-14 16:45:20,171 - INFO - Unique visit: Executor 'Dra. Fabiane Berta de Sousa' (ID: 4181) linked to procedure ID: 738657 with payload: {
  "co_participante_visita_procedimento": 738657,
  "executor": 4181,
  "data_realizada": "2026-09-11",
  "data_previsto_pagamento": "",
  "data_pagamento_realizado": "",
  "valor": "",
  "valor_total_procedimento": "",
  "observacoes": ""
}. Response: {
  "id": 18376,
  "observacoes": "",
  "valor_total_procedimento": "",
  "valor": "",
  "executor": 4181,
  "co_participante_visita_procedimento": 738657,
  "data_realizada": "2026-09-11T00:00:00.000Z",
  "data_previsto_pagamento": null,
  "user_id_log": 196
}
2026-09-14 16:45:20,179 - INFO - Unique visit synchronization completed for record_id=174-5, event_name=visita_unica_arm_1
2026-09-14 16:45:20,197 - INFO - Successfully dispatched event: record_id=174-5, event_name=visita_unica_arm_1, repeat_instance=1
2026-09-14 16:48:15,411 - INFO - Received webhook from REDCap DET: project_id=49, username=eduardosoccasvri, instrument=status_do_participante, record=174-2, redcap_event_name=visita_unica_arm_1, redcap_data_acess_group=, redcap_repeat_instance=None, redcap_repeat_instrument=None, redcap_url=https://svriglobal.org/redcap/, project_url=https://svriglobal.org/redcap/redcap_v17.3.10/index.php?pid=49
2026-09-14 16:48:15,427 - INFO - Dispatch runtime: pid=1003500, module=/mnt/c/Users/Science/Documents/Python/integracao_embrace/src/integracao_embrace/dispatch.py, event_name='visita_unica_arm_1', instrument='status_do_participante'
2026-09-14 16:48:15,432 - INFO - Dispatching to unique visit handles: visita_unica_arm_1
2026-09-14 16:48:19,197 - INFO - Debug redcap url: https://svriglobal.org/redcap/api/
2026-09-14 16:48:19,198 - INFO - Debug redcaptoken (First 3 chars): E9A...
2026-09-14 16:48:19,200 - INFO - Debug redcap status: 200
2026-09-14 16:48:19,211 - INFO - Debug redcap response (first 30 chars): [{"record":"174-2","redcap_eve
2026-09-14 16:48:19,578 - INFO - REDCap: filtering event=visita_unica_arm_1 by repeat_instance=None; response instances=['', '1']
2026-09-14 16:48:19,688 - INFO - REDCap: exported record 174-2 for event visita_unica_arm_1, repeat_instance=None, with 272 fields from 320 entries
2026-09-14 16:48:19,690 - INFO - Mapped gender: Mulher ("Cisgênero") ➡ None
2026-09-14 16:48:19,691 - INFO - Mapped site: SVRI Clínica Morumbi ➡ 47
2026-09-14 16:48:19,692 - INFO - Volunteer payload prepared: {'nome': '174-2', 'iniciais': 'JMC', 'data_nascimento': '1979-03-25', 'sexo': None, 'email': '', 'data_inclusao': '2026-09-11', 'centro': '47', 'contatos': '11111111111'}
2026-09-14 16:48:20,151 - INFO - Volunteer 174-2 already exists in PoloTrial with ID: 3594
2026-09-14 16:48:20,152 - INFO - DEBUG: Searching protocol Embrace for site 47
2026-09-14 16:48:20,618 - INFO - Protocol found: Embrace with ID: 2381 (site=47)
2026-09-14 16:48:21,770 - INFO - Received webhook from REDCap DET: project_id=49, username=eduardosoccasvri, instrument=status_do_participante, record=174-3, redcap_event_name=visita_unica_arm_1, redcap_data_acess_group=, redcap_repeat_instance=None, redcap_repeat_instrument=None, redcap_url=https://svriglobal.org/redcap/, project_url=https://svriglobal.org/redcap/redcap_v17.3.10/index.php?pid=49
2026-09-14 16:48:21,776 - INFO - Dispatch runtime: pid=1003500, module=/mnt/c/Users/Science/Documents/Python/integracao_embrace/src/integracao_embrace/dispatch.py, event_name='visita_unica_arm_1', instrument='status_do_participante'
2026-09-14 16:48:21,779 - INFO - Dispatching to unique visit handles: visita_unica_arm_1
2026-09-14 16:48:21,886 - INFO - DEBUG: Protocol Arm founded for the unique visit: ['Embrace ']
2026-09-14 16:48:21,888 - INFO - Arm matched: Embrace  with ID: 424
2026-09-14 16:48:22,144 - INFO - Debug redcap url: https://svriglobal.org/redcap/api/
2026-09-14 16:48:22,145 - INFO - Debug redcaptoken (First 3 chars): E9A...
2026-09-14 16:48:22,146 - INFO - Debug redcap status: 200
2026-09-14 16:48:22,148 - INFO - Debug redcap response (first 30 chars): [{"record":"174-3","redcap_eve
2026-09-14 16:48:22,150 - INFO - REDCap: filtering event=visita_unica_arm_1 by repeat_instance=None; response instances=['', '1']
2026-09-14 16:48:22,152 - INFO - REDCap: exported record 174-3 for event visita_unica_arm_1, repeat_instance=None, with 224 fields from 259 entries
2026-09-14 16:48:22,154 - INFO - Mapped gender: Mulher ("Cisgênero") ➡ None
2026-09-14 16:48:22,158 - INFO - Mapped site: SVRI Clínica Morumbi ➡ 47
2026-09-14 16:48:22,159 - INFO - Volunteer payload prepared: {'nome': '174-3', 'iniciais': 'JZS', 'data_nascimento': '1984-12-27', 'sexo': None, 'email': '', 'data_inclusao': '2026-09-11', 'centro': '47', 'contatos': '11111111111'}
2026-09-14 16:48:25,182 - INFO - Participant found in PoloTrial with ID: 3583
2026-09-14 16:48:25,216 - INFO - Volunteer 174-3 already exists in PoloTrial with ID: 3595
2026-09-14 16:48:25,217 - INFO - DEBUG: Searching protocol Embrace for site 47
2026-09-14 16:48:25,700 - INFO - Protocol found: Embrace with ID: 2381 (site=47)
2026-09-14 16:48:25,999 - INFO - DEBUG: Protocol Arm founded for the unique visit: ['Embrace ']
2026-09-14 16:48:26,001 - INFO - Arm matched: Embrace  with ID: 424
2026-09-14 16:48:26,682 - INFO - Participant found in PoloTrial with ID: 3584
2026-09-14 16:48:26,823 - INFO - Received webhook from REDCap DET: project_id=49, username=eduardosoccasvri, instrument=status_do_participante, record=174-4, redcap_event_name=visita_unica_arm_1, redcap_data_acess_group=, redcap_repeat_instance=None, redcap_repeat_instrument=None, redcap_url=https://svriglobal.org/redcap/, project_url=https://svriglobal.org/redcap/redcap_v17.3.10/index.php?pid=49
2026-09-14 16:48:26,834 - INFO - Dispatch runtime: pid=1003500, module=/mnt/c/Users/Science/Documents/Python/integracao_embrace/src/integracao_embrace/dispatch.py, event_name='visita_unica_arm_1', instrument='status_do_participante'
2026-09-14 16:48:26,843 - INFO - Dispatching to unique visit handles: visita_unica_arm_1
2026-09-14 16:48:27,713 - INFO - Debug redcap url: https://svriglobal.org/redcap/api/
2026-09-14 16:48:27,732 - INFO - Debug redcaptoken (First 3 chars): E9A...
2026-09-14 16:48:27,735 - INFO - Debug redcap status: 200
2026-09-14 16:48:27,736 - INFO - Debug redcap response (first 30 chars): [{"record":"174-4","redcap_eve
2026-09-14 16:48:27,739 - INFO - REDCap: filtering event=visita_unica_arm_1 by repeat_instance=None; response instances=['', '1']
2026-09-14 16:48:27,754 - INFO - REDCap: exported record 174-4 for event visita_unica_arm_1, repeat_instance=None, with 272 fields from 315 entries
2026-09-14 16:48:27,756 - INFO - Mapped gender: Mulher ("Cisgênero") ➡ None
2026-09-14 16:48:27,757 - INFO - Mapped site: SVRI Clínica Morumbi ➡ 47
2026-09-14 16:48:27,758 - INFO - Volunteer payload prepared: {'nome': '174-4', 'iniciais': 'MGDSTS', 'data_nascimento': '1968-09-21', 'sexo': None, 'email': '', 'data_inclusao': '2026-09-11', 'centro': '47', 'contatos': '11111111111'}
2026-09-14 16:48:27,963 - INFO - Volunteer 174-4 already exists in PoloTrial with ID: 3596
2026-09-14 16:48:27,966 - INFO - DEBUG: Searching protocol Embrace for site 47
2026-09-14 16:48:28,430 - INFO - Protocol found: Embrace with ID: 2381 (site=47)
2026-09-14 16:48:28,732 - INFO - DEBUG: Protocol Arm founded for the unique visit: ['Embrace ']
2026-09-14 16:48:28,736 - INFO - Arm matched: Embrace  with ID: 424
2026-09-14 16:48:29,445 - INFO - Participant found in PoloTrial with ID: 3585
2026-09-14 16:48:31,370 - INFO - Received webhook from REDCap DET: project_id=49, username=eduardosoccasvri, instrument=status_do_participante, record=174-1, redcap_event_name=visita_unica_arm_1, redcap_data_acess_group=, redcap_repeat_instance=None, redcap_repeat_instrument=None, redcap_url=https://svriglobal.org/redcap/, project_url=https://svriglobal.org/redcap/redcap_v17.3.10/index.php?pid=49
2026-09-14 16:48:31,382 - INFO - Dispatch runtime: pid=1003500, module=/mnt/c/Users/Science/Documents/Python/integracao_embrace/src/integracao_embrace/dispatch.py, event_name='visita_unica_arm_1', instrument='status_do_participante'
2026-09-14 16:48:31,389 - INFO - Dispatching to unique visit handles: visita_unica_arm_1
2026-09-14 16:48:31,779 - INFO - Debug redcap url: https://svriglobal.org/redcap/api/
2026-09-14 16:48:31,780 - INFO - Debug redcaptoken (First 3 chars): E9A...
2026-09-14 16:48:31,781 - INFO - Debug redcap status: 200
2026-09-14 16:48:31,782 - INFO - Debug redcap response (first 30 chars): [{"record":"174-1","redcap_eve
2026-09-14 16:48:31,786 - INFO - REDCap: filtering event=visita_unica_arm_1 by repeat_instance=None; response instances=['', '1']
2026-09-14 16:48:31,788 - INFO - REDCap: exported record 174-1 for event visita_unica_arm_1, repeat_instance=None, with 219 fields from 243 entries
2026-09-14 16:48:31,789 - INFO - Mapped gender: Mulher ("Cisgênero") ➡ None
2026-09-14 16:48:31,790 - INFO - Mapped site: SVRI Clínica Morumbi ➡ 47
2026-09-14 16:48:31,793 - INFO - Volunteer payload prepared: {'nome': '174-1', 'iniciais': 'FMS', 'data_nascimento': '1981-11-13', 'sexo': None, 'email': '', 'data_inclusao': '2026-09-11', 'centro': '47', 'contatos': '11111111111'}
2026-09-14 16:48:32,005 - INFO - Volunteer 174-1 already exists in PoloTrial with ID: 3593
2026-09-14 16:48:32,060 - INFO - DEBUG: Searching protocol Embrace for site 47
2026-09-14 16:48:32,718 - INFO - Protocol found: Embrace with ID: 2381 (site=47)
2026-09-14 16:48:32,946 - INFO - DEBUG: Protocol Arm founded for the unique visit: ['Embrace ']
2026-09-14 16:48:32,949 - INFO - Arm matched: Embrace  with ID: 424
2026-09-14 16:48:33,608 - INFO - Participant found in PoloTrial with ID: 3582
2026-09-14 16:48:45,851 - INFO - Participant visits retrieved: 1, for participant ID: 3583
2026-09-14 16:48:45,861 - INFO - Looking for unique visit with name: Visita única among: ['Visita única']
2026-09-14 16:48:45,863 - INFO - Participant visit found: Visita única with ID: 44105
2026-09-14 16:48:46,140 - INFO - Unique visit already up to date (id=44105).
2026-09-14 16:48:46,446 - INFO - DEBUG: Available procedures in PoloTrial for unique visit: ['Módulo Identificação da Paciente ', 'Consulta Médica', 'Módulo Saúde', 'Módulo Menopausa', 'Questionário da Saúde da Mulher - WHQ', 'Questionário Short Form - SF-36', 'Questionário PHQ9', 'Questionário WPAI', 'Questionário GAD-7']
2026-09-14 16:48:46,458 - INFO -  - ID: 738686 | Procedure: Módulo Identificação da Paciente  | Appointment date: 2026-09-11T00:00:00.000Z | Check field: idp3=174-2 | Date field: idp4=2026-09-11
2026-09-14 16:48:46,475 - INFO -  - ID: 738687 | Procedure: Consulta Médica | Appointment date: 2026-09-11T00:00:00.000Z | Check field: cm_atendimento_dt=2026-09-11 | Date field: cm_atendimento_dt=2026-09-11
2026-09-14 16:48:46,478 - INFO -  - ID: 738688 | Procedure: Módulo Saúde | Appointment date: 2026-09-11T00:00:00.000Z | Check field: s0=2026-09-11 | Date field: s0=2026-09-11
2026-09-14 16:48:46,482 - INFO -  - ID: 738689 | Procedure: Módulo Menopausa | Appointment date: 2026-09-11T00:00:00.000Z | Check field: pm0=2026-09-11 | Date field: pm0=2026-09-11
2026-09-14 16:48:46,490 - INFO -  - ID: 738690 | Procedure: Questionário da Saúde da Mulher - WHQ | Appointment date: 2026-09-11T00:00:00.000Z | Check field: whq0=2026-09-11 | Date field: whq0=2026-09-11
2026-09-14 16:48:46,493 - INFO -  - ID: 738691 | Procedure: Questionário Short Form - SF-36 | Appointment date: 2026-09-11T00:00:00.000Z | Check field: sf36_0=2026-09-11 | Date field: sf36_0=2026-09-11
2026-09-14 16:48:46,497 - INFO -  - ID: 738692 | Procedure: Questionário PHQ9 | Appointment date: 2026-09-11T00:00:00.000Z | Check field: phq9_0=2026-09-11 | Date field: phq9_0=2026-09-11
2026-09-14 16:48:46,502 - INFO -  - ID: 738693 | Procedure: Questionário WPAI | Appointment date: 2026-09-11T00:00:00.000Z | Check field: wpai0=2026-09-11 | Date field: wpai0=2026-09-11
2026-09-14 16:48:46,504 - INFO -  - ID: 738694 | Procedure: Questionário GAD-7 | Appointment date: 2026-09-11T00:00:00.000Z | Check field: gad7_0=2026-09-11 | Date field: gad7_0=2026-09-11
2026-09-14 16:48:46,508 - INFO - DEBUG: Procedure mapping summary:
2026-09-14 16:48:46,510 - INFO -  1. Total procedures in PoloTrial for unique visit: 9
2026-09-14 16:48:46,512 - INFO -  2. Matched with REDCap mapping: 9
2026-09-14 16:48:46,515 - INFO -  3. Unmatched procedures: 0
2026-09-14 16:48:46,522 - INFO - No procedures to sync for pattern: M[oóOÓ]dulo\s+Identifica[cçCÇ][aãAÃ]o\s+da\s+Paciente
2026-09-14 16:48:46,535 - INFO - No procedures to sync for pattern: Consulta\s+M[eéEÉ]dica
2026-09-14 16:48:46,540 - INFO - No procedures to sync for pattern: M[oóOÓ]dulo\s+Sa[uúUÚ]de
2026-09-14 16:48:46,551 - INFO - No procedures to sync for pattern: M[oóOÓ]dulo\s+Menopausa
2026-09-14 16:48:46,559 - INFO - No procedures to sync for pattern: Question[aáAÁ]rio\s+da\s+Sa[uúUÚ]de\s+da\s+Mulher\s+-\s+WHQ
2026-09-14 16:48:46,567 - INFO - No procedures to sync for pattern: Question[aáAÁ]rio\s+Short\s+Form\s-\s+SF-36
2026-09-14 16:48:46,580 - INFO - No procedures to sync for pattern: Question[aáAÁ]rio\s+PHQ9
2026-09-14 16:48:46,598 - INFO - No procedures to sync for pattern: Question[aáAÁ]rio\s+WPAI
2026-09-14 16:48:46,611 - INFO - No procedures to sync for pattern: Question[aáAÁ]rio\s+GAD-7
2026-09-14 16:48:46,615 - INFO - Unique visit procedures synchronization completed. Total procedures synced: 0/9
2026-09-14 16:48:46,618 - INFO - Executor name from REDCap: Dra. Fabiane Berta de Sousa
2026-09-14 16:48:47,343 - INFO - Executor 'Dra. Fabiane Berta de Sousa' (ID: 4181) is already linked to procedure ID: 738687. No action needed.
2026-09-14 16:48:47,344 - INFO - Participant visits retrieved: 1, for participant ID: 3584
2026-09-14 16:48:47,344 - INFO - Unique visit synchronization completed for record_id=174-2, event_name=visita_unica_arm_1
2026-09-14 16:48:47,345 - INFO - Looking for unique visit with name: Visita única among: ['Visita única']
2026-09-14 16:48:47,346 - INFO - Dispatching to participant status update handler: instrument=status_do_participante
2026-09-14 16:48:47,348 - INFO - Participant visit found: Visita única with ID: 44106
2026-09-14 16:48:47,544 - INFO - Unique visit already up to date (id=44106).
2026-09-14 16:48:47,803 - INFO - DEBUG: Available procedures in PoloTrial for unique visit: ['Módulo Identificação da Paciente ', 'Consulta Médica', 'Módulo Saúde', 'Módulo Menopausa', 'Questionário da Saúde da Mulher - WHQ', 'Questionário Short Form - SF-36', 'Questionário PHQ9', 'Questionário WPAI', 'Questionário GAD-7']
2026-09-14 16:48:47,815 - INFO -  - ID: 738701 | Procedure: Módulo Identificação da Paciente  | Appointment date: 2026-09-11T00:00:00.000Z | Check field: idp3=174-3 | Date field: idp4=2026-09-11
2026-09-14 16:48:47,818 - INFO -  - ID: 738702 | Procedure: Consulta Médica | Appointment date: 2026-09-11T00:00:00.000Z | Check field: cm_atendimento_dt=2026-09-11 | Date field: cm_atendimento_dt=2026-09-11
2026-09-14 16:48:47,820 - INFO -  - ID: 738703 | Procedure: Módulo Saúde | Appointment date: 2026-09-11T00:00:00.000Z | Check field: s0=2026-09-11 | Date field: s0=2026-09-11
2026-09-14 16:48:47,823 - INFO -  - ID: 738704 | Procedure: Módulo Menopausa | Appointment date: 2026-09-11T00:00:00.000Z | Check field: pm0=2026-09-11 | Date field: pm0=2026-09-11
2026-09-14 16:48:47,825 - INFO -  - ID: 738705 | Procedure: Questionário da Saúde da Mulher - WHQ | Appointment date: nan | Check field: whq0=N/A | Date field: whq0=N/A
2026-09-14 16:48:47,827 - INFO -  - ID: 738706 | Procedure: Questionário Short Form - SF-36 | Appointment date: 2026-09-11T00:00:00.000Z | Check field: sf36_0=2026-09-11 | Date field: sf36_0=2026-09-11
2026-09-14 16:48:47,829 - INFO -  - ID: 738707 | Procedure: Questionário PHQ9 | Appointment date: 2026-09-11T00:00:00.000Z | Check field: phq9_0=2026-09-11 | Date field: phq9_0=2026-09-11
2026-09-14 16:48:47,830 - INFO -  - ID: 738708 | Procedure: Questionário WPAI | Appointment date: 2026-09-11T00:00:00.000Z | Check field: wpai0=2026-09-11 | Date field: wpai0=2026-09-11
2026-09-14 16:48:47,832 - INFO -  - ID: 738709 | Procedure: Questionário GAD-7 | Appointment date: 2026-09-11T00:00:00.000Z | Check field: gad7_0=2026-09-11 | Date field: gad7_0=2026-09-11
2026-09-14 16:48:47,833 - INFO - DEBUG: Procedure mapping summary:
2026-09-14 16:48:47,834 - INFO -  1. Total procedures in PoloTrial for unique visit: 9
2026-09-14 16:48:47,844 - INFO -  2. Matched with REDCap mapping: 9
2026-09-14 16:48:47,846 - INFO -  3. Unmatched procedures: 0
2026-09-14 16:48:48,118 - INFO - No procedures to sync for pattern: M[oóOÓ]dulo\s+Identifica[cçCÇ][aãAÃ]o\s+da\s+Paciente
2026-09-14 16:48:48,126 - INFO - No procedures to sync for pattern: Consulta\s+M[eéEÉ]dica
2026-09-14 16:48:48,136 - INFO - No procedures to sync for pattern: M[oóOÓ]dulo\s+Sa[uúUÚ]de
2026-09-14 16:48:48,142 - INFO - No procedures to sync for pattern: M[oóOÓ]dulo\s+Menopausa
2026-09-14 16:48:48,157 - INFO - No date found in REDCap for procedure Questionário da Saúde da Mulher - WHQ (check_field=whq0, date_field=whq0). Skipping sync.
2026-09-14 16:48:48,166 - INFO - No procedures to sync for pattern: Question[aáAÁ]rio\s+Short\s+Form\s-\s+SF-36
2026-09-14 16:48:48,178 - INFO - No procedures to sync for pattern: Question[aáAÁ]rio\s+PHQ9
2026-09-14 16:48:48,184 - INFO - No procedures to sync for pattern: Question[aáAÁ]rio\s+WPAI
2026-09-14 16:48:48,195 - INFO - No procedures to sync for pattern: Question[aáAÁ]rio\s+GAD-7
2026-09-14 16:48:48,196 - INFO - Unique visit procedures synchronization completed. Total procedures synced: 0/9
2026-09-14 16:48:48,198 - INFO - Executor name from REDCap: Dra. Fabiane Berta de Sousa
2026-09-14 16:48:48,455 - INFO - Debug redcap url: https://svriglobal.org/redcap/api/
2026-09-14 16:48:48,456 - INFO - Debug redcaptoken (First 3 chars): E9A...
2026-09-14 16:48:48,457 - INFO - Debug redcap status: 200
2026-09-14 16:48:48,458 - INFO - Debug redcap response (first 30 chars): [{"record":"174-2","redcap_eve
2026-09-14 16:48:48,461 - INFO - REDCap: filtering event=visita_unica_arm_1 by repeat_instance=None; response instances=['', '1']
2026-09-14 16:48:48,462 - INFO - REDCap: exported record 174-2 for event visita_unica_arm_1, repeat_instance=None, with 272 fields from 320 entries
2026-09-14 16:48:48,464 - INFO - Retrieved REDCap payload for record_id=174-2, event_name=visita_unica_arm_1: {'ae1': 'Sim', 'ae10': 'Não', 'ae11': 'Não', 'ae12': 'Não', 'ae13': 'Não', 'ae14': 'Não', 'ae2': 'Não Aplicável', 'ae3': 'Sim', 'ae4': 'Não', 'ae5': 'Não', 'ae6': 'Não', 'ae7': 'Não', 'ae8': 'Não', 'ae9': 'Não', 'asr1': '12', 'asr2': 'Sim', 'asr3': '2026-09-04', 'asr4': 'Não', 'asr5': 'Não', 'cm_anamnese1': 'Foi entregue à participante uma via do Termo de Consentimento Livre e Esclarecido (TCLE), sendo disponibilizado tempo adequado para que pudesse realizar a leitura e compreender todas as informações apresentadas no documento. A participante declarou não possuir dúvidas e confirmou estar de acordo com sua participação na pesquisa. As duas vias do TCLE foram devidamente rubricadas pela participante e por mim nas páginas 1 até 12. Uma via devidamente preenchida e assinada foi entregue à participante, permanecendo a outra via arquivada no centro de pesquisa.', 'cm_atendimento_dt': '2026-09-11', 'cm_dt_assinatura_tcle': '2026-09-11', 'cm_evolucao_executor': 'Dra. Fabiane Berta de Sousa', 'cm_tcle_upload': '1591', 'cm_tclw_versao': 'v2', 'cm1': 'fogachos ', 'cm10': 'Concordo', 'cm11': 'Concordo', 'cm12': 'tratamento', 'cm13': 'Discordo totalmente', 'cm14': 'Concordo totalmente', 'cm15': 'Concordo apenas em parte', 'cm16': 'Concordo totalmente', 'cm17': 'Concordo totalmente', 'cm18': 'Concordo totalmente', 'cm19': 'Concordo', 'cm2': 'Pouco informado (a)', 'cm20': 'Concordo', 'cm21': 'Não concordo', 'cm22': 'Concordo', 'cm23': 'Não concordo', 'cm24': 'Concordo', 'cm25': 'Concordo', 'cm26': 'Concordo', 'cm27': 'Não concordo', 'cm28': 'Concordo', 'cm29': 'Não concordo', 'cm3': 'Concordo', 'cm30': 'Concordo', 'cm31': 'Concordo', 'cm32': 'Concordo', 'cm4': 'Concordo', 'cm5': 'Não concordo', 'cm6': 'Não concordo', 'cm7': 'Concordo', 'cm8': 'Não concordo', 'cm9': 'Concordo', 'gad7_0': '2026-09-11', 'glad7_1': 'Vários dias', 'glad7_2': 'Vários dias', 'glad7_3': 'Mais da metade dos dias', 'glad7_4': 'Mais da metade dos dias', 'glad7_5': 'Vários dias', 'glad7_6': 'Vários dias', 'glad7_7': 'Nenhuma vez', 'idp_faixa_etaria': '2', 'idp1': 'Jecilene Martins Costa ', 'idp2': 'Mulher ("Cisgênero")', 'idp3': '174-2', 'idp4': '2026-09-11', 'idp5': '47', 'idp6': '1979-03-25', 'idp7': 'SVRI Clínica Morumbi', 'idp8': '26', 'idp9': 'SP', 'mdulo_cm_consulta_mdica_complete': 'Complete', 'modulo_do_participante_complete': 'Complete', 'modulo_idp_identificacao_da_paciente_complete': 'Complete', 'modulo_m_menopausa_complete': 'Complete', 'modulo_participante_dt': '2026-09-11', 'modulo_s_saude_complete': 'Complete', 'modulo_whq_questionario_da_saude_da_mulher_complete': 'Complete', 'mpc1': 'Uma vez ao ano', 'mpc2': '2a', 'mpc3': '3', 'mpc4': 'Manchas escuras (melasma ou manchas senis)', 'mpc5': 'Aumento de rugas finas ou profundas', 'mpc6': 'Couro cabeludo mais seco ou sensível', 'mpc7': 'Crescimento mais lento', 'mpc8': 'Sim.', 'mpc8_1': 'Passei a realizar procedimentos estéticos (ex: toxina botulínica, preenchimento, laser)', 'phq9_0': '2026-09-11', 'phq9_1': 'Nenhuma vez', 'phq9_10': 'Nenhuma dificuldade', 'phq9_2': 'Nenhuma vez', 'phq9_3': 'Nenhuma vez', 'phq9_4': 'Vários dias', 'phq9_5': 'Mais da metade dos dias', 'phq9_6': 'Nenhuma vez', 'phq9_7': 'Quase todos os dias', 'phq9_8': 'Mais da metade dos dias', 'phq9_9': 'Nenhuma vez', 'pm0': '2026-09-11', 'pm1': 'Concordo', 'pm2': 'Concordo totalmente', 'pm3': 'Discordo', 'pm4': 'Discordo', 'pm5': 'Concordo', 'pm6': 'Concordo', 'qsm1': 'Sim, às vezes', 'qsm10': 'Sim, às vezes', 'qsm11': 'Sim, com certeza', 'qsm12': 'Sim, às vezes', 'qsm13': 'Sim, às vezes', 'qsm14': 'Sim, com certeza', 'qsm15': 'Sim, com certeza', 'qsm16': 'Não, raramente', 'qsm17': 'Sim, às vezes', 'qsm18': 'Sim, às vezes', 'qsm19': 'Sim, às vezes', 'qsm2': 'Não, raramente', 'qsm20': 'Não, raramente', 'qsm21': 'Sim, com certeza', 'qsm22': 'Não, absolutamente', 'qsm23': 'Não, absolutamente', 'qsm24': 'Sim, às vezes', 'qsm25': 'Sim, às vezes', 'qsm26': 'Sim, às vezes', 'qsm27': 'Sim, com certeza', 'qsm28': 'Sim, com certeza', 'qsm29': 'Não, raramente', 'qsm3': 'Não, absolutamente', 'qsm30': 'Sim, com certeza', 'qsm31': 'Não, absolutamente', 'qsm32': 'Não, raramente', 'qsm33': 'Sim, com certeza', 'qsm34': 'Sim, com certeza', 'qsm35': 'Sim, às vezes', 'qsm36': 'Sim, com certeza', 'qsm37': 'Sim, Quais?', 'qsm37_1': 'Esquecimento, dor de cabeça e a falta de relação sexual. ', 'qsm4': 'Não, absolutamente', 'qsm5': 'Não, absolutamente', 'qsm6': 'Sim, às vezes', 'qsm7': 'Sim, às vezes', 'qsm8': 'Não, absolutamente', 'qsm9': 'Não, absolutamente', 's0': '2026-09-11', 's1_1': '76', 's1_2': '1.65', 's10': 'Sim', 's11': 'Outra (as) doença (as) crônica (as)?', 's11_3': 'hipotireoidismo', 's12': 'Não', 's13': 'Não', 's14': 'Não.', 's15': 'Sim', 's16': 'Outro (os), qual (is)?', 's16_1': 'tizerpatida ha 2 anos ', 's17': 'Não', 's18': 'Sim', 's19': '16', 's2': '86', 's20': 'Não', 's22': 'Não', 's23': 'Sim', 's24': '5 ou mais', 's25': '60', 's26': 'Musculação', 's27': 'Vigorosa', 's28': 'Uma vez ou mais por mês', 's29': '2', 's3': '99', 's3_1': '8982', 's3_2': '0.8686868686868687', 's3_3': '7800.181818181818', 's30': '1 fardo cerveja + 2 garrafas vinho', 's31': 'Sim', 's32': 'Não', 's4': '102', 's5': '62', 's6': 'Muito Bom', 's7': '279155.19', 's7_1': 'Sim, qual(is)', 's7_2': 'Outra', 's8_1': '3,010', 's8_10': '56', 's8_11': 'UNK', 's8_12': '4,8', 's8_13': '22', 's8_2': '0,78', 's8_3': '1,67', 's8_4': '3,61', 's8_5': '111,9', 's8_6': '3,34', 's8_7': '164', 's8_8': '102', 's8_9': '48', 's9_1': 'Não', 'sc1_1': 'Outros', 'sc1_2': 'esquecimento - brain fog', 'sd1': 'Casado(a)', 'sd2': 'Ensino Médio Completo', 'sd3': 'Parda', 'sd4': 'Não', 'sd5': '3 ou mais', 'sd6': '3 ou mais', 'sd7': '0', 'se1': '2', 'se10': '0', 'se11': '1', 'se12': '0', 'se13': 'Rede Geral de Distribuição', 'se14': 'Ensino Médio Completo', 'se15': 'Atendimento particular', 'se2': '1', 'se3': '2', 'se4': '2', 'se5': '1', 'se6': '0', 'se7': '3', 'se8': '0', 'se9': '1', 'sf36_0': '2026-09-11', 'sf36_1': 'Boa', 'sf36_10': 'Não, não dificulta de modo algum', 'sf36_11': 'Não, não dificulta de modo algum', 'sf36_12': 'Não, não dificulta de modo algum', 'sf36_13': 'Não', 'sf36_14': 'Não', 'sf36_15': 'Não', 'sf36_16': 'Não', 'sf36_17': 'Não', 'sf36_18': 'Não', 'sf36_19': 'Não', 'sf36_2': 'Um pouco melhor', 'sf36_20': 'De forma nenhuma', 'sf36_21': 'Muito leve', 'sf36_22': 'Ligeiramente', 'sf36_23': 'Uma boa parte do tempo', 'sf36_24': 'Alguma parte do tempo', 'sf36_25': 'Uma pequena parte do tempo', 'sf36_26': 'Uma boa parte do tempo', 'sf36_27': 'Uma boa parte do tempo', 'sf36_28': 'Uma pequena parte do tempo', 'sf36_29': 'Uma pequena parte do tempo', 'sf36_3': 'Não, não dificulta de modo algum', 'sf36_30': 'Uma boa parte do tempo', 'sf36_31': 'Uma pequena parte do tempo', 'sf36_32': 'Uma pequena parte do tempo', 'sf36_33': 'Não sei', 'sf36_34': 'A maioria das vezes verdadeiro', 'sf36_35': 'Definitivamente falso', 'sf36_36': 'A maioria das vezes verdadeiro', 'sf36_4': 'Não, não dificulta de modo algum', 'sf36_5': 'Não, não dificulta de modo algum', 'sf36_6': 'Não, não dificulta de modo algum', 'sf36_7': 'Não, não dificulta de modo algum', 'sf36_8': 'Não, não dificulta de modo algum', 'sf36_9': 'Não, não dificulta de modo algum', 'status_do_participante_complete': 'Complete', 'status_participante': 'Concluído', 'status_participante_dt': '2026-09-11', 'survey_sc1_1': 'Alterações de humor', 'whq0': '2026-09-11', 'wpai0': '2026-09-11', 'wpai1': 'Sim', 'wpai2': '3:00', 'wpai3': '12:00', 'wpai4': '9 :00', 'wpai5': '5', 'wpai6': '5'}
2026-09-14 16:48:48,712 - INFO - Executor 'Dra. Fabiane Berta de Sousa' (ID: 4181) is already linked to procedure ID: 738702. No action needed.
2026-09-14 16:48:48,718 - INFO - Unique visit synchronization completed for record_id=174-3, event_name=visita_unica_arm_1
2026-09-14 16:48:48,722 - INFO - Dispatching to participant status update handler: instrument=status_do_participante
2026-09-14 16:48:48,794 - INFO - Debug redcap url: https://svriglobal.org/redcap/api/
2026-09-14 16:48:48,796 - INFO - Debug redcaptoken (First 3 chars): E9A...
2026-09-14 16:48:48,797 - INFO - Debug redcap status: 200
2026-09-14 16:48:48,799 - INFO - Debug redcap response (first 30 chars): [{"record":"174-2","redcap_eve
2026-09-14 16:48:48,802 - INFO - REDCap: filtering event=visita_unica_arm_1 by repeat_instance=None; response instances=['', '1']
2026-09-14 16:48:48,812 - INFO - REDCap: exported record 174-2 for event visita_unica_arm_1, repeat_instance=None, with 272 fields from 320 entries
2026-09-14 16:48:49,009 - INFO - Found volunteer in PoloTrial: record_id=174-2, volunteer_code=3594
2026-09-14 16:48:49,454 - INFO - Found protocol in PoloTrial: site_code=47, protocol_nickname=Embrace, protocol_code=2381
2026-09-14 16:48:49,641 - INFO - Debug redcap url: https://svriglobal.org/redcap/api/
2026-09-14 16:48:49,646 - INFO - Debug redcaptoken (First 3 chars): E9A...
2026-09-14 16:48:49,657 - INFO - Debug redcap status: 200
2026-09-14 16:48:49,663 - INFO - Debug redcap response (first 30 chars): [{"record":"174-3","redcap_eve
2026-09-14 16:48:49,674 - INFO - REDCap: filtering event=visita_unica_arm_1 by repeat_instance=None; response instances=['', '1']
2026-09-14 16:48:49,679 - INFO - REDCap: exported record 174-3 for event visita_unica_arm_1, repeat_instance=None, with 224 fields from 259 entries
2026-09-14 16:48:49,681 - INFO - Retrieved REDCap payload for record_id=174-3, event_name=visita_unica_arm_1: {'ae1': 'Sim', 'ae10': 'Não', 'ae11': 'Não', 'ae12': 'Não', 'ae13': 'Não', 'ae14': 'Não', 'ae2': 'Não Aplicável', 'ae3': 'Sim', 'ae4': 'Não', 'ae5': 'Não', 'ae6': 'Não', 'ae7': 'Não', 'ae8': 'Não', 'ae9': 'Não', 'asr1': '11', 'asr2': 'Sim', 'asr3': '2026-09-11', 'asr4': 'Não', 'asr5': 'Não', 'cm_anamnese1': 'Foi entregue à participante uma via do Termo de Consentimento Livre e Esclarecido (TCLE), sendo disponibilizado tempo adequado para que pudesse realizar a leitura e compreender todas as informações apresentadas no documento. A participante declarou não possuir dúvidas e confirmou estar de acordo com sua participação na pesquisa. As duas vias do TCLE foram devidamente rubricadas pela participante e por mim nas páginas 1 até 12. Uma via devidamente preenchida e assinada foi entregue à participante, permanecendo a outra via arquivada no centro de pesquisa', 'cm_atendimento_dt': '2026-09-11', 'cm_dt_assinatura_tcle': '2026-09-11', 'cm_evolucao_executor': 'Dra. Fabiane Berta de Sousa', 'cm_tcle_upload': '1592', 'cm_tclw_versao': 'v2', 'cm1': 'perda', 'cm10': 'Concordo', 'cm11': 'Concordo', 'cm12': 'fazer a reposicao', 'cm13': 'Concordo totalmente', 'cm14': 'Discordo totalmente', 'cm15': 'Discordo apenas em parte', 'cm16': 'Concordo totalmente', 'cm17': 'Concordo totalmente', 'cm18': 'Concordo totalmente', 'cm19': 'Concordo', 'cm2': 'Não informado (a)', 'cm20': 'Concordo', 'cm21': 'Não concordo', 'cm22': 'Concordo', 'cm23': 'Não concordo', 'cm24': 'Não sei opinar', 'cm25': 'Concordo', 'cm26': 'Concordo', 'cm27': 'Não concordo', 'cm28': 'Concordo', 'cm29': 'Concordo', 'cm3': 'Concordo', 'cm30': 'Não concordo', 'cm31': 'Concordo', 'cm32': 'Concordo', 'cm4': 'Concordo', 'cm5': 'Não concordo', 'cm6': 'Concordo', 'cm7': 'Concordo', 'cm8': 'Concordo', 'cm9': 'Concordo', 'gad7_0': '2026-09-11', 'glad7_1': 'Quase todos os dias', 'glad7_2': 'Mais da metade dos dias', 'glad7_3': 'Quase todos os dias', 'glad7_4': 'Quase todos os dias', 'glad7_5': 'Nenhuma vez', 'glad7_6': 'Quase todos os dias', 'glad7_7': 'Nenhuma vez', 'idp_faixa_etaria': '1', 'idp1': 'Juliana Zanon Silva ', 'idp2': 'Mulher ("Cisgênero")', 'idp3': '174-3', 'idp4': '2026-09-11', 'idp5': '41', 'idp6': '1984-12-27', 'idp7': 'SVRI Clínica Morumbi', 'idp8': '26', 'idp9': 'SP', 'mdulo_cm_consulta_mdica_complete': 'Complete', 'modulo_do_participante_complete': 'Complete', 'modulo_idp_identificacao_da_paciente_complete': 'Complete', 'modulo_m_menopausa_complete': 'Complete', 'modulo_participante_dt': '1984-12-27', 'modulo_s_saude_complete': 'Complete', 'mpc1': 'Apenas quando surge algum problema específico', 'mpc2': '2b', 'mpc3': '2', 'mpc4': 'Aparecimento de acne (espinhas)', 'mpc5': 'Manchas escuras (melasma ou manchas senis)', 'mpc6': 'Coceira ou descamação no couro cabeludo (caspa)', 'mpc7': 'Alteração na textura (fios mais rebeldes ou quebradiços)', 'mpc8': 'Não se aplica, não estou no climatério ou menopausa.', 'phq9_0': '2026-09-11', 'phq9_1': 'Mais da metade dos dias', 'phq9_10': 'Nenhuma dificuldade', 'phq9_2': 'Nenhuma vez', 'phq9_3': 'Vários dias', 'phq9_4': 'Vários dias', 'phq9_5': 'Nenhuma vez', 'phq9_6': 'Mais da metade dos dias', 'phq9_7': 'Vários dias', 'phq9_8': 'Nenhuma vez', 'phq9_9': 'Nenhuma vez', 'pm0': '2026-09-11', 'pm1': 'Concordo', 'pm2': 'Discordo', 'pm3': 'Discordo', 'pm4': 'Concordo', 'pm5': 'Concordo', 'pm6': 'Discordo', 's0': '2026-09-11', 's1_1': '66300', 's1_2': '169', 's10': 'Não', 's12': 'Não', 's13': 'Não', 's14': 'Não.', 's15': 'Não.', 's17': 'Não', 's18': 'Não', 's2': '79', 's22': 'Não', 's23': 'Sim', 's24': '4', 's25': '120', 's26': 'Outro, qual?', 's27': 'Vigorosa', 's28': 'Nunca', 's28_outro': 'voleyball', 's3': '98.5', 's3_1': '69.42603550295858', 's3_2': '0.8020304568527918', 's3_3': '52.11834319526628', 's32': 'Não', 's4': '113', 's5': '69', 's6': 'Muito Bom', 's7': '23213.47', 's7_1': 'Sim, qual(is)', 's7_2': 'Outra', 's8_1': '1.97', 's8_10': '76', 's8_11': 'UNK', 's8_12': '5.3', 's8_13': '18', 's8_2': '1.21', 's8_3': '6.0', 's8_4': '9.1', 's8_5': '50.6', 's8_6': '0.43', 's8_7': '183', 's8_8': '101', 's8_9': '65', 's9_1': 'Não', 'sc1_1': 'Outros', 'sc1_2': 'esquecimento - brain fog', 'sd1': 'Viúvo(a)', 'sd2': 'Ensino Superior Incompleto', 'sd3': 'Branca', 'sd4': 'Sim', 'sd5': '1', 'sd6': '1', 'sd7': '1', 'se1': '1', 'se10': '1', 'se11': '1', 'se12': '1', 'se13': 'Rede Geral de Distribuição', 'se14': 'Ensino Superior Incompleto', 'se15': 'Plano de saúde privado', 'se2': '1', 'se3': '2', 'se4': '0', 'se5': '1', 'se6': '0', 'se7': '1', 'se8': '0', 'se9': '1', 'sf36_0': '2026-09-11', 'sf36_1': 'Boa', 'sf36_10': 'Sim, dificulta um pouco', 'sf36_11': 'Não, não dificulta de modo algum', 'sf36_12': 'Não, não dificulta de modo algum', 'sf36_13': 'Não', 'sf36_14': 'Não', 'sf36_15': 'Não', 'sf36_16': 'Não', 'sf36_17': 'Não', 'sf36_18': 'Não', 'sf36_19': 'Sim', 'sf36_2': 'Um pouco melhor', 'sf36_20': 'Ligeiramente', 'sf36_21': 'Moderada', 'sf36_22': 'Ligeiramente', 'sf36_23': 'Uma boa parte do tempo', 'sf36_24': 'Alguma parte do tempo', 'sf36_25': 'Uma pequena parte do tempo', 'sf36_26': 'Uma boa parte do tempo', 'sf36_27': 'Alguma parte do tempo', 'sf36_28': 'Alguma parte do tempo', 'sf36_29': 'Alguma parte do tempo', 'sf36_3': 'Não, não dificulta de modo algum', 'sf36_30': 'Uma boa parte do tempo', 'sf36_31': 'Alguma parte do tempo', 'sf36_32': 'Uma pequena parte do tempo', 'sf36_33': 'Não sei', 'sf36_34': 'A maioria das vezes verdadeiro', 'sf36_35': 'Não sei', 'sf36_36': 'A maioria das vezes verdadeiro', 'sf36_4': 'Não, não dificulta de modo algum', 'sf36_5': 'Sim, dificulta um pouco', 'sf36_6': 'Sim, dificulta um pouco', 'sf36_7': 'Não, não dificulta de modo algum', 'sf36_8': 'Sim, dificulta um pouco', 'sf36_9': 'Não, não dificulta de modo algum', 'status_do_participante_complete': 'Complete', 'status_participante': 'Concluído', 'status_participante_dt': '2026-09-11', 'survey_sc1_1': 'Outros', 'survey_sc1_2': 'esquecimento, névoa  mental', 'wpai0': '2026-09-11', 'wpai1': 'Sim', 'wpai2': '0', 'wpai3': '0', 'wpai4': '10', 'wpai5': '5', 'wpai6': '0'}
2026-09-14 16:48:49,996 - INFO - Debug redcap url: https://svriglobal.org/redcap/api/
2026-09-14 16:48:49,997 - INFO - Debug redcaptoken (First 3 chars): E9A...
2026-09-14 16:48:49,998 - INFO - Debug redcap status: 200
2026-09-14 16:48:49,999 - INFO - Debug redcap response (first 30 chars): [{"record":"174-3","redcap_eve
2026-09-14 16:48:50,002 - INFO - REDCap: filtering event=visita_unica_arm_1 by repeat_instance=None; response instances=['', '1']
2026-09-14 16:48:50,004 - INFO - REDCap: exported record 174-3 for event visita_unica_arm_1, repeat_instance=None, with 224 fields from 259 entries
2026-09-14 16:48:50,113 - INFO - Participant visits retrieved: 1, for participant ID: 3585
2026-09-14 16:48:50,113 - INFO - Found participant in PoloTrial: volunteer_code=3594, protocol_code=2381, participant_code=3583
2026-09-14 16:48:50,132 - INFO - Looking for unique visit with name: Visita única among: ['Visita única']
2026-09-14 16:48:50,185 - INFO - Mapped REDCap status=Concluído to PoloTrial status_code=308 for record_id=174-2
2026-09-14 16:48:50,191 - INFO - Participant visit found: Visita única with ID: 44107
2026-09-14 16:48:50,390 - INFO - Unique visit already up to date (id=44107).
2026-09-14 16:48:50,651 - INFO - DEBUG: Available procedures in PoloTrial for unique visit: ['Módulo Identificação da Paciente ', 'Consulta Médica', 'Módulo Saúde', 'Módulo Menopausa', 'Questionário da Saúde da Mulher - WHQ', 'Questionário Short Form - SF-36', 'Questionário PHQ9', 'Questionário WPAI', 'Questionário GAD-7']
2026-09-14 16:48:50,666 - INFO -  - ID: 738716 | Procedure: Módulo Identificação da Paciente  | Appointment date: 2026-09-11T00:00:00.000Z | Check field: idp3=174-4 | Date field: idp4=2026-09-11
2026-09-14 16:48:50,672 - INFO -  - ID: 738717 | Procedure: Consulta Médica | Appointment date: nan | Check field: cm_atendimento_dt=N/A | Date field: cm_atendimento_dt=N/A
2026-09-14 16:48:50,690 - INFO -  - ID: 738718 | Procedure: Módulo Saúde | Appointment date: 2026-09-11T00:00:00.000Z | Check field: s0=2026-09-11 | Date field: s0=2026-09-11
2026-09-14 16:48:50,703 - INFO -  - ID: 738719 | Procedure: Módulo Menopausa | Appointment date: 2026-09-11T00:00:00.000Z | Check field: pm0=2026-09-11 | Date field: pm0=2026-09-11
2026-09-14 16:48:50,717 - INFO -  - ID: 738720 | Procedure: Questionário da Saúde da Mulher - WHQ | Appointment date: 2026-09-11T00:00:00.000Z | Check field: whq0=2026-09-11 | Date field: whq0=2026-09-11
2026-09-14 16:48:50,732 - INFO -  - ID: 738721 | Procedure: Questionário Short Form - SF-36 | Appointment date: 2026-09-11T00:00:00.000Z | Check field: sf36_0=2026-09-11 | Date field: sf36_0=2026-09-11
2026-09-14 16:48:50,740 - INFO -  - ID: 738722 | Procedure: Questionário PHQ9 | Appointment date: 2026-09-11T00:00:00.000Z | Check field: phq9_0=2026-09-11 | Date field: phq9_0=2026-09-11
2026-09-14 16:48:50,760 - INFO -  - ID: 738723 | Procedure: Questionário WPAI | Appointment date: 2026-09-11T00:00:00.000Z | Check field: wpai0=2026-09-11 | Date field: wpai0=2026-09-11
2026-09-14 16:48:50,765 - INFO -  - ID: 738724 | Procedure: Questionário GAD-7 | Appointment date: 2026-09-11T00:00:00.000Z | Check field: gad7_0=2026-09-11 | Date field: gad7_0=2026-09-11
2026-09-14 16:48:50,790 - INFO - DEBUG: Procedure mapping summary:
2026-09-14 16:48:50,793 - INFO -  1. Total procedures in PoloTrial for unique visit: 9
2026-09-14 16:48:50,795 - INFO -  2. Matched with REDCap mapping: 9
2026-09-14 16:48:50,798 - INFO -  3. Unmatched procedures: 0
2026-09-14 16:48:50,804 - INFO - No procedures to sync for pattern: M[oóOÓ]dulo\s+Identifica[cçCÇ][aãAÃ]o\s+da\s+Paciente
2026-09-14 16:48:50,813 - INFO - No date found in REDCap for procedure Consulta Médica (check_field=cm_atendimento_dt, date_field=cm_atendimento_dt). Skipping sync.
2026-09-14 16:48:50,823 - INFO - No procedures to sync for pattern: M[oóOÓ]dulo\s+Sa[uúUÚ]de
2026-09-14 16:48:50,835 - INFO - No procedures to sync for pattern: M[oóOÓ]dulo\s+Menopausa
2026-09-14 16:48:50,843 - INFO - No procedures to sync for pattern: Question[aáAÁ]rio\s+da\s+Sa[uúUÚ]de\s+da\s+Mulher\s+-\s+WHQ
2026-09-14 16:48:50,861 - INFO - No procedures to sync for pattern: Question[aáAÁ]rio\s+Short\s+Form\s-\s+SF-36
2026-09-14 16:48:50,869 - INFO - No procedures to sync for pattern: Question[aáAÁ]rio\s+PHQ9
2026-09-14 16:48:50,875 - INFO - No procedures to sync for pattern: Question[aáAÁ]rio\s+WPAI
2026-09-14 16:48:50,892 - INFO - No procedures to sync for pattern: Question[aáAÁ]rio\s+GAD-7
2026-09-14 16:48:50,896 - INFO - Unique visit procedures synchronization completed. Total procedures synced: 0/9
2026-09-14 16:48:50,901 - INFO - Executor name from REDCap: Dra. Fabiane Berta de Sousa
2026-09-14 16:48:50,903 - INFO - No date held provided in REDCap payload. Skipping executor synchronization.
2026-09-14 16:48:50,905 - INFO - Unique visit synchronization completed for record_id=174-4, event_name=visita_unica_arm_1
2026-09-14 16:48:50,911 - INFO - Dispatching to participant status update handler: instrument=status_do_participante
2026-09-14 16:48:51,155 - INFO - Updated participant status in PoloTrial for record_id=174-2: 540 -> 308
2026-09-14 16:48:51,156 - INFO - Successfully dispatched event: record_id=174-2, event_name=visita_unica_arm_1, repeat_instance=None
2026-09-14 16:48:51,236 - INFO - Debug redcap url: https://svriglobal.org/redcap/api/
2026-09-14 16:48:51,237 - INFO - Debug redcaptoken (First 3 chars): E9A...
2026-09-14 16:48:51,238 - INFO - Debug redcap status: 200
2026-09-14 16:48:51,239 - INFO - Debug redcap response (first 30 chars): [{"record":"174-4","redcap_eve
2026-09-14 16:48:51,243 - INFO - REDCap: filtering event=visita_unica_arm_1 by repeat_instance=None; response instances=['', '1']
2026-09-14 16:48:51,244 - INFO - REDCap: exported record 174-4 for event visita_unica_arm_1, repeat_instance=None, with 272 fields from 315 entries
2026-09-14 16:48:51,246 - INFO - Retrieved REDCap payload for record_id=174-4, event_name=visita_unica_arm_1: {'ae1': 'Sim', 'ae10': 'Não', 'ae11': 'Não', 'ae12': 'Não', 'ae13': 'Não', 'ae14': 'Não', 'ae2': 'Não Aplicável', 'ae3': 'Sim', 'ae4': 'Não', 'ae5': 'Não', 'ae6': 'Não', 'ae7': 'Não', 'ae9': 'Não', 'asr1': '16', 'asr2': 'Não', 'asr3': '2023-09-05', 'asr4': 'Não', 'asr5': 'Sim', 'asr6': '54', 'cm_anamnese1': 'Foi entregue à participante uma via do Termo de Consentimento Livre e Esclarecido (TCLE), sendo disponibilizado tempo adequado para que pudesse realizar a leitura e compreender todas as informações apresentadas no documento. A participante declarou não possuir dúvidas e confirmou estar de acordo com sua participação na pesquisa. As duas vias do TCLE foram devidamente rubricadas pela participante e por mim nas páginas 1 até 12. Uma via devidamente preenchida e assinada foi entregue à participante, permanecendo a outra via arquivada no centro de pesquisa.', 'cm_dt_assinatura_tcle': '2026-09-11', 'cm_evolucao_executor': 'Dra. Fabiane Berta de Sousa', 'cm_tclw_versao': 'v2', 'cm1': 'vai sofrer ', 'cm10': 'Concordo', 'cm11': 'Concordo', 'cm12': 'tratamento', 'cm13': 'Discordo totalmente', 'cm14': 'Não sei opinar', 'cm15': 'Não sei opinar', 'cm16': 'Concordo totalmente', 'cm17': 'Não sei opinar', 'cm18': 'Não sei opinar', 'cm19': 'Concordo', 'cm2': 'Pouco informado (a)', 'cm20': 'Concordo', 'cm21': 'Não sei opinar', 'cm22': 'Concordo', 'cm23': 'Não sei opinar', 'cm24': 'Não sei opinar', 'cm25': 'Concordo', 'cm26': 'Concordo', 'cm27': 'Não concordo', 'cm28': 'Concordo', 'cm29': 'Não sei opinar', 'cm3': 'Concordo', 'cm30': 'Não sei opinar', 'cm31': 'Não concordo', 'cm32': 'Concordo', 'cm4': 'Concordo', 'cm5': 'Não concordo', 'cm6': 'Não sei opinar', 'cm7': 'Concordo', 'cm8': 'Concordo', 'cm9': 'Concordo', 'gad7_0': '2026-09-11', 'glad7_1': 'Mais da metade dos dias', 'glad7_2': 'Mais da metade dos dias', 'glad7_3': 'Quase todos os dias', 'glad7_4': 'Quase todos os dias', 'glad7_5': 'Quase todos os dias', 'glad7_6': 'Quase todos os dias', 'glad7_7': 'Vários dias', 'idp_faixa_etaria': '3', 'idp1': 'Maridete Gil da Silva Teixeira Soares ', 'idp2': 'Mulher ("Cisgênero")', 'idp3': '174-4', 'idp4': '2026-09-11', 'idp5': '57', 'idp6': '1968-09-21', 'idp7': 'SVRI Clínica Morumbi', 'idp8': '26', 'idp9': 'SP', 'mdulo_cm_consulta_mdica_complete': 'Complete', 'modulo_do_participante_complete': 'Complete', 'modulo_idp_identificacao_da_paciente_complete': 'Complete', 'modulo_m_menopausa_complete': 'Complete', 'modulo_participante_dt': '2026-09-11', 'modulo_s_saude_complete': 'Complete', 'modulo_whq_questionario_da_saude_da_mulher_complete': 'Complete', 'mpc1': 'Nunca consultei', 'mpc2': '2a', 'mpc3': '6', 'mpc4': 'Manchas escuras (melasma ou manchas senis)', 'mpc5': 'Manchas escuras (melasma ou manchas senis)', 'mpc6': 'Aumento da oleosidade na raiz', 'mpc7': 'Alteração na textura (fios mais rebeldes ou quebradiços)', 'mpc8': 'Não', 'phq9_0': '2026-09-11', 'phq9_1': 'Vários dias', 'phq9_10': 'Muita dificuldade', 'phq9_2': 'Vários dias', 'phq9_3': 'Quase todos os dias', 'phq9_4': 'Quase todos os dias', 'phq9_5': 'Mais da metade dos dias', 'phq9_6': 'Nenhuma vez', 'phq9_7': 'Quase todos os dias', 'phq9_8': 'Mais da metade dos dias', 'phq9_9': 'Nenhuma vez', 'pm0': '2026-09-11', 'pm1': 'Neutro', 'pm2': 'Discordo', 'pm3': 'Concordo totalmente', 'pm4': 'Concordo totalmente', 'pm5': 'Discordo', 'pm6': 'Neutro', 'qsm1': 'Sim, com certeza', 'qsm10': 'Sim, com certeza', 'qsm11': 'Não, raramente', 'qsm12': 'Sim, às vezes', 'qsm13': 'Sim, às vezes', 'qsm14': 'Não, raramente', 'qsm15': 'Sim, às vezes', 'qsm16': 'Sim, às vezes', 'qsm17': 'Não, absolutamente', 'qsm18': 'Sim, com certeza', 'qsm19': 'Sim, com certeza', 'qsm2': 'Sim, com certeza', 'qsm20': 'Sim, com certeza', 'qsm21': 'Não, raramente', 'qsm22': 'Sim, às vezes', 'qsm23': 'Sim, às vezes', 'qsm24': 'Não, absolutamente', 'qsm25': 'Sim, às vezes', 'qsm26': 'NA', 'qsm27': 'Sim, com certeza', 'qsm28': 'Sim, às vezes', 'qsm29': 'Sim, com certeza', 'qsm3': 'Sim, às vezes', 'qsm30': 'Sim, com certeza', 'qsm31': 'Não, absolutamente', 'qsm32': 'Não, raramente', 'qsm33': 'Sim, com certeza', 'qsm34': 'Sim, com certeza', 'qsm35': 'Sim, com certeza', 'qsm36': 'Sim, com certeza', 'qsm37': 'Sim, Quais?', 'qsm37_1': 'Esquecimento, relação sexual, dificuldade de pegar no sono, suores noturnos, desanimo, dores no corpo, irritação nas partes íntimas, coceira e zumbido nos ouvidos.', 'qsm4': 'Não, raramente', 'qsm5': 'Sim, às vezes', 'qsm6': 'Não, raramente', 'qsm7': 'Sim, às vezes', 'qsm8': 'Não, raramente', 'qsm9': 'Não, raramente', 's0': '2026-09-11', 's1_1': '67.300', 's1_2': '1.65', 's10': 'Sim', 's11': 'Outra (as) doença (as) crônica (as)?', 's11_3': 'depressao - dislipidemia', 's12': 'Não', 's13': 'Não', 's14': 'Sim, qual (is)?', 's14_dt_inicio': '2026-06-02', 's14_medicamento': 'fluoxetina 20 mg ', 's15': 'Sim', 's16': 'Estatinas - para coleterol alto (ex.: sinvastatina, atorvastatina)', 's17': 'Não', 's18': 'Não', 's2': '83', 's22': 'Não', 's23': 'Sim', 's24': '2', 's25': '90', 's26': 'Outro, qual?', 's27': 'Moderada', 's28': 'Menos de um vez por mês', 's28_outro': 'danca ', 's29': '0.1', 's3': '106', 's3_1': '9618.363636363636', 's3_2': '0.7830188679245284', 's3_3': '7527.454545454545', 's30': '1 calice de vinho ', 's31': 'Não', 's32': 'Não', 's4': '138', 's5': '78', 's6': 'Ruim', 's7': '247199.27', 's7_1': 'Sim, qual(is)', 's7_2': 'Outra', 's8_1': '2.78', 's8_10': '87', 's8_11': '95', 's8_12': '5.9', 's8_13': '0', 's8_2': '1.26', 's8_3': '59.65', 's8_4': '91.87', 's8_5': 'UNK', 's8_6': 'UNK', 's8_7': '240', 's8_8': '170', 's8_9': '53', 's9_1': 'Sim, qual(is)?', 's9_2': 'Doenças psiquiátricas', 'sc1_1': 'Outros', 'sc1_2': 'esquecimento - brain fog', 'sd1': 'Casado(a)', 'sd2': 'Ensino Médio Completo', 'sd3': 'Parda', 'sd4': 'Sim', 'sd5': '3 ou mais', 'sd6': '2', 'sd7': '0', 'se1': '0', 'se10': '0', 'se11': '1', 'se12': '0', 'se13': 'Rede Geral de Distribuição', 'se14': 'Ensino Fund. I Incompleto', 'se15': 'SUS (Sistema Único de Saúde)', 'se2': '1', 'se3': '1', 'se4': '0', 'se5': '1', 'se6': '1', 'se7': '1', 'se8': '0', 'se9': '1', 'sf36_0': '2026-09-11', 'sf36_1': 'Ruim', 'sf36_10': 'Sim, dificulta muito', 'sf36_11': 'Não, não dificulta de modo algum', 'sf36_12': 'Sim, dificulta um pouco', 'sf36_13': 'Sim', 'sf36_14': 'Sim', 'sf36_15': 'Sim', 'sf36_16': 'Sim', 'sf36_17': 'Sim', 'sf36_18': 'Sim', 'sf36_19': 'Sim', 'sf36_2': 'Quase a mesma', 'sf36_20': 'Bastante', 'sf36_21': 'Moderada', 'sf36_22': 'Moderadamente', 'sf36_23': 'Uma pequena parte do tempo', 'sf36_24': 'A maior parte do tempo', 'sf36_25': 'Uma pequena parte do tempo', 'sf36_26': 'Alguma parte do tempo', 'sf36_27': 'Uma pequena parte do tempo', 'sf36_28': 'Uma boa parte do tempo', 'sf36_29': 'Uma boa parte do tempo', 'sf36_3': 'Sim, dificulta muito', 'sf36_30': 'Uma pequena parte do tempo', 'sf36_31': 'Uma boa parte do tempo', 'sf36_32': 'A maior parte do tempo', 'sf36_33': 'Não sei', 'sf36_34': 'Não sei', 'sf36_35': 'A maioria das vezes verdadeiro', 'sf36_36': 'A maioria das vezes falso', 'sf36_4': 'Sim, dificulta um pouco', 'sf36_5': 'Sim, dificulta um pouco', 'sf36_6': 'Sim, dificulta muito', 'sf36_7': 'Não, não dificulta de modo algum', 'sf36_8': 'Sim, dificulta um pouco', 'sf36_9': 'Sim, dificulta um pouco', 'status_do_participante_complete': 'Complete', 'status_participante': 'Concluído', 'status_participante_dt': '2026-09-11', 'survey_sc1_1': 'Outros', 'survey_sc1_2': 'Coceira, calores e falta de memória ', 'trh1': 'Não', 'whq0': '2026-09-11', 'wpai0': '2026-09-11', 'wpai1': 'Sim', 'wpai2': '0', 'wpai3': '5', 'wpai4': '5', 'wpai5': '8', 'wpai6': '8'}
2026-09-14 16:48:51,279 - INFO - Found volunteer in PoloTrial: record_id=174-3, volunteer_code=3595
2026-09-14 16:48:51,546 - INFO - Debug redcap url: https://svriglobal.org/redcap/api/
2026-09-14 16:48:51,550 - INFO - Debug redcaptoken (First 3 chars): E9A...
2026-09-14 16:48:51,552 - INFO - Debug redcap status: 200
2026-09-14 16:48:51,555 - INFO - Debug redcap response (first 30 chars): [{"record":"174-4","redcap_eve
2026-09-14 16:48:51,561 - INFO - REDCap: filtering event=visita_unica_arm_1 by repeat_instance=None; response instances=['', '1']
2026-09-14 16:48:51,563 - INFO - REDCap: exported record 174-4 for event visita_unica_arm_1, repeat_instance=None, with 272 fields from 315 entries
2026-09-14 16:48:51,731 - INFO - Found protocol in PoloTrial: site_code=47, protocol_nickname=Embrace, protocol_code=2381
2026-09-14 16:48:51,778 - INFO - Found volunteer in PoloTrial: record_id=174-4, volunteer_code=3596
2026-09-14 16:48:52,530 - INFO - Found protocol in PoloTrial: site_code=47, protocol_nickname=Embrace, protocol_code=2381
2026-09-14 16:48:52,537 - INFO - Found participant in PoloTrial: volunteer_code=3595, protocol_code=2381, participant_code=3584
2026-09-14 16:48:52,563 - INFO - Mapped REDCap status=Concluído to PoloTrial status_code=308 for record_id=174-3
2026-09-14 16:48:53,245 - INFO - Found participant in PoloTrial: volunteer_code=3596, protocol_code=2381, participant_code=3585
2026-09-14 16:48:53,247 - INFO - Mapped REDCap status=Concluído to PoloTrial status_code=308 for record_id=174-4
2026-09-14 16:48:53,795 - INFO - Updated participant status in PoloTrial for record_id=174-3: 540 -> 308
2026-09-14 16:48:53,797 - INFO - Successfully dispatched event: record_id=174-3, event_name=visita_unica_arm_1, repeat_instance=None
2026-09-14 16:48:54,381 - INFO - Participant visits retrieved: 1, for participant ID: 3582
2026-09-14 16:48:54,384 - INFO - Looking for unique visit with name: Visita única among: ['Visita única']
2026-09-14 16:48:54,408 - INFO - Updated participant status in PoloTrial for record_id=174-4: 540 -> 308
2026-09-14 16:48:54,582 - INFO - Participant visit found: Visita única with ID: 44104
2026-09-14 16:48:54,584 - INFO - Successfully dispatched event: record_id=174-4, event_name=visita_unica_arm_1, repeat_instance=None
2026-09-14 16:48:54,774 - INFO - Unique visit already up to date (id=44104).
2026-09-14 16:48:55,008 - INFO - DEBUG: Available procedures in PoloTrial for unique visit: ['Módulo Identificação da Paciente ', 'Consulta Médica', 'Módulo Saúde', 'Módulo Menopausa', 'Questionário da Saúde da Mulher - WHQ', 'Questionário Short Form - SF-36', 'Questionário PHQ9', 'Questionário WPAI', 'Questionário GAD-7']
2026-09-14 16:48:55,011 - INFO -  - ID: 738671 | Procedure: Módulo Identificação da Paciente  | Appointment date: 2026-09-11T00:00:00.000Z | Check field: idp3=174-1 | Date field: idp4=2026-09-11
2026-09-14 16:48:55,019 - INFO -  - ID: 738672 | Procedure: Consulta Médica | Appointment date: 2026-09-11T00:00:00.000Z | Check field: cm_atendimento_dt=2026-09-11 | Date field: cm_atendimento_dt=2026-09-11
2026-09-14 16:48:55,021 - INFO -  - ID: 738673 | Procedure: Módulo Saúde | Appointment date: 2026-09-11T00:00:00.000Z | Check field: s0=2026-09-11 | Date field: s0=2026-09-11
2026-09-14 16:48:55,023 - INFO -  - ID: 738674 | Procedure: Módulo Menopausa | Appointment date: 2026-09-11T00:00:00.000Z | Check field: pm0=2026-09-11 | Date field: pm0=2026-09-11
2026-09-14 16:48:55,024 - INFO -  - ID: 738675 | Procedure: Questionário da Saúde da Mulher - WHQ | Appointment date: nan | Check field: whq0=N/A | Date field: whq0=N/A
2026-09-14 16:48:55,026 - INFO -  - ID: 738676 | Procedure: Questionário Short Form - SF-36 | Appointment date: 2026-09-11T00:00:00.000Z | Check field: sf36_0=2026-09-11 | Date field: sf36_0=2026-09-11
2026-09-14 16:48:55,027 - INFO -  - ID: 738677 | Procedure: Questionário PHQ9 | Appointment date: 2026-09-11T00:00:00.000Z | Check field: phq9_0=2026-09-11 | Date field: phq9_0=2026-09-11
2026-09-14 16:48:55,028 - INFO -  - ID: 738678 | Procedure: Questionário WPAI | Appointment date: 2026-09-11T00:00:00.000Z | Check field: wpai0=2026-09-11 | Date field: wpai0=2026-09-11
2026-09-14 16:48:55,030 - INFO -  - ID: 738679 | Procedure: Questionário GAD-7 | Appointment date: 2026-09-11T00:00:00.000Z | Check field: gad7_0=2026-09-11 | Date field: gad7_0=2026-09-11
2026-09-14 16:48:55,031 - INFO - DEBUG: Procedure mapping summary:
2026-09-14 16:48:55,032 - INFO -  1. Total procedures in PoloTrial for unique visit: 9
2026-09-14 16:48:55,033 - INFO -  2. Matched with REDCap mapping: 9
2026-09-14 16:48:55,033 - INFO -  3. Unmatched procedures: 0
2026-09-14 16:48:55,038 - INFO - No procedures to sync for pattern: M[oóOÓ]dulo\s+Identifica[cçCÇ][aãAÃ]o\s+da\s+Paciente
2026-09-14 16:48:55,047 - INFO - No procedures to sync for pattern: Consulta\s+M[eéEÉ]dica
2026-09-14 16:48:55,054 - INFO - No procedures to sync for pattern: M[oóOÓ]dulo\s+Sa[uúUÚ]de
2026-09-14 16:48:55,059 - INFO - No procedures to sync for pattern: M[oóOÓ]dulo\s+Menopausa
2026-09-14 16:48:55,070 - INFO - No date found in REDCap for procedure Questionário da Saúde da Mulher - WHQ (check_field=whq0, date_field=whq0). Skipping sync.
2026-09-14 16:48:55,075 - INFO - No procedures to sync for pattern: Question[aáAÁ]rio\s+Short\s+Form\s-\s+SF-36
2026-09-14 16:48:55,088 - INFO - No procedures to sync for pattern: Question[aáAÁ]rio\s+PHQ9
2026-09-14 16:48:55,095 - INFO - No procedures to sync for pattern: Question[aáAÁ]rio\s+WPAI
2026-09-14 16:48:55,100 - INFO - No procedures to sync for pattern: Question[aáAÁ]rio\s+GAD-7
2026-09-14 16:48:55,111 - INFO - Unique visit procedures synchronization completed. Total procedures synced: 0/9
2026-09-14 16:48:55,115 - INFO - Executor name from REDCap: Dra. Fabiane Berta de Sousa
2026-09-14 16:48:55,661 - INFO - Executor 'Dra. Fabiane Berta de Sousa' (ID: 4181) is already linked to procedure ID: 738672. No action needed.
2026-09-14 16:48:55,668 - INFO - Unique visit synchronization completed for record_id=174-1, event_name=visita_unica_arm_1
2026-09-14 16:48:55,678 - INFO - Dispatching to participant status update handler: instrument=status_do_participante
2026-09-14 16:48:56,021 - INFO - Debug redcap url: https://svriglobal.org/redcap/api/
2026-09-14 16:48:56,022 - INFO - Debug redcaptoken (First 3 chars): E9A...
2026-09-14 16:48:56,024 - INFO - Debug redcap status: 200
2026-09-14 16:48:56,025 - INFO - Debug redcap response (first 30 chars): [{"record":"174-1","redcap_eve
2026-09-14 16:48:56,029 - INFO - REDCap: filtering event=visita_unica_arm_1 by repeat_instance=None; response instances=['', '1']
2026-09-14 16:48:56,030 - INFO - REDCap: exported record 174-1 for event visita_unica_arm_1, repeat_instance=None, with 219 fields from 243 entries
2026-09-14 16:48:56,032 - INFO - Retrieved REDCap payload for record_id=174-1, event_name=visita_unica_arm_1: {'ae1': 'Sim', 'ae10': 'Não', 'ae11': 'Não', 'ae12': 'Não', 'ae13': 'Não', 'ae14': 'Não', 'ae2': 'Não Aplicável', 'ae3': 'Sim', 'ae4': 'Não', 'ae5': 'Não', 'ae6': 'Não', 'ae7': 'Não', 'ae8': 'Não', 'ae9': 'Não', 'asr1': '13', 'asr2': 'Sim', 'asr3': '2026-07-30', 'asr4': 'Não', 'asr5': 'Não', 'cm_anamnese1': 'Foi entregue à participante uma via do Termo de Consentimento Livre e Esclarecido (TCLE), sendo disponibilizado tempo adequado para que pudesse realizar a leitura e compreender todas as informações apresentadas no documento. A participante declarou não possuir dúvidas e confirmou estar de acordo com sua participação na pesquisa. As duas vias do TCLE foram devidamente rubricadas pela participante e por mim nas páginas 1 até 12. Uma via devidamente preenchida e assinada foi entregue à participante, permanecendo a outra via arquivada no centro de pesquisa.\r\n ', 'cm_atendimento_dt': '2026-09-11', 'cm_dt_assinatura_tcle': '2026-09-11', 'cm_evolucao': 'ndn', 'cm_evolucao_bt': 'Adicionar', 'cm_evolucao_executor': 'Dra. Fabiane Berta de Sousa', 'cm_tcle_upload': '1590', 'cm_tclw_versao': 'v2', 'cm1': 'calorão', 'cm10': 'Concordo', 'cm11': 'Concordo', 'cm12': 'fazer a reposicao', 'cm13': 'Concordo totalmente', 'cm14': 'Discordo totalmente', 'cm15': 'Não sei opinar', 'cm16': 'Concordo totalmente', 'cm17': 'Concordo totalmente', 'cm18': 'Concordo totalmente', 'cm19': 'Concordo', 'cm2': 'Bem informado (a)', 'cm20': 'Concordo', 'cm21': 'Não concordo', 'cm22': 'Concordo', 'cm23': 'Não concordo', 'cm24': 'Não sei opinar', 'cm25': 'Concordo', 'cm26': 'Concordo', 'cm27': 'Não concordo', 'cm28': 'Concordo', 'cm29': 'Concordo', 'cm3': 'Não concordo', 'cm30': 'Concordo', 'cm31': 'Concordo', 'cm32': 'Concordo', 'cm4': 'Não concordo', 'cm5': 'Não sei opinar', 'cm6': 'Concordo', 'cm7': 'Concordo', 'cm8': 'Não sei opinar', 'cm9': 'Não sei opinar', 'gad7_0': '2026-09-11', 'glad7_1': 'Nenhuma vez', 'glad7_2': 'Nenhuma vez', 'glad7_3': 'Nenhuma vez', 'glad7_4': 'Nenhuma vez', 'glad7_5': 'Nenhuma vez', 'glad7_6': 'Vários dias', 'glad7_7': 'Nenhuma vez', 'idp_faixa_etaria': '1', 'idp1': 'Flavia Martins Santos ', 'idp2': 'Mulher ("Cisgênero")', 'idp3': '174-1', 'idp4': '2026-09-11', 'idp5': '44', 'idp6': '1981-11-13', 'idp7': 'SVRI Clínica Morumbi', 'idp8': '26', 'idp9': 'SP', 'mdulo_cm_consulta_mdica_complete': 'Complete', 'modulo_do_participante_complete': 'Complete', 'modulo_idp_identificacao_da_paciente_complete': 'Complete', 'modulo_m_menopausa_complete': 'Complete', 'modulo_participante_dt': '2026-09-11', 'modulo_s_saude_complete': 'Complete', 'mpc1': 'Apenas quando surge algum problema específico', 'mpc2': '2a', 'mpc3': '4', 'mpc4': 'Aparecimento de acne (espinhas)', 'mpc5': 'Flacidez ou perda de contorno do rosto', 'mpc6': 'Aumento da oleosidade na raiz', 'mpc7': 'Crescimento mais lento', 'mpc8': 'Não', 'phq9_0': '2026-09-11', 'phq9_1': 'Nenhuma vez', 'phq9_10': 'Nenhuma dificuldade', 'phq9_2': 'Nenhuma vez', 'phq9_3': 'Nenhuma vez', 'phq9_4': 'Vários dias', 'phq9_5': 'Nenhuma vez', 'phq9_6': 'Nenhuma vez', 'phq9_7': 'Nenhuma vez', 'phq9_8': 'Nenhuma vez', 'phq9_9': 'Nenhuma vez', 'pm0': '2026-09-11', 'pm1': 'Concordo totalmente', 'pm2': 'Concordo totalmente', 'pm3': 'Discordo', 'pm4': 'Concordo', 'pm5': 'Neutro', 'pm6': 'Discordo totalmente', 's0': '2026-09-11', 's1_1': '74.100', 's1_2': '1.62', 's10': 'Não', 's12': 'Não', 's13': 'Não', 's14': 'Não.', 's15': 'Não.', 's17': 'Não', 's18': 'Não', 's2': '77', 's22': 'Não', 's23': 'Sim', 's24': '5 ou mais', 's25': '60', 's26': 'Caminhada', 's27': 'Vigorosa', 's28': 'Nunca', 's3': '106', 's3_1': '9796.814814814814', 's3_2': '0.7264150943396226', 's3_3': '7111.629629629628', 's32': 'Não', 's4': '138', 's5': '90', 's6': 'Muito Bom', 's7': '282350.25', 's7_1': 'Sim, qual(is)', 's7_2': 'Outra', 's8_1': '2.02', 's8_10': '71', 's8_11': '85', 's8_12': '5.1', 's8_13': '6', 's8_2': '1.22', 's8_7': '132', 's8_8': '78', 's8_9': '39', 's9_1': 'Não', 'sc1_1': 'Alterações de humor', 'sd1': 'Casado(a)', 'sd2': 'Ensino Médio Completo', 'sd3': 'Parda', 'sd4': 'Sim', 'sd5': '1', 'sd6': '1', 'sd7': '0', 'se1': '1', 'se10': '0', 'se11': '1', 'se12': '0', 'se13': 'Rede Geral de Distribuição', 'se14': 'Ensino Superior Completo', 'se15': 'Atendimento particular', 'se2': '2', 'se3': '3', 'se4': '0', 'se5': '3', 'se6': '0', 'se7': '1', 'se8': '0', 'se9': '1', 'sf36_0': '2026-09-11', 'sf36_1': 'Boa', 'sf36_10': 'Não, não dificulta de modo algum', 'sf36_11': 'Não, não dificulta de modo algum', 'sf36_12': 'Não, não dificulta de modo algum', 'sf36_13': 'Sim', 'sf36_14': 'Não', 'sf36_15': 'Não', 'sf36_16': 'Não', 'sf36_17': 'Não', 'sf36_18': 'Não', 'sf36_19': 'Não', 'sf36_2': 'Muito melhor', 'sf36_20': 'De forma nenhuma', 'sf36_21': 'Nenhuma', 'sf36_22': 'De forma nenhuma', 'sf36_23': 'Uma boa parte do tempo', 'sf36_24': 'Uma boa parte do tempo', 'sf36_25': 'Uma pequena parte do tempo', 'sf36_26': 'Uma pequena parte do tempo', 'sf36_27': 'Uma boa parte do tempo', 'sf36_28': 'Uma pequena parte do tempo', 'sf36_29': 'Alguma parte do tempo', 'sf36_3': 'Não, não dificulta de modo algum', 'sf36_30': 'Uma boa parte do tempo', 'sf36_31': 'Alguma parte do tempo', 'sf36_32': 'Nenhuma parte do tempo', 'sf36_33': 'A maioria das vezes falso', 'sf36_34': 'Não sei', 'sf36_35': 'Definitivamente falso', 'sf36_36': 'A maioria das vezes verdadeiro', 'sf36_4': 'Não, não dificulta de modo algum', 'sf36_5': 'Não, não dificulta de modo algum', 'sf36_6': 'Não, não dificulta de modo algum', 'sf36_7': 'Não, não dificulta de modo algum', 'sf36_8': 'Sim, dificulta um pouco', 'sf36_9': 'Não, não dificulta de modo algum', 'status_do_participante_complete': 'Complete', 'status_participante': 'Concluído', 'status_participante_dt': '2026-09-11', 'survey_sc1_1': 'Alterações de humor', 'wpai0': '2026-09-11', 'wpai1': 'Sim', 'wpai2': '096 hs', 'wpai3': '96 hs', 'wpai4': 'De 6 a 8 horas por dia', 'wpai5': '0', 'wpai6': '1'}
2026-09-14 16:48:56,605 - INFO - Debug redcap url: https://svriglobal.org/redcap/api/
2026-09-14 16:48:56,608 - INFO - Debug redcaptoken (First 3 chars): E9A...
2026-09-14 16:48:56,612 - INFO - Debug redcap status: 200
2026-09-14 16:48:56,614 - INFO - Debug redcap response (first 30 chars): [{"record":"174-1","redcap_eve
2026-09-14 16:48:56,616 - INFO - REDCap: filtering event=visita_unica_arm_1 by repeat_instance=None; response instances=['', '1']
2026-09-14 16:48:56,618 - INFO - REDCap: exported record 174-1 for event visita_unica_arm_1, repeat_instance=None, with 219 fields from 243 entries
2026-09-14 16:48:56,853 - INFO - Found volunteer in PoloTrial: record_id=174-1, volunteer_code=3593
2026-09-14 16:48:57,286 - INFO - Found protocol in PoloTrial: site_code=47, protocol_nickname=Embrace, protocol_code=2381
2026-09-14 16:49:00,657 - INFO - Found participant in PoloTrial: volunteer_code=3593, protocol_code=2381, participant_code=3582
2026-09-14 16:49:00,658 - INFO - Mapped REDCap status=Concluído to PoloTrial status_code=308 for record_id=174-1
2026-09-14 16:49:01,757 - INFO - Updated participant status in PoloTrial for record_id=174-1: 540 -> 308
2026-09-14 16:49:01,761 - INFO - Successfully dispatched event: record_id=174-1, event_name=visita_unica_arm_1, repeat_instance=None
2026-09-17 18:00:28,736 - INFO - Webhook initialized for protocol Embrace
2026-09-18 09:55:24,867 - INFO - Received webhook from REDCap DET: project_id=69, username=rayannenovaessvri, instrument=modulo_idp_identificacao_da_paciente, record=262-1, redcap_event_name=visita_unica_arm_1, redcap_data_acess_group=, redcap_repeat_instance=None, redcap_repeat_instrument=None, redcap_url=https://svriglobal.org/redcap/, project_url=https://svriglobal.org/redcap/redcap_v17.3.10/index.php?pid=69
2026-09-18 09:55:25,397 - INFO - Dispatch runtime: pid=649730, module=/mnt/c/Users/Science/Documents/Python/integracao_embrace/src/integracao_embrace/dispatch.py, event_name='visita_unica_arm_1', instrument='modulo_idp_identificacao_da_paciente'
2026-09-18 09:55:25,399 - INFO - Dispatching to unique visit handles: visita_unica_arm_1
2026-09-18 09:55:26,463 - INFO - Debug redcap url: https://svriglobal.org/redcap/api/
2026-09-18 09:55:26,465 - INFO - Debug redcaptoken (First 3 chars): E9A...
2026-09-18 09:55:26,466 - INFO - Debug redcap status: 200
2026-09-18 09:55:26,467 - INFO - Debug redcap response (first 30 chars): []
2026-09-18 09:55:26,471 - INFO - REDCap: filtering event=visita_unica_arm_1 by repeat_instance=None; response instances=[]
2026-09-18 09:55:26,476 - INFO - REDCap: exported record 262-1 for event visita_unica_arm_1, repeat_instance=None, with 0 fields from 0 entries
2026-09-18 09:55:26,479 - INFO - Mapped gender:  ➡ None
2026-09-18 09:55:26,481 - INFO - Mapped site:  ➡ None
2026-09-18 09:55:26,482 - INFO - Volunteer payload prepared: {'nome': '262-1', 'iniciais': '', 'data_nascimento': '', 'sexo': None, 'email': '', 'data_inclusao': '', 'centro': None, 'contatos': '11111111111'}
2026-09-18 09:55:26,484 - ERROR - Error dispatching event: record_id=262-1, event_name=visita_unica_arm_1, repeat_instance=None, error=Site code mapping not found for CENTRO value: ''. Please check SITE_CODE_MAPPING keys.
Traceback (most recent call last):
  File "/mnt/c/Users/Science/Documents/Python/integracao_embrace/src/integracao_embrace/webhook.py", line 213, in _run_sync
    dispatch_event(
    ~~~~~~~~~~~~~~^
        record_id=record_id,
        ^^^^^^^^^^^^^^^^^^^^
    ...<5 lines>...
        repeat_instance=repeat_instance
        ^^^^^^^^^^^^^^^^^^^^^^^^^^^^^^^
    )
    ^
  File "/mnt/c/Users/Science/Documents/Python/integracao_embrace/src/integracao_embrace/dispatch.py", line 58, in dispatch_event
    sync_unique_event(
    ~~~~~~~~~~~~~~~~~^
        record_id=record_id,
        ^^^^^^^^^^^^^^^^^^^^
    ...<3 lines>...
        protocol_nickname=protocol_nickname,
        ^^^^^^^^^^^^^^^^^^^^^^^^^^^^^^^^^^^^
    )
    ^
  File "/mnt/c/Users/Science/Documents/Python/integracao_embrace/src/integracao_embrace/events/unique_visit.py", line 121, in sync_unique_event
    raise RuntimeError(f"Site code mapping not found for CENTRO value: {raw_centro!r}. Please check SITE_CODE_MAPPING keys.")
RuntimeError: Site code mapping not found for CENTRO value: ''. Please check SITE_CODE_MAPPING keys.
2026-09-18 09:56:05,310 - INFO - Received webhook from REDCap DET: project_id=69, username=rayannenovaessvri, instrument=modulo_idp_identificacao_da_paciente, record=262-1, redcap_event_name=visita_unica_arm_1, redcap_data_acess_group=, redcap_repeat_instance=None, redcap_repeat_instrument=None, redcap_url=https://svriglobal.org/redcap/, project_url=https://svriglobal.org/redcap/redcap_v17.3.10/index.php?pid=69
2026-09-18 09:56:05,315 - INFO - Dispatch runtime: pid=649730, module=/mnt/c/Users/Science/Documents/Python/integracao_embrace/src/integracao_embrace/dispatch.py, event_name='visita_unica_arm_1', instrument='modulo_idp_identificacao_da_paciente'
2026-09-18 09:56:05,315 - INFO - Dispatching to unique visit handles: visita_unica_arm_1
2026-09-18 09:56:06,009 - INFO - Debug redcap url: https://svriglobal.org/redcap/api/
2026-09-18 09:56:06,010 - INFO - Debug redcaptoken (First 3 chars): E9A...
2026-09-18 09:56:06,011 - INFO - Debug redcap status: 200
2026-09-18 09:56:06,012 - INFO - Debug redcap response (first 30 chars): []
2026-09-18 09:56:06,013 - INFO - REDCap: filtering event=visita_unica_arm_1 by repeat_instance=None; response instances=[]
2026-09-18 09:56:06,014 - INFO - REDCap: exported record 262-1 for event visita_unica_arm_1, repeat_instance=None, with 0 fields from 0 entries
2026-09-18 09:56:06,015 - INFO - Mapped gender:  ➡ None
2026-09-18 09:56:06,016 - INFO - Mapped site:  ➡ None
2026-09-18 09:56:06,016 - INFO - Volunteer payload prepared: {'nome': '262-1', 'iniciais': '', 'data_nascimento': '', 'sexo': None, 'email': '', 'data_inclusao': '', 'centro': None, 'contatos': '11111111111'}
2026-09-18 09:56:06,017 - ERROR - Error dispatching event: record_id=262-1, event_name=visita_unica_arm_1, repeat_instance=None, error=Site code mapping not found for CENTRO value: ''. Please check SITE_CODE_MAPPING keys.
Traceback (most recent call last):
  File "/mnt/c/Users/Science/Documents/Python/integracao_embrace/src/integracao_embrace/webhook.py", line 213, in _run_sync
    dispatch_event(
    ~~~~~~~~~~~~~~^
        record_id=record_id,
        ^^^^^^^^^^^^^^^^^^^^
    ...<5 lines>...
        repeat_instance=repeat_instance
        ^^^^^^^^^^^^^^^^^^^^^^^^^^^^^^^
    )
    ^
  File "/mnt/c/Users/Science/Documents/Python/integracao_embrace/src/integracao_embrace/dispatch.py", line 58, in dispatch_event
    sync_unique_event(
    ~~~~~~~~~~~~~~~~~^
        record_id=record_id,
        ^^^^^^^^^^^^^^^^^^^^
    ...<3 lines>...
        protocol_nickname=protocol_nickname,
        ^^^^^^^^^^^^^^^^^^^^^^^^^^^^^^^^^^^^
    )
    ^
  File "/mnt/c/Users/Science/Documents/Python/integracao_embrace/src/integracao_embrace/events/unique_visit.py", line 121, in sync_unique_event
    raise RuntimeError(f"Site code mapping not found for CENTRO value: {raw_centro!r}. Please check SITE_CODE_MAPPING keys.")
RuntimeError: Site code mapping not found for CENTRO value: ''. Please check SITE_CODE_MAPPING keys.
2026-09-18 09:56:38,641 - INFO - Received webhook from REDCap DET: project_id=69, username=rayannenovaessvri, instrument=modulo_idp_identificacao_da_paciente, record=262-1, redcap_event_name=visita_unica_arm_1, redcap_data_acess_group=, redcap_repeat_instance=None, redcap_repeat_instrument=None, redcap_url=https://svriglobal.org/redcap/, project_url=https://svriglobal.org/redcap/redcap_v17.3.10/index.php?pid=69
2026-09-18 09:56:38,643 - INFO - Dispatch runtime: pid=649730, module=/mnt/c/Users/Science/Documents/Python/integracao_embrace/src/integracao_embrace/dispatch.py, event_name='visita_unica_arm_1', instrument='modulo_idp_identificacao_da_paciente'
2026-09-18 09:56:38,644 - INFO - Dispatching to unique visit handles: visita_unica_arm_1
2026-09-18 09:56:39,274 - INFO - Debug redcap url: https://svriglobal.org/redcap/api/
2026-09-18 09:56:39,275 - INFO - Debug redcaptoken (First 3 chars): E9A...
2026-09-18 09:56:39,275 - INFO - Debug redcap status: 200
2026-09-18 09:56:39,276 - INFO - Debug redcap response (first 30 chars): []
2026-09-18 09:56:39,277 - INFO - REDCap: filtering event=visita_unica_arm_1 by repeat_instance=None; response instances=[]
2026-09-18 09:56:39,277 - INFO - REDCap: exported record 262-1 for event visita_unica_arm_1, repeat_instance=None, with 0 fields from 0 entries
2026-09-18 09:56:39,277 - INFO - Mapped gender:  ➡ None
2026-09-18 09:56:39,278 - INFO - Mapped site:  ➡ None
2026-09-18 09:56:39,279 - INFO - Volunteer payload prepared: {'nome': '262-1', 'iniciais': '', 'data_nascimento': '', 'sexo': None, 'email': '', 'data_inclusao': '', 'centro': None, 'contatos': '11111111111'}
2026-09-18 09:56:39,280 - ERROR - Error dispatching event: record_id=262-1, event_name=visita_unica_arm_1, repeat_instance=None, error=Site code mapping not found for CENTRO value: ''. Please check SITE_CODE_MAPPING keys.
Traceback (most recent call last):
  File "/mnt/c/Users/Science/Documents/Python/integracao_embrace/src/integracao_embrace/webhook.py", line 213, in _run_sync
    dispatch_event(
    ~~~~~~~~~~~~~~^
        record_id=record_id,
        ^^^^^^^^^^^^^^^^^^^^
    ...<5 lines>...
        repeat_instance=repeat_instance
        ^^^^^^^^^^^^^^^^^^^^^^^^^^^^^^^
    )
    ^
  File "/mnt/c/Users/Science/Documents/Python/integracao_embrace/src/integracao_embrace/dispatch.py", line 58, in dispatch_event
    sync_unique_event(
    ~~~~~~~~~~~~~~~~~^
        record_id=record_id,
        ^^^^^^^^^^^^^^^^^^^^
    ...<3 lines>...
        protocol_nickname=protocol_nickname,
        ^^^^^^^^^^^^^^^^^^^^^^^^^^^^^^^^^^^^
    )
    ^
  File "/mnt/c/Users/Science/Documents/Python/integracao_embrace/src/integracao_embrace/events/unique_visit.py", line 121, in sync_unique_event
    raise RuntimeError(f"Site code mapping not found for CENTRO value: {raw_centro!r}. Please check SITE_CODE_MAPPING keys.")
RuntimeError: Site code mapping not found for CENTRO value: ''. Please check SITE_CODE_MAPPING keys.
2026-09-18 10:04:55,852 - INFO - Received webhook from REDCap DET: project_id=69, username=rayannenovaessvri, instrument=mdulo_cm_consulta_mdica, record=262-1, redcap_event_name=visita_unica_arm_1, redcap_data_acess_group=, redcap_repeat_instance=1, redcap_repeat_instrument=mdulo_cm_consulta_mdica, redcap_url=https://svriglobal.org/redcap/, project_url=https://svriglobal.org/redcap/redcap_v17.3.10/index.php?pid=69
2026-09-18 10:04:55,861 - INFO - Dispatch runtime: pid=649730, module=/mnt/c/Users/Science/Documents/Python/integracao_embrace/src/integracao_embrace/dispatch.py, event_name='visita_unica_arm_1', instrument='mdulo_cm_consulta_mdica'
2026-09-18 10:04:55,862 - INFO - Dispatching to unique visit handles: visita_unica_arm_1
2026-09-18 10:04:56,574 - INFO - Debug redcap url: https://svriglobal.org/redcap/api/
2026-09-18 10:04:56,575 - INFO - Debug redcaptoken (First 3 chars): E9A...
2026-09-18 10:04:56,575 - INFO - Debug redcap status: 200
2026-09-18 10:04:56,576 - INFO - Debug redcap response (first 30 chars): []
2026-09-18 10:04:56,578 - INFO - REDCap: filtering event=visita_unica_arm_1 by repeat_instance=None; response instances=[]
2026-09-18 10:04:56,579 - INFO - REDCap: exported record 262-1 for event visita_unica_arm_1, repeat_instance=None, with 0 fields from 0 entries
2026-09-18 10:04:56,580 - INFO - Mapped gender:  ➡ None
2026-09-18 10:04:56,580 - INFO - Mapped site:  ➡ None
2026-09-18 10:04:56,581 - INFO - Volunteer payload prepared: {'nome': '262-1', 'iniciais': '', 'data_nascimento': '', 'sexo': None, 'email': '', 'data_inclusao': '', 'centro': None, 'contatos': '11111111111'}
2026-09-18 10:04:56,581 - ERROR - Error dispatching event: record_id=262-1, event_name=visita_unica_arm_1, repeat_instance=1, error=Site code mapping not found for CENTRO value: ''. Please check SITE_CODE_MAPPING keys.
Traceback (most recent call last):
  File "/mnt/c/Users/Science/Documents/Python/integracao_embrace/src/integracao_embrace/webhook.py", line 213, in _run_sync
    dispatch_event(
    ~~~~~~~~~~~~~~^
        record_id=record_id,
        ^^^^^^^^^^^^^^^^^^^^
    ...<5 lines>...
        repeat_instance=repeat_instance
        ^^^^^^^^^^^^^^^^^^^^^^^^^^^^^^^
    )
    ^
  File "/mnt/c/Users/Science/Documents/Python/integracao_embrace/src/integracao_embrace/dispatch.py", line 58, in dispatch_event
    sync_unique_event(
    ~~~~~~~~~~~~~~~~~^
        record_id=record_id,
        ^^^^^^^^^^^^^^^^^^^^
    ...<3 lines>...
        protocol_nickname=protocol_nickname,
        ^^^^^^^^^^^^^^^^^^^^^^^^^^^^^^^^^^^^
    )
    ^
  File "/mnt/c/Users/Science/Documents/Python/integracao_embrace/src/integracao_embrace/events/unique_visit.py", line 121, in sync_unique_event
    raise RuntimeError(f"Site code mapping not found for CENTRO value: {raw_centro!r}. Please check SITE_CODE_MAPPING keys.")
RuntimeError: Site code mapping not found for CENTRO value: ''. Please check SITE_CODE_MAPPING keys.
2026-09-18 10:29:29,388 - INFO - Shutting down webhooks for protocol Embrace
2026-09-18 10:30:22,619 - INFO - Webhook initialized for protocol Embrace
2026-09-18 11:10:30,751 - INFO - Received webhook from REDCap DET: project_id=49, username=luana.fernandes, instrument=modulo_idp_identificacao_da_paciente, record=174-6, redcap_event_name=visita_unica_arm_1, redcap_data_acess_group=, redcap_repeat_instance=None, redcap_repeat_instrument=None, redcap_url=https://svriglobal.org/redcap/, project_url=https://svriglobal.org/redcap/redcap_v17.3.10/index.php?pid=49
2026-09-18 11:10:30,949 - INFO - Dispatch runtime: pid=805616, module=/mnt/c/Users/Science/Documents/Python/integracao_embrace/src/integracao_embrace/dispatch.py, event_name='visita_unica_arm_1', instrument='modulo_idp_identificacao_da_paciente'
2026-09-18 11:10:30,950 - INFO - Dispatching to unique visit handles: visita_unica_arm_1
2026-09-18 11:10:31,704 - INFO - Debug redcap url: https://svriglobal.org/redcap/api/
2026-09-18 11:10:31,706 - INFO - Debug redcaptoken (First 3 chars): E9A...
2026-09-18 11:10:31,706 - INFO - Debug redcap status: 200
2026-09-18 11:10:31,707 - INFO - Debug redcap response (first 30 chars): [{"record":"174-6","redcap_eve
2026-09-18 11:10:31,708 - INFO - REDCap: filtering event=visita_unica_arm_1 by repeat_instance=None; response instances=[]
2026-09-18 11:10:31,709 - INFO - REDCap: exported record 174-6 for event visita_unica_arm_1, repeat_instance=None, with 10 fields from 10 entries
2026-09-18 11:10:31,710 - INFO - Mapped gender:  ➡ None
2026-09-18 11:10:31,711 - INFO - Mapped site: SVRI Clínica Morumbi ➡ 47
2026-09-18 11:10:31,712 - INFO - Volunteer payload prepared: {'nome': '174-6', 'iniciais': 'MCB', 'data_nascimento': '1974-06-29', 'sexo': None, 'email': '', 'data_inclusao': '2026-09-18', 'centro': '47', 'contatos': '11111111111'}
2026-09-18 11:10:32,342 - INFO - Polotrial: authentication succsssful
2026-09-18 11:10:34,446 - INFO - Volunteer 174-6 created in PoloTrial with ID: 3599
2026-09-18 11:10:34,447 - INFO - DEBUG: Searching protocol Embrace for site 47
2026-09-18 11:10:35,001 - INFO - Protocol found: Embrace with ID: 2381 (site=47)
2026-09-18 11:10:35,236 - INFO - DEBUG: Protocol Arm founded for the unique visit: ['Embrace ']
2026-09-18 11:10:35,237 - INFO - Arm matched: Embrace  with ID: 424
2026-09-18 11:10:36,069 - INFO - DEBUG: Sending participant payload to PoloTrial: 
{
  "co_voluntario": 3599,
  "co_protocolo": 2381,
  "data_inclusao": "2026-09-18",
  "data_randomizacao": "2026-09-18",
  "data_fim_tratamento": "2026-09-18",
  "id_participante": "174-6",
  "numero_de_screening": "174-6",
  "numero_de_randomizacao": "174-6",
  "status_participante": "540",
  "co_braco": 424,
  "atualizar_agenda": "1",
  "apagar_visitas_pendentes": "0"
}
2026-09-18 11:10:42,066 - INFO - DEBUG: Participant created in PoloTrial: 
{
  "id": 3588,
  "apagar_visitas_pendentes": 0,
  "data_fim_tratamento": "2026-09-18",
  "id_participante": "174-6",
  "numero_de_randomizacao": "174-6",
  "numero_de_screening": "174-6",
  "data_randomizacao": "2026-09-18",
  "co_protocolo": 2381,
  "atualizar_agenda": 1,
  "co_braco": 424,
  "data_inclusao": "2026-09-18",
  "status_participante": 540,
  "co_voluntario": "3599",
  "user_id_log": 196
}
2026-09-18 11:10:42,067 - INFO - Participant created in PoloTrial with ID: 3588
2026-09-18 11:11:06,890 - INFO - Participant visits retrieved: 1, for participant ID: 3588
2026-09-18 11:11:06,891 - INFO - Looking for unique visit with name: Visita única among: ['Visita única']
2026-09-18 11:11:06,891 - INFO - Participant visit found: Visita única with ID: 44122
2026-09-18 11:11:07,287 - INFO - Unique visit updated (id=44122) with payload: {
  "data_estimada": "2026-09-18",
  "data_realizada": "2026-09-18",
  "status": 20
}
2026-09-18 11:11:07,640 - INFO - DEBUG: Available procedures in PoloTrial for unique visit: ['Módulo Identificação da Paciente ', 'Consulta Médica', 'Módulo Saúde', 'Módulo Menopausa', 'Questionário da Saúde da Mulher - WHQ', 'Questionário Short Form - SF-36', 'Questionário PHQ9', 'Questionário WPAI', 'Questionário GAD-7']
2026-09-18 11:11:07,641 - INFO -  - ID: 739050 | Procedure: Módulo Identificação da Paciente  | Appointment date: None | Check field: idp3=174-6 | Date field: idp4=2026-09-18
2026-09-18 11:11:07,642 - INFO -  - ID: 739051 | Procedure: Consulta Médica | Appointment date: None | Check field: cm_atendimento_dt=N/A | Date field: cm_atendimento_dt=N/A
2026-09-18 11:11:07,643 - INFO -  - ID: 739052 | Procedure: Módulo Saúde | Appointment date: None | Check field: s0=N/A | Date field: s0=N/A
2026-09-18 11:11:07,643 - INFO -  - ID: 739053 | Procedure: Módulo Menopausa | Appointment date: None | Check field: pm0=N/A | Date field: pm0=N/A
2026-09-18 11:11:07,644 - INFO -  - ID: 739054 | Procedure: Questionário da Saúde da Mulher - WHQ | Appointment date: None | Check field: whq0=N/A | Date field: whq0=N/A
2026-09-18 11:11:07,644 - INFO -  - ID: 739055 | Procedure: Questionário Short Form - SF-36 | Appointment date: None | Check field: sf36_0=N/A | Date field: sf36_0=N/A
2026-09-18 11:11:07,645 - INFO -  - ID: 739056 | Procedure: Questionário PHQ9 | Appointment date: None | Check field: phq9_0=N/A | Date field: phq9_0=N/A
2026-09-18 11:11:07,645 - INFO -  - ID: 739057 | Procedure: Questionário WPAI | Appointment date: None | Check field: wpai0=N/A | Date field: wpai0=N/A
2026-09-18 11:11:07,646 - INFO -  - ID: 739058 | Procedure: Questionário GAD-7 | Appointment date: None | Check field: gad7_0=N/A | Date field: gad7_0=N/A
2026-09-18 11:11:07,646 - INFO - DEBUG: Procedure mapping summary:
2026-09-18 11:11:07,646 - INFO -  1. Total procedures in PoloTrial for unique visit: 9
2026-09-18 11:11:07,647 - INFO -  2. Matched with REDCap mapping: 9
2026-09-18 11:11:07,647 - INFO -  3. Unmatched procedures: 0
2026-09-18 11:11:07,899 - INFO - ✅ Synced procedure 'Módulo Identificação da Paciente ' (ID: 739050) with date: 2026-09-18
2026-09-18 11:11:07,901 - INFO - No date found in REDCap for procedure Consulta Médica (check_field=cm_atendimento_dt, date_field=cm_atendimento_dt). Skipping sync.
2026-09-18 11:11:07,902 - INFO - No date found in REDCap for procedure Módulo Saúde (check_field=s0, date_field=s0). Skipping sync.
2026-09-18 11:11:07,905 - INFO - No date found in REDCap for procedure Módulo Menopausa (check_field=pm0, date_field=pm0). Skipping sync.
2026-09-18 11:11:07,906 - INFO - No date found in REDCap for procedure Questionário da Saúde da Mulher - WHQ (check_field=whq0, date_field=whq0). Skipping sync.
2026-09-18 11:11:07,908 - INFO - No date found in REDCap for procedure Questionário Short Form - SF-36 (check_field=sf36_0, date_field=sf36_0). Skipping sync.
2026-09-18 11:11:07,910 - INFO - No date found in REDCap for procedure Questionário PHQ9 (check_field=phq9_0, date_field=phq9_0). Skipping sync.
2026-09-18 11:11:07,911 - INFO - No date found in REDCap for procedure Questionário WPAI (check_field=wpai0, date_field=wpai0). Skipping sync.
2026-09-18 11:11:07,913 - INFO - No date found in REDCap for procedure Questionário GAD-7 (check_field=gad7_0, date_field=gad7_0). Skipping sync.
2026-09-18 11:11:07,913 - INFO - Unique visit procedures synchronization completed. Total procedures synced: 1/9
2026-09-18 11:11:07,914 - INFO - Executor name from REDCap: 
2026-09-18 11:11:07,914 - INFO - No executor name provided in REDCap payload. Skipping executor synchronization.
2026-09-18 11:11:07,915 - INFO - Unique visit synchronization completed for record_id=174-6, event_name=visita_unica_arm_1
2026-09-18 11:11:07,915 - INFO - Successfully dispatched event: record_id=174-6, event_name=visita_unica_arm_1, repeat_instance=None
2026-09-18 11:59:06,544 - INFO - Received webhook from REDCap DET: project_id=49, username=drafabianeberta, instrument=mdulo_cm_consulta_mdica, record=174-6, redcap_event_name=visita_unica_arm_1, redcap_data_acess_group=, redcap_repeat_instance=1, redcap_repeat_instrument=mdulo_cm_consulta_mdica, redcap_url=https://svriglobal.org/redcap/, project_url=https://svriglobal.org/redcap/redcap_v17.3.10/index.php?pid=49
2026-09-18 11:59:06,688 - INFO - Dispatch runtime: pid=805616, module=/mnt/c/Users/Science/Documents/Python/integracao_embrace/src/integracao_embrace/dispatch.py, event_name='visita_unica_arm_1', instrument='mdulo_cm_consulta_mdica'
2026-09-18 11:59:06,693 - INFO - Dispatching to unique visit handles: visita_unica_arm_1
2026-09-18 11:59:07,942 - INFO - Debug redcap url: https://svriglobal.org/redcap/api/
2026-09-18 11:59:07,949 - INFO - Debug redcaptoken (First 3 chars): E9A...
2026-09-18 11:59:07,950 - INFO - Debug redcap status: 200
2026-09-18 11:59:07,951 - INFO - Debug redcap response (first 30 chars): [{"record":"174-6","redcap_eve
2026-09-18 11:59:07,954 - INFO - REDCap: filtering event=visita_unica_arm_1 by repeat_instance=None; response instances=['', '1']
2026-09-18 11:59:07,956 - INFO - REDCap: exported record 174-6 for event visita_unica_arm_1, repeat_instance=None, with 30 fields from 30 entries
2026-09-18 11:59:07,965 - INFO - Mapped gender:  ➡ None
2026-09-18 11:59:07,966 - INFO - Mapped site: SVRI Clínica Morumbi ➡ 47
2026-09-18 11:59:07,969 - INFO - Volunteer payload prepared: {'nome': '174-6', 'iniciais': 'MCB', 'data_nascimento': '1974-06-29', 'sexo': None, 'email': '', 'data_inclusao': '2026-09-18', 'centro': '47', 'contatos': '11111111111'}
2026-09-18 11:59:08,820 - INFO - Volunteer 174-6 already exists in PoloTrial with ID: 3599
2026-09-18 11:59:08,821 - INFO - DEBUG: Searching protocol Embrace for site 47
2026-09-18 11:59:09,301 - INFO - Protocol found: Embrace with ID: 2381 (site=47)
2026-09-18 11:59:09,530 - INFO - DEBUG: Protocol Arm founded for the unique visit: ['Embrace ']
2026-09-18 11:59:09,531 - INFO - Arm matched: Embrace  with ID: 424
2026-09-18 11:59:10,197 - INFO - Participant found in PoloTrial with ID: 3588
2026-09-18 11:59:34,929 - INFO - Participant visits retrieved: 1, for participant ID: 3588
2026-09-18 11:59:34,930 - INFO - Looking for unique visit with name: Visita única among: ['Visita única']
2026-09-18 11:59:34,931 - INFO - Participant visit found: Visita única with ID: 44122
2026-09-18 11:59:35,108 - INFO - Unique visit already up to date (id=44122).
2026-09-18 11:59:35,445 - INFO - DEBUG: Available procedures in PoloTrial for unique visit: ['Módulo Identificação da Paciente ', 'Consulta Médica', 'Módulo Saúde', 'Módulo Menopausa', 'Questionário da Saúde da Mulher - WHQ', 'Questionário Short Form - SF-36', 'Questionário PHQ9', 'Questionário WPAI', 'Questionário GAD-7']
2026-09-18 11:59:35,448 - INFO -  - ID: 739050 | Procedure: Módulo Identificação da Paciente  | Appointment date: 2026-09-18T00:00:00.000Z | Check field: idp3=174-6 | Date field: idp4=2026-09-18
2026-09-18 11:59:35,449 - INFO -  - ID: 739051 | Procedure: Consulta Médica | Appointment date: nan | Check field: cm_atendimento_dt=2026-09-18 | Date field: cm_atendimento_dt=2026-09-18
2026-09-18 11:59:35,451 - INFO -  - ID: 739052 | Procedure: Módulo Saúde | Appointment date: nan | Check field: s0=N/A | Date field: s0=N/A
2026-09-18 11:59:35,453 - INFO -  - ID: 739053 | Procedure: Módulo Menopausa | Appointment date: nan | Check field: pm0=N/A | Date field: pm0=N/A
2026-09-18 11:59:35,456 - INFO -  - ID: 739054 | Procedure: Questionário da Saúde da Mulher - WHQ | Appointment date: nan | Check field: whq0=N/A | Date field: whq0=N/A
2026-09-18 11:59:35,458 - INFO -  - ID: 739055 | Procedure: Questionário Short Form - SF-36 | Appointment date: nan | Check field: sf36_0=N/A | Date field: sf36_0=N/A
2026-09-18 11:59:35,459 - INFO -  - ID: 739056 | Procedure: Questionário PHQ9 | Appointment date: nan | Check field: phq9_0=N/A | Date field: phq9_0=N/A
2026-09-18 11:59:35,461 - INFO -  - ID: 739057 | Procedure: Questionário WPAI | Appointment date: nan | Check field: wpai0=N/A | Date field: wpai0=N/A
2026-09-18 11:59:35,462 - INFO -  - ID: 739058 | Procedure: Questionário GAD-7 | Appointment date: nan | Check field: gad7_0=N/A | Date field: gad7_0=N/A
2026-09-18 11:59:35,463 - INFO - DEBUG: Procedure mapping summary:
2026-09-18 11:59:35,464 - INFO -  1. Total procedures in PoloTrial for unique visit: 9
2026-09-18 11:59:35,465 - INFO -  2. Matched with REDCap mapping: 9
2026-09-18 11:59:35,469 - INFO -  3. Unmatched procedures: 0
2026-09-18 11:59:35,518 - INFO - No procedures to sync for pattern: M[oóOÓ]dulo\s+Identifica[cçCÇ][aãAÃ]o\s+da\s+Paciente
2026-09-18 11:59:35,784 - INFO - ✅ Synced procedure 'Consulta Médica' (ID: 739051) with date: 2026-09-18
2026-09-18 11:59:35,830 - INFO - No date found in REDCap for procedure Módulo Saúde (check_field=s0, date_field=s0). Skipping sync.
2026-09-18 11:59:35,842 - INFO - No date found in REDCap for procedure Módulo Menopausa (check_field=pm0, date_field=pm0). Skipping sync.
2026-09-18 11:59:35,856 - INFO - No date found in REDCap for procedure Questionário da Saúde da Mulher - WHQ (check_field=whq0, date_field=whq0). Skipping sync.
2026-09-18 11:59:35,868 - INFO - No date found in REDCap for procedure Questionário Short Form - SF-36 (check_field=sf36_0, date_field=sf36_0). Skipping sync.
2026-09-18 11:59:35,897 - INFO - No date found in REDCap for procedure Questionário PHQ9 (check_field=phq9_0, date_field=phq9_0). Skipping sync.
2026-09-18 11:59:35,911 - INFO - No date found in REDCap for procedure Questionário WPAI (check_field=wpai0, date_field=wpai0). Skipping sync.
2026-09-18 11:59:35,965 - INFO - No date found in REDCap for procedure Questionário GAD-7 (check_field=gad7_0, date_field=gad7_0). Skipping sync.
2026-09-18 11:59:35,989 - INFO - Unique visit procedures synchronization completed. Total procedures synced: 1/9
2026-09-18 11:59:36,017 - INFO - Executor name from REDCap: Dra. Fabiane Berta de Sousa
2026-09-18 11:59:36,821 - INFO - Unique visit: Executor 'Dra. Fabiane Berta de Sousa' (ID: 4181) linked to procedure ID: 739051 with payload: {
  "co_participante_visita_procedimento": 739051,
  "executor": 4181,
  "data_realizada": "2026-09-18",
  "data_previsto_pagamento": "",
  "data_pagamento_realizado": "",
  "valor": "",
  "valor_total_procedimento": "",
  "observacoes": ""
}. Response: {
  "id": 18404,
  "observacoes": "",
  "valor_total_procedimento": "",
  "valor": "",
  "executor": 4181,
  "co_participante_visita_procedimento": 739051,
  "data_realizada": "2026-09-18T00:00:00.000Z",
  "data_previsto_pagamento": null,
  "user_id_log": 196
}
2026-09-18 11:59:36,822 - INFO - Unique visit synchronization completed for record_id=174-6, event_name=visita_unica_arm_1
2026-09-18 11:59:36,823 - INFO - Successfully dispatched event: record_id=174-6, event_name=visita_unica_arm_1, repeat_instance=1
2026-09-18 12:06:31,658 - INFO - Received webhook from REDCap DET: project_id=49, username=drafabianeberta, instrument=modulo_s_saude, record=174-6, redcap_event_name=visita_unica_arm_1, redcap_data_acess_group=, redcap_repeat_instance=None, redcap_repeat_instrument=None, redcap_url=https://svriglobal.org/redcap/, project_url=https://svriglobal.org/redcap/redcap_v17.3.10/index.php?pid=49
2026-09-18 12:06:31,670 - INFO - Dispatch runtime: pid=805616, module=/mnt/c/Users/Science/Documents/Python/integracao_embrace/src/integracao_embrace/dispatch.py, event_name='visita_unica_arm_1', instrument='modulo_s_saude'
2026-09-18 12:06:31,671 - INFO - Dispatching to unique visit handles: visita_unica_arm_1
2026-09-18 12:06:32,359 - INFO - Debug redcap url: https://svriglobal.org/redcap/api/
2026-09-18 12:06:32,360 - INFO - Debug redcaptoken (First 3 chars): E9A...
2026-09-18 12:06:32,361 - INFO - Debug redcap status: 200
2026-09-18 12:06:32,363 - INFO - Debug redcap response (first 30 chars): [{"record":"174-6","redcap_eve
2026-09-18 12:06:32,364 - INFO - REDCap: filtering event=visita_unica_arm_1 by repeat_instance=None; response instances=['', '1']
2026-09-18 12:06:32,365 - INFO - REDCap: exported record 174-6 for event visita_unica_arm_1, repeat_instance=None, with 71 fields from 74 entries
2026-09-18 12:06:32,366 - INFO - Mapped gender:  ➡ None
2026-09-18 12:06:32,366 - INFO - Mapped site: SVRI Clínica Morumbi ➡ 47
2026-09-18 12:06:32,367 - INFO - Volunteer payload prepared: {'nome': '174-6', 'iniciais': 'MCB', 'data_nascimento': '1974-06-29', 'sexo': None, 'email': '', 'data_inclusao': '2026-09-18', 'centro': '47', 'contatos': '11111111111'}
2026-09-18 12:06:33,014 - INFO - Volunteer 174-6 already exists in PoloTrial with ID: 3599
2026-09-18 12:06:33,015 - INFO - DEBUG: Searching protocol Embrace for site 47
2026-09-18 12:06:33,442 - INFO - Protocol found: Embrace with ID: 2381 (site=47)
2026-09-18 12:06:33,662 - INFO - DEBUG: Protocol Arm founded for the unique visit: ['Embrace ']
2026-09-18 12:06:33,662 - INFO - Arm matched: Embrace  with ID: 424
2026-09-18 12:06:37,918 - INFO - Participant found in PoloTrial with ID: 3588
2026-09-18 12:06:58,645 - INFO - Participant visits retrieved: 1, for participant ID: 3588
2026-09-18 12:06:58,646 - INFO - Looking for unique visit with name: Visita única among: ['Visita única']
2026-09-18 12:06:58,646 - INFO - Participant visit found: Visita única with ID: 44122
2026-09-18 12:06:58,819 - INFO - Unique visit already up to date (id=44122).
2026-09-18 12:06:59,055 - INFO - DEBUG: Available procedures in PoloTrial for unique visit: ['Módulo Identificação da Paciente ', 'Consulta Médica', 'Módulo Saúde', 'Módulo Menopausa', 'Questionário da Saúde da Mulher - WHQ', 'Questionário Short Form - SF-36', 'Questionário PHQ9', 'Questionário WPAI', 'Questionário GAD-7']
2026-09-18 12:06:59,056 - INFO -  - ID: 739050 | Procedure: Módulo Identificação da Paciente  | Appointment date: 2026-09-18T00:00:00.000Z | Check field: idp3=174-6 | Date field: idp4=2026-09-18
2026-09-18 12:06:59,057 - INFO -  - ID: 739051 | Procedure: Consulta Médica | Appointment date: 2026-09-18T00:00:00.000Z | Check field: cm_atendimento_dt=2026-09-18 | Date field: cm_atendimento_dt=2026-09-18
2026-09-18 12:06:59,058 - INFO -  - ID: 739052 | Procedure: Módulo Saúde | Appointment date: nan | Check field: s0=2026-09-18 | Date field: s0=2026-09-18
2026-09-18 12:06:59,058 - INFO -  - ID: 739053 | Procedure: Módulo Menopausa | Appointment date: nan | Check field: pm0=N/A | Date field: pm0=N/A
2026-09-18 12:06:59,059 - INFO -  - ID: 739054 | Procedure: Questionário da Saúde da Mulher - WHQ | Appointment date: nan | Check field: whq0=N/A | Date field: whq0=N/A
2026-09-18 12:06:59,060 - INFO -  - ID: 739055 | Procedure: Questionário Short Form - SF-36 | Appointment date: nan | Check field: sf36_0=N/A | Date field: sf36_0=N/A
2026-09-18 12:06:59,061 - INFO -  - ID: 739056 | Procedure: Questionário PHQ9 | Appointment date: nan | Check field: phq9_0=N/A | Date field: phq9_0=N/A
2026-09-18 12:06:59,062 - INFO -  - ID: 739057 | Procedure: Questionário WPAI | Appointment date: nan | Check field: wpai0=N/A | Date field: wpai0=N/A
2026-09-18 12:06:59,062 - INFO -  - ID: 739058 | Procedure: Questionário GAD-7 | Appointment date: nan | Check field: gad7_0=N/A | Date field: gad7_0=N/A
2026-09-18 12:06:59,063 - INFO - DEBUG: Procedure mapping summary:
2026-09-18 12:06:59,063 - INFO -  1. Total procedures in PoloTrial for unique visit: 9
2026-09-18 12:06:59,064 - INFO -  2. Matched with REDCap mapping: 9
2026-09-18 12:06:59,064 - INFO -  3. Unmatched procedures: 0
2026-09-18 12:06:59,067 - INFO - No procedures to sync for pattern: M[oóOÓ]dulo\s+Identifica[cçCÇ][aãAÃ]o\s+da\s+Paciente
2026-09-18 12:06:59,069 - INFO - No procedures to sync for pattern: Consulta\s+M[eéEÉ]dica
2026-09-18 12:06:59,262 - INFO - ✅ Synced procedure 'Módulo Saúde' (ID: 739052) with date: 2026-09-18
2026-09-18 12:06:59,265 - INFO - No date found in REDCap for procedure Módulo Menopausa (check_field=pm0, date_field=pm0). Skipping sync.
2026-09-18 12:06:59,268 - INFO - No date found in REDCap for procedure Questionário da Saúde da Mulher - WHQ (check_field=whq0, date_field=whq0). Skipping sync.
2026-09-18 12:06:59,270 - INFO - No date found in REDCap for procedure Questionário Short Form - SF-36 (check_field=sf36_0, date_field=sf36_0). Skipping sync.
2026-09-18 12:06:59,272 - INFO - No date found in REDCap for procedure Questionário PHQ9 (check_field=phq9_0, date_field=phq9_0). Skipping sync.
2026-09-18 12:06:59,275 - INFO - No date found in REDCap for procedure Questionário WPAI (check_field=wpai0, date_field=wpai0). Skipping sync.
2026-09-18 12:06:59,278 - INFO - No date found in REDCap for procedure Questionário GAD-7 (check_field=gad7_0, date_field=gad7_0). Skipping sync.
2026-09-18 12:06:59,279 - INFO - Unique visit procedures synchronization completed. Total procedures synced: 1/9
2026-09-18 12:06:59,279 - INFO - Executor name from REDCap: Dra. Fabiane Berta de Sousa
2026-09-18 12:06:59,769 - INFO - Executor 'Dra. Fabiane Berta de Sousa' (ID: 4181) is already linked to procedure ID: 739051. No action needed.
2026-09-18 12:06:59,770 - INFO - Unique visit synchronization completed for record_id=174-6, event_name=visita_unica_arm_1
2026-09-18 12:06:59,771 - INFO - Successfully dispatched event: record_id=174-6, event_name=visita_unica_arm_1, repeat_instance=None
2026-09-18 12:25:59,801 - INFO - Received webhook from REDCap DET: project_id=49, username=drafabianeberta, instrument=modulo_m_menopausa, record=174-6, redcap_event_name=visita_unica_arm_1, redcap_data_acess_group=, redcap_repeat_instance=None, redcap_repeat_instrument=None, redcap_url=https://svriglobal.org/redcap/, project_url=https://svriglobal.org/redcap/redcap_v17.3.10/index.php?pid=49
2026-09-18 12:25:59,870 - INFO - Dispatch runtime: pid=805616, module=/mnt/c/Users/Science/Documents/Python/integracao_embrace/src/integracao_embrace/dispatch.py, event_name='visita_unica_arm_1', instrument='modulo_m_menopausa'
2026-09-18 12:25:59,874 - INFO - Dispatching to unique visit handles: visita_unica_arm_1
2026-09-18 12:26:00,785 - INFO - Debug redcap url: https://svriglobal.org/redcap/api/
2026-09-18 12:26:00,787 - INFO - Debug redcaptoken (First 3 chars): E9A...
2026-09-18 12:26:00,788 - INFO - Debug redcap status: 200
2026-09-18 12:26:00,790 - INFO - Debug redcap response (first 30 chars): [{"record":"174-6","redcap_eve
2026-09-18 12:26:00,796 - INFO - REDCap: filtering event=visita_unica_arm_1 by repeat_instance=None; response instances=['', '1']
2026-09-18 12:26:00,800 - INFO - REDCap: exported record 174-6 for event visita_unica_arm_1, repeat_instance=None, with 135 fields from 158 entries
2026-09-18 12:26:00,802 - INFO - Mapped gender:  ➡ None
2026-09-18 12:26:00,804 - INFO - Mapped site: SVRI Clínica Morumbi ➡ 47
2026-09-18 12:26:00,806 - INFO - Volunteer payload prepared: {'nome': '174-6', 'iniciais': 'MCB', 'data_nascimento': '1974-06-29', 'sexo': None, 'email': '', 'data_inclusao': '2026-09-18', 'centro': '47', 'contatos': '11111111111'}
2026-09-18 12:26:01,599 - INFO - Volunteer 174-6 already exists in PoloTrial with ID: 3599
2026-09-18 12:26:01,608 - INFO - DEBUG: Searching protocol Embrace for site 47
2026-09-18 12:26:02,095 - INFO - Protocol found: Embrace with ID: 2381 (site=47)
2026-09-18 12:26:02,316 - INFO - DEBUG: Protocol Arm founded for the unique visit: ['Embrace ']
2026-09-18 12:26:02,317 - INFO - Arm matched: Embrace  with ID: 424
2026-09-18 12:26:03,027 - INFO - Participant found in PoloTrial with ID: 3588
2026-09-18 12:26:27,322 - INFO - Participant visits retrieved: 1, for participant ID: 3588
2026-09-18 12:26:27,326 - INFO - Looking for unique visit with name: Visita única among: ['Visita única']
2026-09-18 12:26:27,327 - INFO - Participant visit found: Visita única with ID: 44122
2026-09-18 12:26:27,523 - INFO - Unique visit already up to date (id=44122).
2026-09-18 12:26:27,922 - INFO - DEBUG: Available procedures in PoloTrial for unique visit: ['Módulo Identificação da Paciente ', 'Consulta Médica', 'Módulo Saúde', 'Módulo Menopausa', 'Questionário da Saúde da Mulher - WHQ', 'Questionário Short Form - SF-36', 'Questionário PHQ9', 'Questionário WPAI', 'Questionário GAD-7']
2026-09-18 12:26:27,926 - INFO -  - ID: 739050 | Procedure: Módulo Identificação da Paciente  | Appointment date: 2026-09-18T00:00:00.000Z | Check field: idp3=174-6 | Date field: idp4=2026-09-18
2026-09-18 12:26:27,928 - INFO -  - ID: 739051 | Procedure: Consulta Médica | Appointment date: 2026-09-18T00:00:00.000Z | Check field: cm_atendimento_dt=2026-09-18 | Date field: cm_atendimento_dt=2026-09-18
2026-09-18 12:26:27,930 - INFO -  - ID: 739052 | Procedure: Módulo Saúde | Appointment date: 2026-09-18T00:00:00.000Z | Check field: s0=2026-09-18 | Date field: s0=2026-09-18
2026-09-18 12:26:27,932 - INFO -  - ID: 739053 | Procedure: Módulo Menopausa | Appointment date: nan | Check field: pm0=2026-09-18 | Date field: pm0=2026-09-18
2026-09-18 12:26:27,933 - INFO -  - ID: 739054 | Procedure: Questionário da Saúde da Mulher - WHQ | Appointment date: nan | Check field: whq0=N/A | Date field: whq0=N/A
2026-09-18 12:26:27,934 - INFO -  - ID: 739055 | Procedure: Questionário Short Form - SF-36 | Appointment date: nan | Check field: sf36_0=N/A | Date field: sf36_0=N/A
2026-09-18 12:26:27,936 - INFO -  - ID: 739056 | Procedure: Questionário PHQ9 | Appointment date: nan | Check field: phq9_0=N/A | Date field: phq9_0=N/A
2026-09-18 12:26:27,937 - INFO -  - ID: 739057 | Procedure: Questionário WPAI | Appointment date: nan | Check field: wpai0=N/A | Date field: wpai0=N/A
2026-09-18 12:26:27,941 - INFO -  - ID: 739058 | Procedure: Questionário GAD-7 | Appointment date: nan | Check field: gad7_0=N/A | Date field: gad7_0=N/A
2026-09-18 12:26:27,942 - INFO - DEBUG: Procedure mapping summary:
2026-09-18 12:26:27,943 - INFO -  1. Total procedures in PoloTrial for unique visit: 9
2026-09-18 12:26:27,944 - INFO -  2. Matched with REDCap mapping: 9
2026-09-18 12:26:27,945 - INFO -  3. Unmatched procedures: 0
2026-09-18 12:26:27,979 - INFO - No procedures to sync for pattern: M[oóOÓ]dulo\s+Identifica[cçCÇ][aãAÃ]o\s+da\s+Paciente
2026-09-18 12:26:27,985 - INFO - No procedures to sync for pattern: Consulta\s+M[eéEÉ]dica
2026-09-18 12:26:27,988 - INFO - No procedures to sync for pattern: M[oóOÓ]dulo\s+Sa[uúUÚ]de
2026-09-18 12:26:28,211 - INFO - ✅ Synced procedure 'Módulo Menopausa' (ID: 739053) with date: 2026-09-18
2026-09-18 12:26:28,221 - INFO - No date found in REDCap for procedure Questionário da Saúde da Mulher - WHQ (check_field=whq0, date_field=whq0). Skipping sync.
2026-09-18 12:26:28,232 - INFO - No date found in REDCap for procedure Questionário Short Form - SF-36 (check_field=sf36_0, date_field=sf36_0). Skipping sync.
2026-09-18 12:26:28,237 - INFO - No date found in REDCap for procedure Questionário PHQ9 (check_field=phq9_0, date_field=phq9_0). Skipping sync.
2026-09-18 12:26:28,242 - INFO - No date found in REDCap for procedure Questionário WPAI (check_field=wpai0, date_field=wpai0). Skipping sync.
2026-09-18 12:26:28,247 - INFO - No date found in REDCap for procedure Questionário GAD-7 (check_field=gad7_0, date_field=gad7_0). Skipping sync.
2026-09-18 12:26:28,248 - INFO - Unique visit procedures synchronization completed. Total procedures synced: 1/9
2026-09-18 12:26:28,254 - INFO - Executor name from REDCap: Dra. Fabiane Berta de Sousa
2026-09-18 12:26:28,747 - INFO - Executor 'Dra. Fabiane Berta de Sousa' (ID: 4181) is already linked to procedure ID: 739051. No action needed.
2026-09-18 12:26:28,750 - INFO - Unique visit synchronization completed for record_id=174-6, event_name=visita_unica_arm_1
2026-09-18 12:26:28,751 - INFO - Successfully dispatched event: record_id=174-6, event_name=visita_unica_arm_1, repeat_instance=None
2026-09-18 12:35:00,181 - INFO - Received webhook from REDCap DET: project_id=49, username=luana.fernandes, instrument=modulo_whq_questionario_da_saude_da_mulher, record=174-6, redcap_event_name=visita_unica_arm_1, redcap_data_acess_group=, redcap_repeat_instance=None, redcap_repeat_instrument=None, redcap_url=https://svriglobal.org/redcap/, project_url=https://svriglobal.org/redcap/redcap_v17.3.10/index.php?pid=49
2026-09-18 12:35:00,187 - INFO - Dispatch runtime: pid=805616, module=/mnt/c/Users/Science/Documents/Python/integracao_embrace/src/integracao_embrace/dispatch.py, event_name='visita_unica_arm_1', instrument='modulo_whq_questionario_da_saude_da_mulher'
2026-09-18 12:35:00,188 - INFO - Dispatching to unique visit handles: visita_unica_arm_1
2026-09-18 12:35:00,925 - INFO - Debug redcap url: https://svriglobal.org/redcap/api/
2026-09-18 12:35:00,925 - INFO - Debug redcaptoken (First 3 chars): E9A...
2026-09-18 12:35:00,926 - INFO - Debug redcap status: 200
2026-09-18 12:35:00,927 - INFO - Debug redcap response (first 30 chars): [{"record":"174-6","redcap_eve
2026-09-18 12:35:00,928 - INFO - REDCap: filtering event=visita_unica_arm_1 by repeat_instance=None; response instances=['', '1']
2026-09-18 12:35:00,929 - INFO - REDCap: exported record 174-6 for event visita_unica_arm_1, repeat_instance=None, with 174 fields from 197 entries
2026-09-18 12:35:00,930 - INFO - Mapped gender:  ➡ None
2026-09-18 12:35:00,930 - INFO - Mapped site: SVRI Clínica Morumbi ➡ 47
2026-09-18 12:35:00,931 - INFO - Volunteer payload prepared: {'nome': '174-6', 'iniciais': 'MCB', 'data_nascimento': '1974-06-29', 'sexo': None, 'email': '', 'data_inclusao': '2026-09-18', 'centro': '47', 'contatos': '11111111111'}
2026-09-18 12:35:01,285 - INFO - Volunteer 174-6 already exists in PoloTrial with ID: 3599
2026-09-18 12:35:01,286 - INFO - DEBUG: Searching protocol Embrace for site 47
2026-09-18 12:35:01,729 - INFO - Protocol found: Embrace with ID: 2381 (site=47)
2026-09-18 12:35:01,960 - INFO - DEBUG: Protocol Arm founded for the unique visit: ['Embrace ']
2026-09-18 12:35:01,961 - INFO - Arm matched: Embrace  with ID: 424
2026-09-18 12:35:02,728 - INFO - Participant found in PoloTrial with ID: 3588
2026-09-18 12:35:26,946 - INFO - Participant visits retrieved: 1, for participant ID: 3588
2026-09-18 12:35:26,947 - INFO - Looking for unique visit with name: Visita única among: ['Visita única']
2026-09-18 12:35:26,948 - INFO - Participant visit found: Visita única with ID: 44122
2026-09-18 12:35:27,115 - INFO - Unique visit already up to date (id=44122).
2026-09-18 12:35:27,379 - INFO - DEBUG: Available procedures in PoloTrial for unique visit: ['Módulo Identificação da Paciente ', 'Consulta Médica', 'Módulo Saúde', 'Módulo Menopausa', 'Questionário da Saúde da Mulher - WHQ', 'Questionário Short Form - SF-36', 'Questionário PHQ9', 'Questionário WPAI', 'Questionário GAD-7']
2026-09-18 12:35:27,381 - INFO -  - ID: 739050 | Procedure: Módulo Identificação da Paciente  | Appointment date: 2026-09-18T00:00:00.000Z | Check field: idp3=174-6 | Date field: idp4=2026-09-18
2026-09-18 12:35:27,382 - INFO -  - ID: 739051 | Procedure: Consulta Médica | Appointment date: 2026-09-18T00:00:00.000Z | Check field: cm_atendimento_dt=2026-09-18 | Date field: cm_atendimento_dt=2026-09-18
2026-09-18 12:35:27,383 - INFO -  - ID: 739052 | Procedure: Módulo Saúde | Appointment date: 2026-09-18T00:00:00.000Z | Check field: s0=2026-09-18 | Date field: s0=2026-09-18
2026-09-18 12:35:27,384 - INFO -  - ID: 739053 | Procedure: Módulo Menopausa | Appointment date: 2026-09-18T00:00:00.000Z | Check field: pm0=2026-09-18 | Date field: pm0=2026-09-18
2026-09-18 12:35:27,384 - INFO -  - ID: 739054 | Procedure: Questionário da Saúde da Mulher - WHQ | Appointment date: nan | Check field: whq0=2026-09-18 | Date field: whq0=2026-09-18
2026-09-18 12:35:27,385 - INFO -  - ID: 739055 | Procedure: Questionário Short Form - SF-36 | Appointment date: nan | Check field: sf36_0=N/A | Date field: sf36_0=N/A
2026-09-18 12:35:27,385 - INFO -  - ID: 739056 | Procedure: Questionário PHQ9 | Appointment date: nan | Check field: phq9_0=N/A | Date field: phq9_0=N/A
2026-09-18 12:35:27,386 - INFO -  - ID: 739057 | Procedure: Questionário WPAI | Appointment date: nan | Check field: wpai0=N/A | Date field: wpai0=N/A
2026-09-18 12:35:27,387 - INFO -  - ID: 739058 | Procedure: Questionário GAD-7 | Appointment date: nan | Check field: gad7_0=N/A | Date field: gad7_0=N/A
2026-09-18 12:35:27,387 - INFO - DEBUG: Procedure mapping summary:
2026-09-18 12:35:27,387 - INFO -  1. Total procedures in PoloTrial for unique visit: 9
2026-09-18 12:35:27,388 - INFO -  2. Matched with REDCap mapping: 9
2026-09-18 12:35:27,388 - INFO -  3. Unmatched procedures: 0
2026-09-18 12:35:27,390 - INFO - No procedures to sync for pattern: M[oóOÓ]dulo\s+Identifica[cçCÇ][aãAÃ]o\s+da\s+Paciente
2026-09-18 12:35:27,392 - INFO - No procedures to sync for pattern: Consulta\s+M[eéEÉ]dica
2026-09-18 12:35:27,393 - INFO - No procedures to sync for pattern: M[oóOÓ]dulo\s+Sa[uúUÚ]de
2026-09-18 12:35:27,394 - INFO - No procedures to sync for pattern: M[oóOÓ]dulo\s+Menopausa
2026-09-18 12:35:27,586 - INFO - ✅ Synced procedure 'Questionário da Saúde da Mulher - WHQ' (ID: 739054) with date: 2026-09-18
2026-09-18 12:35:27,587 - INFO - No date found in REDCap for procedure Questionário Short Form - SF-36 (check_field=sf36_0, date_field=sf36_0). Skipping sync.
2026-09-18 12:35:27,589 - INFO - No date found in REDCap for procedure Questionário PHQ9 (check_field=phq9_0, date_field=phq9_0). Skipping sync.
2026-09-18 12:35:27,590 - INFO - No date found in REDCap for procedure Questionário WPAI (check_field=wpai0, date_field=wpai0). Skipping sync.
2026-09-18 12:35:27,592 - INFO - No date found in REDCap for procedure Questionário GAD-7 (check_field=gad7_0, date_field=gad7_0). Skipping sync.
2026-09-18 12:35:27,592 - INFO - Unique visit procedures synchronization completed. Total procedures synced: 1/9
2026-09-18 12:35:27,593 - INFO - Executor name from REDCap: Dra. Fabiane Berta de Sousa
2026-09-18 12:35:28,119 - INFO - Executor 'Dra. Fabiane Berta de Sousa' (ID: 4181) is already linked to procedure ID: 739051. No action needed.
2026-09-18 12:35:28,120 - INFO - Unique visit synchronization completed for record_id=174-6, event_name=visita_unica_arm_1
2026-09-18 12:35:28,121 - INFO - Successfully dispatched event: record_id=174-6, event_name=visita_unica_arm_1, repeat_instance=None
2026-09-18 12:36:43,420 - INFO - Received webhook from REDCap DET: project_id=49, username=[survey respondent], instrument=modulo_do_participante, record=174-6, redcap_event_name=visita_unica_arm_1, redcap_data_acess_group=, redcap_repeat_instance=None, redcap_repeat_instrument=None, redcap_url=https://svriglobal.org/redcap/, project_url=https://svriglobal.org/redcap/redcap_v17.3.10/index.php?pid=49
2026-09-18 12:36:43,422 - INFO - Dispatch runtime: pid=805616, module=/mnt/c/Users/Science/Documents/Python/integracao_embrace/src/integracao_embrace/dispatch.py, event_name='visita_unica_arm_1', instrument='modulo_do_participante'
2026-09-18 12:36:43,423 - INFO - Dispatching to unique visit handles: visita_unica_arm_1
2026-09-18 12:36:44,053 - INFO - Debug redcap url: https://svriglobal.org/redcap/api/
2026-09-18 12:36:44,054 - INFO - Debug redcaptoken (First 3 chars): E9A...
2026-09-18 12:36:44,054 - INFO - Debug redcap status: 200
2026-09-18 12:36:44,054 - INFO - Debug redcap response (first 30 chars): [{"record":"174-6","redcap_eve
2026-09-18 12:36:44,055 - INFO - REDCap: filtering event=visita_unica_arm_1 by repeat_instance=None; response instances=['', '1']
2026-09-18 12:36:44,056 - INFO - REDCap: exported record 174-6 for event visita_unica_arm_1, repeat_instance=None, with 176 fields from 199 entries
2026-09-18 12:36:44,056 - INFO - Mapped gender:  ➡ None
2026-09-18 12:36:44,056 - INFO - Mapped site: SVRI Clínica Morumbi ➡ 47
2026-09-18 12:36:44,057 - INFO - Volunteer payload prepared: {'nome': '174-6', 'iniciais': 'MCB', 'data_nascimento': '1974-06-29', 'sexo': None, 'email': '', 'data_inclusao': '2026-09-18', 'centro': '47', 'contatos': '11111111111'}
2026-09-18 12:36:44,251 - INFO - Volunteer 174-6 already exists in PoloTrial with ID: 3599
2026-09-18 12:36:44,251 - INFO - DEBUG: Searching protocol Embrace for site 47
2026-09-18 12:36:44,691 - INFO - Protocol found: Embrace with ID: 2381 (site=47)
2026-09-18 12:36:44,912 - INFO - DEBUG: Protocol Arm founded for the unique visit: ['Embrace ']
2026-09-18 12:36:44,912 - INFO - Arm matched: Embrace  with ID: 424
2026-09-18 12:36:45,544 - INFO - Participant found in PoloTrial with ID: 3588
2026-09-18 12:37:09,746 - INFO - Participant visits retrieved: 1, for participant ID: 3588
2026-09-18 12:37:09,753 - INFO - Looking for unique visit with name: Visita única among: ['Visita única']
2026-09-18 12:37:09,759 - INFO - Participant visit found: Visita única with ID: 44122
2026-09-18 12:37:09,999 - INFO - Unique visit already up to date (id=44122).
2026-09-18 12:37:10,294 - INFO - DEBUG: Available procedures in PoloTrial for unique visit: ['Módulo Identificação da Paciente ', 'Consulta Médica', 'Módulo Saúde', 'Módulo Menopausa', 'Questionário da Saúde da Mulher - WHQ', 'Questionário Short Form - SF-36', 'Questionário PHQ9', 'Questionário WPAI', 'Questionário GAD-7']
2026-09-18 12:37:10,297 - INFO -  - ID: 739050 | Procedure: Módulo Identificação da Paciente  | Appointment date: 2026-09-18T00:00:00.000Z | Check field: idp3=174-6 | Date field: idp4=2026-09-18
2026-09-18 12:37:10,300 - INFO -  - ID: 739051 | Procedure: Consulta Médica | Appointment date: 2026-09-18T00:00:00.000Z | Check field: cm_atendimento_dt=2026-09-18 | Date field: cm_atendimento_dt=2026-09-18
2026-09-18 12:37:10,302 - INFO -  - ID: 739052 | Procedure: Módulo Saúde | Appointment date: 2026-09-18T00:00:00.000Z | Check field: s0=2026-09-18 | Date field: s0=2026-09-18
2026-09-18 12:37:10,306 - INFO -  - ID: 739053 | Procedure: Módulo Menopausa | Appointment date: 2026-09-18T00:00:00.000Z | Check field: pm0=2026-09-18 | Date field: pm0=2026-09-18
2026-09-18 12:37:10,308 - INFO -  - ID: 739054 | Procedure: Questionário da Saúde da Mulher - WHQ | Appointment date: 2026-09-18T00:00:00.000Z | Check field: whq0=2026-09-18 | Date field: whq0=2026-09-18
2026-09-18 12:37:10,309 - INFO -  - ID: 739055 | Procedure: Questionário Short Form - SF-36 | Appointment date: nan | Check field: sf36_0=N/A | Date field: sf36_0=N/A
2026-09-18 12:37:10,310 - INFO -  - ID: 739056 | Procedure: Questionário PHQ9 | Appointment date: nan | Check field: phq9_0=N/A | Date field: phq9_0=N/A
2026-09-18 12:37:10,312 - INFO -  - ID: 739057 | Procedure: Questionário WPAI | Appointment date: nan | Check field: wpai0=N/A | Date field: wpai0=N/A
2026-09-18 12:37:10,320 - INFO -  - ID: 739058 | Procedure: Questionário GAD-7 | Appointment date: nan | Check field: gad7_0=N/A | Date field: gad7_0=N/A
2026-09-18 12:37:10,329 - INFO - DEBUG: Procedure mapping summary:
2026-09-18 12:37:10,332 - INFO -  1. Total procedures in PoloTrial for unique visit: 9
2026-09-18 12:37:10,333 - INFO -  2. Matched with REDCap mapping: 9
2026-09-18 12:37:10,335 - INFO -  3. Unmatched procedures: 0
2026-09-18 12:37:10,351 - INFO - No procedures to sync for pattern: M[oóOÓ]dulo\s+Identifica[cçCÇ][aãAÃ]o\s+da\s+Paciente
2026-09-18 12:37:10,355 - INFO - No procedures to sync for pattern: Consulta\s+M[eéEÉ]dica
2026-09-18 12:37:10,366 - INFO - No procedures to sync for pattern: M[oóOÓ]dulo\s+Sa[uúUÚ]de
2026-09-18 12:37:10,370 - INFO - No procedures to sync for pattern: M[oóOÓ]dulo\s+Menopausa
2026-09-18 12:37:10,382 - INFO - No procedures to sync for pattern: Question[aáAÁ]rio\s+da\s+Sa[uúUÚ]de\s+da\s+Mulher\s+-\s+WHQ
2026-09-18 12:37:10,388 - INFO - No date found in REDCap for procedure Questionário Short Form - SF-36 (check_field=sf36_0, date_field=sf36_0). Skipping sync.
2026-09-18 12:37:10,398 - INFO - No date found in REDCap for procedure Questionário PHQ9 (check_field=phq9_0, date_field=phq9_0). Skipping sync.
2026-09-18 12:37:10,410 - INFO - No date found in REDCap for procedure Questionário WPAI (check_field=wpai0, date_field=wpai0). Skipping sync.
2026-09-18 12:37:10,423 - INFO - No date found in REDCap for procedure Questionário GAD-7 (check_field=gad7_0, date_field=gad7_0). Skipping sync.
2026-09-18 12:37:10,426 - INFO - Unique visit procedures synchronization completed. Total procedures synced: 0/9
2026-09-18 12:37:10,428 - INFO - Executor name from REDCap: Dra. Fabiane Berta de Sousa
2026-09-18 12:37:10,948 - INFO - Executor 'Dra. Fabiane Berta de Sousa' (ID: 4181) is already linked to procedure ID: 739051. No action needed.
2026-09-18 12:37:10,949 - INFO - Unique visit synchronization completed for record_id=174-6, event_name=visita_unica_arm_1
2026-09-18 12:37:10,950 - INFO - Successfully dispatched event: record_id=174-6, event_name=visita_unica_arm_1, repeat_instance=None
2026-09-18 12:37:13,364 - INFO - Received webhook from REDCap DET: project_id=49, username=[survey respondent], instrument=modulo_do_participante, record=174-6, redcap_event_name=visita_unica_arm_1, redcap_data_acess_group=, redcap_repeat_instance=None, redcap_repeat_instrument=None, redcap_url=https://svriglobal.org/redcap/, project_url=https://svriglobal.org/redcap/redcap_v17.3.10/index.php?pid=49
2026-09-18 12:37:13,376 - INFO - Dispatch runtime: pid=805616, module=/mnt/c/Users/Science/Documents/Python/integracao_embrace/src/integracao_embrace/dispatch.py, event_name='visita_unica_arm_1', instrument='modulo_do_participante'
2026-09-18 12:37:13,377 - INFO - Dispatching to unique visit handles: visita_unica_arm_1
2026-09-18 12:37:14,128 - INFO - Debug redcap url: https://svriglobal.org/redcap/api/
2026-09-18 12:37:14,131 - INFO - Debug redcaptoken (First 3 chars): E9A...
2026-09-18 12:37:14,133 - INFO - Debug redcap status: 200
2026-09-18 12:37:14,134 - INFO - Debug redcap response (first 30 chars): [{"record":"174-6","redcap_eve
2026-09-18 12:37:14,137 - INFO - REDCap: filtering event=visita_unica_arm_1 by repeat_instance=None; response instances=['', '1']
2026-09-18 12:37:14,140 - INFO - REDCap: exported record 174-6 for event visita_unica_arm_1, repeat_instance=None, with 183 fields from 206 entries
2026-09-18 12:37:14,147 - INFO - Mapped gender:  ➡ None
2026-09-18 12:37:14,153 - INFO - Mapped site: SVRI Clínica Morumbi ➡ 47
2026-09-18 12:37:14,167 - INFO - Volunteer payload prepared: {'nome': '174-6', 'iniciais': 'MCB', 'data_nascimento': '1974-06-29', 'sexo': None, 'email': '', 'data_inclusao': '2026-09-18', 'centro': '47', 'contatos': '11111111111'}
2026-09-18 12:37:14,370 - INFO - Volunteer 174-6 already exists in PoloTrial with ID: 3599
2026-09-18 12:37:14,371 - INFO - DEBUG: Searching protocol Embrace for site 47
2026-09-18 12:37:14,814 - INFO - Protocol found: Embrace with ID: 2381 (site=47)
2026-09-18 12:37:15,049 - INFO - DEBUG: Protocol Arm founded for the unique visit: ['Embrace ']
2026-09-18 12:37:15,050 - INFO - Arm matched: Embrace  with ID: 424
2026-09-18 12:37:15,643 - INFO - Participant found in PoloTrial with ID: 3588
2026-09-18 12:37:36,257 - INFO - Participant visits retrieved: 1, for participant ID: 3588
2026-09-18 12:37:36,258 - INFO - Looking for unique visit with name: Visita única among: ['Visita única']
2026-09-18 12:37:36,259 - INFO - Participant visit found: Visita única with ID: 44122
2026-09-18 12:37:36,428 - INFO - Unique visit already up to date (id=44122).
2026-09-18 12:37:36,660 - INFO - DEBUG: Available procedures in PoloTrial for unique visit: ['Módulo Identificação da Paciente ', 'Consulta Médica', 'Módulo Saúde', 'Módulo Menopausa', 'Questionário da Saúde da Mulher - WHQ', 'Questionário Short Form - SF-36', 'Questionário PHQ9', 'Questionário WPAI', 'Questionário GAD-7']
2026-09-18 12:37:36,661 - INFO -  - ID: 739050 | Procedure: Módulo Identificação da Paciente  | Appointment date: 2026-09-18T00:00:00.000Z | Check field: idp3=174-6 | Date field: idp4=2026-09-18
2026-09-18 12:37:36,662 - INFO -  - ID: 739051 | Procedure: Consulta Médica | Appointment date: 2026-09-18T00:00:00.000Z | Check field: cm_atendimento_dt=2026-09-18 | Date field: cm_atendimento_dt=2026-09-18
2026-09-18 12:37:36,662 - INFO -  - ID: 739052 | Procedure: Módulo Saúde | Appointment date: 2026-09-18T00:00:00.000Z | Check field: s0=2026-09-18 | Date field: s0=2026-09-18
2026-09-18 12:37:36,663 - INFO -  - ID: 739053 | Procedure: Módulo Menopausa | Appointment date: 2026-09-18T00:00:00.000Z | Check field: pm0=2026-09-18 | Date field: pm0=2026-09-18
2026-09-18 12:37:36,664 - INFO -  - ID: 739054 | Procedure: Questionário da Saúde da Mulher - WHQ | Appointment date: 2026-09-18T00:00:00.000Z | Check field: whq0=2026-09-18 | Date field: whq0=2026-09-18
2026-09-18 12:37:36,664 - INFO -  - ID: 739055 | Procedure: Questionário Short Form - SF-36 | Appointment date: nan | Check field: sf36_0=N/A | Date field: sf36_0=N/A
2026-09-18 12:37:36,665 - INFO -  - ID: 739056 | Procedure: Questionário PHQ9 | Appointment date: nan | Check field: phq9_0=N/A | Date field: phq9_0=N/A
2026-09-18 12:37:36,666 - INFO -  - ID: 739057 | Procedure: Questionário WPAI | Appointment date: nan | Check field: wpai0=N/A | Date field: wpai0=N/A
2026-09-18 12:37:36,666 - INFO -  - ID: 739058 | Procedure: Questionário GAD-7 | Appointment date: nan | Check field: gad7_0=N/A | Date field: gad7_0=N/A
2026-09-18 12:37:36,667 - INFO - DEBUG: Procedure mapping summary:
2026-09-18 12:37:36,667 - INFO -  1. Total procedures in PoloTrial for unique visit: 9
2026-09-18 12:37:36,668 - INFO -  2. Matched with REDCap mapping: 9
2026-09-18 12:37:36,668 - INFO -  3. Unmatched procedures: 0
2026-09-18 12:37:36,670 - INFO - No procedures to sync for pattern: M[oóOÓ]dulo\s+Identifica[cçCÇ][aãAÃ]o\s+da\s+Paciente
2026-09-18 12:37:36,672 - INFO - No procedures to sync for pattern: Consulta\s+M[eéEÉ]dica
2026-09-18 12:37:36,673 - INFO - No procedures to sync for pattern: M[oóOÓ]dulo\s+Sa[uúUÚ]de
2026-09-18 12:37:36,675 - INFO - No procedures to sync for pattern: M[oóOÓ]dulo\s+Menopausa
2026-09-18 12:37:36,676 - INFO - No procedures to sync for pattern: Question[aáAÁ]rio\s+da\s+Sa[uúUÚ]de\s+da\s+Mulher\s+-\s+WHQ
2026-09-18 12:37:36,678 - INFO - No date found in REDCap for procedure Questionário Short Form - SF-36 (check_field=sf36_0, date_field=sf36_0). Skipping sync.
2026-09-18 12:37:36,680 - INFO - No date found in REDCap for procedure Questionário PHQ9 (check_field=phq9_0, date_field=phq9_0). Skipping sync.
2026-09-18 12:37:36,681 - INFO - No date found in REDCap for procedure Questionário WPAI (check_field=wpai0, date_field=wpai0). Skipping sync.
2026-09-18 12:37:36,683 - INFO - No date found in REDCap for procedure Questionário GAD-7 (check_field=gad7_0, date_field=gad7_0). Skipping sync.
2026-09-18 12:37:36,683 - INFO - Unique visit procedures synchronization completed. Total procedures synced: 0/9
2026-09-18 12:37:36,684 - INFO - Executor name from REDCap: Dra. Fabiane Berta de Sousa
2026-09-18 12:37:37,165 - INFO - Executor 'Dra. Fabiane Berta de Sousa' (ID: 4181) is already linked to procedure ID: 739051. No action needed.
2026-09-18 12:37:37,166 - INFO - Unique visit synchronization completed for record_id=174-6, event_name=visita_unica_arm_1
2026-09-18 12:37:37,166 - INFO - Successfully dispatched event: record_id=174-6, event_name=visita_unica_arm_1, repeat_instance=None
2026-09-18 12:38:37,320 - INFO - Received webhook from REDCap DET: project_id=49, username=[survey respondent], instrument=modulo_do_participante, record=174-6, redcap_event_name=visita_unica_arm_1, redcap_data_acess_group=, redcap_repeat_instance=None, redcap_repeat_instrument=None, redcap_url=https://svriglobal.org/redcap/, project_url=https://svriglobal.org/redcap/redcap_v17.3.10/index.php?pid=49
2026-09-18 12:38:37,321 - INFO - Dispatch runtime: pid=805616, module=/mnt/c/Users/Science/Documents/Python/integracao_embrace/src/integracao_embrace/dispatch.py, event_name='visita_unica_arm_1', instrument='modulo_do_participante'
2026-09-18 12:38:37,322 - INFO - Dispatching to unique visit handles: visita_unica_arm_1
2026-09-18 12:38:37,937 - INFO - Debug redcap url: https://svriglobal.org/redcap/api/
2026-09-18 12:38:37,938 - INFO - Debug redcaptoken (First 3 chars): E9A...
2026-09-18 12:38:37,938 - INFO - Debug redcap status: 200
2026-09-18 12:38:37,938 - INFO - Debug redcap response (first 30 chars): [{"record":"174-6","redcap_eve
2026-09-18 12:38:37,939 - INFO - REDCap: filtering event=visita_unica_arm_1 by repeat_instance=None; response instances=['', '1']
2026-09-18 12:38:37,939 - INFO - REDCap: exported record 174-6 for event visita_unica_arm_1, repeat_instance=None, with 198 fields from 222 entries
2026-09-18 12:38:37,940 - INFO - Mapped gender:  ➡ None
2026-09-18 12:38:37,940 - INFO - Mapped site: SVRI Clínica Morumbi ➡ 47
2026-09-18 12:38:37,940 - INFO - Volunteer payload prepared: {'nome': '174-6', 'iniciais': 'MCB', 'data_nascimento': '1974-06-29', 'sexo': None, 'email': '', 'data_inclusao': '2026-09-18', 'centro': '47', 'contatos': '11111111111'}
2026-09-18 12:38:38,136 - INFO - Volunteer 174-6 already exists in PoloTrial with ID: 3599
2026-09-18 12:38:38,137 - INFO - DEBUG: Searching protocol Embrace for site 47
2026-09-18 12:38:38,567 - INFO - Protocol found: Embrace with ID: 2381 (site=47)
2026-09-18 12:38:38,772 - INFO - DEBUG: Protocol Arm founded for the unique visit: ['Embrace ']
2026-09-18 12:38:38,773 - INFO - Arm matched: Embrace  with ID: 424
2026-09-18 12:38:39,388 - INFO - Participant found in PoloTrial with ID: 3588
2026-09-18 12:39:03,611 - INFO - Participant visits retrieved: 1, for participant ID: 3588
2026-09-18 12:39:03,611 - INFO - Looking for unique visit with name: Visita única among: ['Visita única']
2026-09-18 12:39:03,612 - INFO - Participant visit found: Visita única with ID: 44122
2026-09-18 12:39:03,795 - INFO - Unique visit already up to date (id=44122).
2026-09-18 12:39:04,014 - INFO - DEBUG: Available procedures in PoloTrial for unique visit: ['Módulo Identificação da Paciente ', 'Consulta Médica', 'Módulo Saúde', 'Módulo Menopausa', 'Questionário da Saúde da Mulher - WHQ', 'Questionário Short Form - SF-36', 'Questionário PHQ9', 'Questionário WPAI', 'Questionário GAD-7']
2026-09-18 12:39:04,015 - INFO -  - ID: 739050 | Procedure: Módulo Identificação da Paciente  | Appointment date: 2026-09-18T00:00:00.000Z | Check field: idp3=174-6 | Date field: idp4=2026-09-18
2026-09-18 12:39:04,016 - INFO -  - ID: 739051 | Procedure: Consulta Médica | Appointment date: 2026-09-18T00:00:00.000Z | Check field: cm_atendimento_dt=2026-09-18 | Date field: cm_atendimento_dt=2026-09-18
2026-09-18 12:39:04,016 - INFO -  - ID: 739052 | Procedure: Módulo Saúde | Appointment date: 2026-09-18T00:00:00.000Z | Check field: s0=2026-09-18 | Date field: s0=2026-09-18
2026-09-18 12:39:04,017 - INFO -  - ID: 739053 | Procedure: Módulo Menopausa | Appointment date: 2026-09-18T00:00:00.000Z | Check field: pm0=2026-09-18 | Date field: pm0=2026-09-18
2026-09-18 12:39:04,017 - INFO -  - ID: 739054 | Procedure: Questionário da Saúde da Mulher - WHQ | Appointment date: 2026-09-18T00:00:00.000Z | Check field: whq0=2026-09-18 | Date field: whq0=2026-09-18
2026-09-18 12:39:04,017 - INFO -  - ID: 739055 | Procedure: Questionário Short Form - SF-36 | Appointment date: nan | Check field: sf36_0=N/A | Date field: sf36_0=N/A
2026-09-18 12:39:04,018 - INFO -  - ID: 739056 | Procedure: Questionário PHQ9 | Appointment date: nan | Check field: phq9_0=N/A | Date field: phq9_0=N/A
2026-09-18 12:39:04,018 - INFO -  - ID: 739057 | Procedure: Questionário WPAI | Appointment date: nan | Check field: wpai0=N/A | Date field: wpai0=N/A
2026-09-18 12:39:04,018 - INFO -  - ID: 739058 | Procedure: Questionário GAD-7 | Appointment date: nan | Check field: gad7_0=N/A | Date field: gad7_0=N/A
2026-09-18 12:39:04,019 - INFO - DEBUG: Procedure mapping summary:
2026-09-18 12:39:04,019 - INFO -  1. Total procedures in PoloTrial for unique visit: 9
2026-09-18 12:39:04,019 - INFO -  2. Matched with REDCap mapping: 9
2026-09-18 12:39:04,020 - INFO -  3. Unmatched procedures: 0
2026-09-18 12:39:04,021 - INFO - No procedures to sync for pattern: M[oóOÓ]dulo\s+Identifica[cçCÇ][aãAÃ]o\s+da\s+Paciente
2026-09-18 12:39:04,022 - INFO - No procedures to sync for pattern: Consulta\s+M[eéEÉ]dica
2026-09-18 12:39:04,023 - INFO - No procedures to sync for pattern: M[oóOÓ]dulo\s+Sa[uúUÚ]de
2026-09-18 12:39:04,024 - INFO - No procedures to sync for pattern: M[oóOÓ]dulo\s+Menopausa
2026-09-18 12:39:04,025 - INFO - No procedures to sync for pattern: Question[aáAÁ]rio\s+da\s+Sa[uúUÚ]de\s+da\s+Mulher\s+-\s+WHQ
2026-09-18 12:39:04,026 - INFO - No date found in REDCap for procedure Questionário Short Form - SF-36 (check_field=sf36_0, date_field=sf36_0). Skipping sync.
2026-09-18 12:39:04,027 - INFO - No date found in REDCap for procedure Questionário PHQ9 (check_field=phq9_0, date_field=phq9_0). Skipping sync.
2026-09-18 12:39:04,028 - INFO - No date found in REDCap for procedure Questionário WPAI (check_field=wpai0, date_field=wpai0). Skipping sync.
2026-09-18 12:39:04,029 - INFO - No date found in REDCap for procedure Questionário GAD-7 (check_field=gad7_0, date_field=gad7_0). Skipping sync.
2026-09-18 12:39:04,030 - INFO - Unique visit procedures synchronization completed. Total procedures synced: 0/9
2026-09-18 12:39:04,030 - INFO - Executor name from REDCap: Dra. Fabiane Berta de Sousa
2026-09-18 12:39:04,501 - INFO - Executor 'Dra. Fabiane Berta de Sousa' (ID: 4181) is already linked to procedure ID: 739051. No action needed.
2026-09-18 12:39:04,502 - INFO - Unique visit synchronization completed for record_id=174-6, event_name=visita_unica_arm_1
2026-09-18 12:39:04,502 - INFO - Successfully dispatched event: record_id=174-6, event_name=visita_unica_arm_1, repeat_instance=None
2026-09-18 12:40:18,695 - INFO - Received webhook from REDCap DET: project_id=49, username=[survey respondent], instrument=modulo_do_participante, record=174-6, redcap_event_name=visita_unica_arm_1, redcap_data_acess_group=, redcap_repeat_instance=None, redcap_repeat_instrument=None, redcap_url=https://svriglobal.org/redcap/, project_url=https://svriglobal.org/redcap/redcap_v17.3.10/index.php?pid=49
2026-09-18 12:40:18,696 - INFO - Dispatch runtime: pid=805616, module=/mnt/c/Users/Science/Documents/Python/integracao_embrace/src/integracao_embrace/dispatch.py, event_name='visita_unica_arm_1', instrument='modulo_do_participante'
2026-09-18 12:40:18,697 - INFO - Dispatching to unique visit handles: visita_unica_arm_1
2026-09-18 12:40:19,298 - INFO - Debug redcap url: https://svriglobal.org/redcap/api/
2026-09-18 12:40:19,298 - INFO - Debug redcaptoken (First 3 chars): E9A...
2026-09-18 12:40:19,298 - INFO - Debug redcap status: 200
2026-09-18 12:40:19,299 - INFO - Debug redcap response (first 30 chars): [{"record":"174-6","redcap_eve
2026-09-18 12:40:19,299 - INFO - REDCap: filtering event=visita_unica_arm_1 by repeat_instance=None; response instances=['', '1']
2026-09-18 12:40:19,300 - INFO - REDCap: exported record 174-6 for event visita_unica_arm_1, repeat_instance=None, with 199 fields from 237 entries
2026-09-18 12:40:19,300 - INFO - Mapped gender:  ➡ None
2026-09-18 12:40:19,300 - INFO - Mapped site: SVRI Clínica Morumbi ➡ 47
2026-09-18 12:40:19,300 - INFO - Volunteer payload prepared: {'nome': '174-6', 'iniciais': 'MCB', 'data_nascimento': '1974-06-29', 'sexo': None, 'email': '', 'data_inclusao': '2026-09-18', 'centro': '47', 'contatos': '11111111111'}
2026-09-18 12:40:19,507 - INFO - Volunteer 174-6 already exists in PoloTrial with ID: 3599
2026-09-18 12:40:19,508 - INFO - DEBUG: Searching protocol Embrace for site 47
2026-09-18 12:40:19,928 - INFO - Protocol found: Embrace with ID: 2381 (site=47)
2026-09-18 12:40:20,120 - INFO - DEBUG: Protocol Arm founded for the unique visit: ['Embrace ']
2026-09-18 12:40:20,120 - INFO - Arm matched: Embrace  with ID: 424
2026-09-18 12:40:20,713 - INFO - Participant found in PoloTrial with ID: 3588
2026-09-18 12:40:32,298 - INFO - Received webhook from REDCap DET: project_id=49, username=[survey respondent], instrument=modulo_do_participante, record=174-6, redcap_event_name=visita_unica_arm_1, redcap_data_acess_group=, redcap_repeat_instance=None, redcap_repeat_instrument=None, redcap_url=https://svriglobal.org/redcap/, project_url=https://svriglobal.org/redcap/redcap_v17.3.10/index.php?pid=49
2026-09-18 12:40:32,304 - INFO - Dispatch runtime: pid=805616, module=/mnt/c/Users/Science/Documents/Python/integracao_embrace/src/integracao_embrace/dispatch.py, event_name='visita_unica_arm_1', instrument='modulo_do_participante'
2026-09-18 12:40:32,304 - INFO - Dispatching to unique visit handles: visita_unica_arm_1
2026-09-18 12:40:32,903 - INFO - Debug redcap url: https://svriglobal.org/redcap/api/
2026-09-18 12:40:32,903 - INFO - Debug redcaptoken (First 3 chars): E9A...
2026-09-18 12:40:32,904 - INFO - Debug redcap status: 200
2026-09-18 12:40:32,904 - INFO - Debug redcap response (first 30 chars): [{"record":"174-6","redcap_eve
2026-09-18 12:40:32,905 - INFO - REDCap: filtering event=visita_unica_arm_1 by repeat_instance=None; response instances=['', '1']
2026-09-18 12:40:32,905 - INFO - REDCap: exported record 174-6 for event visita_unica_arm_1, repeat_instance=None, with 202 fields from 240 entries
2026-09-18 12:40:32,906 - INFO - Mapped gender:  ➡ None
2026-09-18 12:40:32,906 - INFO - Mapped site: SVRI Clínica Morumbi ➡ 47
2026-09-18 12:40:32,906 - INFO - Volunteer payload prepared: {'nome': '174-6', 'iniciais': 'MCB', 'data_nascimento': '1974-06-29', 'sexo': None, 'email': '', 'data_inclusao': '2026-09-18', 'centro': '47', 'contatos': '11111111111'}
2026-09-18 12:40:33,101 - INFO - Volunteer 174-6 already exists in PoloTrial with ID: 3599
2026-09-18 12:40:33,102 - INFO - DEBUG: Searching protocol Embrace for site 47
2026-09-18 12:40:33,518 - INFO - Protocol found: Embrace with ID: 2381 (site=47)
2026-09-18 12:40:33,723 - INFO - DEBUG: Protocol Arm founded for the unique visit: ['Embrace ']
2026-09-18 12:40:33,724 - INFO - Arm matched: Embrace  with ID: 424
2026-09-18 12:40:34,331 - INFO - Participant found in PoloTrial with ID: 3588
2026-09-18 12:40:44,940 - INFO - Participant visits retrieved: 1, for participant ID: 3588
2026-09-18 12:40:44,941 - INFO - Looking for unique visit with name: Visita única among: ['Visita única']
2026-09-18 12:40:44,941 - INFO - Participant visit found: Visita única with ID: 44122
2026-09-18 12:40:45,100 - INFO - Unique visit already up to date (id=44122).
2026-09-18 12:40:45,310 - INFO - DEBUG: Available procedures in PoloTrial for unique visit: ['Módulo Identificação da Paciente ', 'Consulta Médica', 'Módulo Saúde', 'Módulo Menopausa', 'Questionário da Saúde da Mulher - WHQ', 'Questionário Short Form - SF-36', 'Questionário PHQ9', 'Questionário WPAI', 'Questionário GAD-7']
2026-09-18 12:40:45,310 - INFO -  - ID: 739050 | Procedure: Módulo Identificação da Paciente  | Appointment date: 2026-09-18T00:00:00.000Z | Check field: idp3=174-6 | Date field: idp4=2026-09-18
2026-09-18 12:40:45,311 - INFO -  - ID: 739051 | Procedure: Consulta Médica | Appointment date: 2026-09-18T00:00:00.000Z | Check field: cm_atendimento_dt=2026-09-18 | Date field: cm_atendimento_dt=2026-09-18
2026-09-18 12:40:45,311 - INFO -  - ID: 739052 | Procedure: Módulo Saúde | Appointment date: 2026-09-18T00:00:00.000Z | Check field: s0=2026-09-18 | Date field: s0=2026-09-18
2026-09-18 12:40:45,312 - INFO -  - ID: 739053 | Procedure: Módulo Menopausa | Appointment date: 2026-09-18T00:00:00.000Z | Check field: pm0=2026-09-18 | Date field: pm0=2026-09-18
2026-09-18 12:40:45,312 - INFO -  - ID: 739054 | Procedure: Questionário da Saúde da Mulher - WHQ | Appointment date: 2026-09-18T00:00:00.000Z | Check field: whq0=2026-09-18 | Date field: whq0=2026-09-18
2026-09-18 12:40:45,313 - INFO -  - ID: 739055 | Procedure: Questionário Short Form - SF-36 | Appointment date: nan | Check field: sf36_0=N/A | Date field: sf36_0=N/A
2026-09-18 12:40:45,313 - INFO -  - ID: 739056 | Procedure: Questionário PHQ9 | Appointment date: nan | Check field: phq9_0=N/A | Date field: phq9_0=N/A
2026-09-18 12:40:45,314 - INFO -  - ID: 739057 | Procedure: Questionário WPAI | Appointment date: nan | Check field: wpai0=N/A | Date field: wpai0=N/A
2026-09-18 12:40:45,314 - INFO -  - ID: 739058 | Procedure: Questionário GAD-7 | Appointment date: nan | Check field: gad7_0=N/A | Date field: gad7_0=N/A
2026-09-18 12:40:45,315 - INFO - DEBUG: Procedure mapping summary:
2026-09-18 12:40:45,315 - INFO -  1. Total procedures in PoloTrial for unique visit: 9
2026-09-18 12:40:45,315 - INFO -  2. Matched with REDCap mapping: 9
2026-09-18 12:40:45,316 - INFO -  3. Unmatched procedures: 0
2026-09-18 12:40:45,317 - INFO - No procedures to sync for pattern: M[oóOÓ]dulo\s+Identifica[cçCÇ][aãAÃ]o\s+da\s+Paciente
2026-09-18 12:40:45,318 - INFO - No procedures to sync for pattern: Consulta\s+M[eéEÉ]dica
2026-09-18 12:40:45,320 - INFO - No procedures to sync for pattern: M[oóOÓ]dulo\s+Sa[uúUÚ]de
2026-09-18 12:40:45,321 - INFO - No procedures to sync for pattern: M[oóOÓ]dulo\s+Menopausa
2026-09-18 12:40:45,322 - INFO - No procedures to sync for pattern: Question[aáAÁ]rio\s+da\s+Sa[uúUÚ]de\s+da\s+Mulher\s+-\s+WHQ
2026-09-18 12:40:45,323 - INFO - No date found in REDCap for procedure Questionário Short Form - SF-36 (check_field=sf36_0, date_field=sf36_0). Skipping sync.
2026-09-18 12:40:45,325 - INFO - No date found in REDCap for procedure Questionário PHQ9 (check_field=phq9_0, date_field=phq9_0). Skipping sync.
2026-09-18 12:40:45,326 - INFO - No date found in REDCap for procedure Questionário WPAI (check_field=wpai0, date_field=wpai0). Skipping sync.
2026-09-18 12:40:45,327 - INFO - No date found in REDCap for procedure Questionário GAD-7 (check_field=gad7_0, date_field=gad7_0). Skipping sync.
2026-09-18 12:40:45,328 - INFO - Unique visit procedures synchronization completed. Total procedures synced: 0/9
2026-09-18 12:40:45,328 - INFO - Executor name from REDCap: Dra. Fabiane Berta de Sousa
2026-09-18 12:40:45,797 - INFO - Executor 'Dra. Fabiane Berta de Sousa' (ID: 4181) is already linked to procedure ID: 739051. No action needed.
2026-09-18 12:40:45,798 - INFO - Unique visit synchronization completed for record_id=174-6, event_name=visita_unica_arm_1
2026-09-18 12:40:45,798 - INFO - Successfully dispatched event: record_id=174-6, event_name=visita_unica_arm_1, repeat_instance=None
2026-09-18 12:40:58,483 - INFO - Participant visits retrieved: 1, for participant ID: 3588
2026-09-18 12:40:58,484 - INFO - Looking for unique visit with name: Visita única among: ['Visita única']
2026-09-18 12:40:58,484 - INFO - Participant visit found: Visita única with ID: 44122
2026-09-18 12:40:58,649 - INFO - Unique visit already up to date (id=44122).
2026-09-18 12:40:58,849 - INFO - DEBUG: Available procedures in PoloTrial for unique visit: ['Módulo Identificação da Paciente ', 'Consulta Médica', 'Módulo Saúde', 'Módulo Menopausa', 'Questionário da Saúde da Mulher - WHQ', 'Questionário Short Form - SF-36', 'Questionário PHQ9', 'Questionário WPAI', 'Questionário GAD-7']
2026-09-18 12:40:58,850 - INFO -  - ID: 739050 | Procedure: Módulo Identificação da Paciente  | Appointment date: 2026-09-18T00:00:00.000Z | Check field: idp3=174-6 | Date field: idp4=2026-09-18
2026-09-18 12:40:58,851 - INFO -  - ID: 739051 | Procedure: Consulta Médica | Appointment date: 2026-09-18T00:00:00.000Z | Check field: cm_atendimento_dt=2026-09-18 | Date field: cm_atendimento_dt=2026-09-18
2026-09-18 12:40:58,851 - INFO -  - ID: 739052 | Procedure: Módulo Saúde | Appointment date: 2026-09-18T00:00:00.000Z | Check field: s0=2026-09-18 | Date field: s0=2026-09-18
2026-09-18 12:40:58,851 - INFO -  - ID: 739053 | Procedure: Módulo Menopausa | Appointment date: 2026-09-18T00:00:00.000Z | Check field: pm0=2026-09-18 | Date field: pm0=2026-09-18
2026-09-18 12:40:58,852 - INFO -  - ID: 739054 | Procedure: Questionário da Saúde da Mulher - WHQ | Appointment date: 2026-09-18T00:00:00.000Z | Check field: whq0=2026-09-18 | Date field: whq0=2026-09-18
2026-09-18 12:40:58,852 - INFO -  - ID: 739055 | Procedure: Questionário Short Form - SF-36 | Appointment date: nan | Check field: sf36_0=2026-09-18 | Date field: sf36_0=2026-09-18
2026-09-18 12:40:58,852 - INFO -  - ID: 739056 | Procedure: Questionário PHQ9 | Appointment date: nan | Check field: phq9_0=N/A | Date field: phq9_0=N/A
2026-09-18 12:40:58,853 - INFO -  - ID: 739057 | Procedure: Questionário WPAI | Appointment date: nan | Check field: wpai0=N/A | Date field: wpai0=N/A
2026-09-18 12:40:58,853 - INFO -  - ID: 739058 | Procedure: Questionário GAD-7 | Appointment date: nan | Check field: gad7_0=N/A | Date field: gad7_0=N/A
2026-09-18 12:40:58,853 - INFO - DEBUG: Procedure mapping summary:
2026-09-18 12:40:58,854 - INFO -  1. Total procedures in PoloTrial for unique visit: 9
2026-09-18 12:40:58,854 - INFO -  2. Matched with REDCap mapping: 9
2026-09-18 12:40:58,854 - INFO -  3. Unmatched procedures: 0
2026-09-18 12:40:58,855 - INFO - No procedures to sync for pattern: M[oóOÓ]dulo\s+Identifica[cçCÇ][aãAÃ]o\s+da\s+Paciente
2026-09-18 12:40:58,857 - INFO - No procedures to sync for pattern: Consulta\s+M[eéEÉ]dica
2026-09-18 12:40:58,858 - INFO - No procedures to sync for pattern: M[oóOÓ]dulo\s+Sa[uúUÚ]de
2026-09-18 12:40:58,859 - INFO - No procedures to sync for pattern: M[oóOÓ]dulo\s+Menopausa
2026-09-18 12:40:58,860 - INFO - No procedures to sync for pattern: Question[aáAÁ]rio\s+da\s+Sa[uúUÚ]de\s+da\s+Mulher\s+-\s+WHQ
2026-09-18 12:40:59,049 - INFO - ✅ Synced procedure 'Questionário Short Form - SF-36' (ID: 739055) with date: 2026-09-18
2026-09-18 12:40:59,050 - INFO - No date found in REDCap for procedure Questionário PHQ9 (check_field=phq9_0, date_field=phq9_0). Skipping sync.
2026-09-18 12:40:59,051 - INFO - No date found in REDCap for procedure Questionário WPAI (check_field=wpai0, date_field=wpai0). Skipping sync.
2026-09-18 12:40:59,052 - INFO - No date found in REDCap for procedure Questionário GAD-7 (check_field=gad7_0, date_field=gad7_0). Skipping sync.
2026-09-18 12:40:59,053 - INFO - Unique visit procedures synchronization completed. Total procedures synced: 1/9
2026-09-18 12:40:59,053 - INFO - Executor name from REDCap: Dra. Fabiane Berta de Sousa
2026-09-18 12:40:59,517 - INFO - Executor 'Dra. Fabiane Berta de Sousa' (ID: 4181) is already linked to procedure ID: 739051. No action needed.
2026-09-18 12:40:59,518 - INFO - Unique visit synchronization completed for record_id=174-6, event_name=visita_unica_arm_1
2026-09-18 12:40:59,518 - INFO - Successfully dispatched event: record_id=174-6, event_name=visita_unica_arm_1, repeat_instance=None
2026-09-18 12:41:28,183 - INFO - Received webhook from REDCap DET: project_id=49, username=[survey respondent], instrument=modulo_do_participante, record=174-6, redcap_event_name=visita_unica_arm_1, redcap_data_acess_group=, redcap_repeat_instance=None, redcap_repeat_instrument=None, redcap_url=https://svriglobal.org/redcap/, project_url=https://svriglobal.org/redcap/redcap_v17.3.10/index.php?pid=49
2026-09-18 12:41:28,185 - INFO - Dispatch runtime: pid=805616, module=/mnt/c/Users/Science/Documents/Python/integracao_embrace/src/integracao_embrace/dispatch.py, event_name='visita_unica_arm_1', instrument='modulo_do_participante'
2026-09-18 12:41:28,186 - INFO - Dispatching to unique visit handles: visita_unica_arm_1
2026-09-18 12:41:28,812 - INFO - Debug redcap url: https://svriglobal.org/redcap/api/
2026-09-18 12:41:28,812 - INFO - Debug redcaptoken (First 3 chars): E9A...
2026-09-18 12:41:28,813 - INFO - Debug redcap status: 200
2026-09-18 12:41:28,813 - INFO - Debug redcap response (first 30 chars): [{"record":"174-6","redcap_eve
2026-09-18 12:41:28,814 - INFO - REDCap: filtering event=visita_unica_arm_1 by repeat_instance=None; response instances=['', '1']
2026-09-18 12:41:28,814 - INFO - REDCap: exported record 174-6 for event visita_unica_arm_1, repeat_instance=None, with 212 fields from 250 entries
2026-09-18 12:41:28,814 - INFO - Mapped gender:  ➡ None
2026-09-18 12:41:28,815 - INFO - Mapped site: SVRI Clínica Morumbi ➡ 47
2026-09-18 12:41:28,815 - INFO - Volunteer payload prepared: {'nome': '174-6', 'iniciais': 'MCB', 'data_nascimento': '1974-06-29', 'sexo': None, 'email': '', 'data_inclusao': '2026-09-18', 'centro': '47', 'contatos': '11111111111'}
2026-09-18 12:41:29,016 - INFO - Volunteer 174-6 already exists in PoloTrial with ID: 3599
2026-09-18 12:41:29,016 - INFO - DEBUG: Searching protocol Embrace for site 47
2026-09-18 12:41:29,434 - INFO - Protocol found: Embrace with ID: 2381 (site=47)
2026-09-18 12:41:29,640 - INFO - DEBUG: Protocol Arm founded for the unique visit: ['Embrace ']
2026-09-18 12:41:29,640 - INFO - Arm matched: Embrace  with ID: 424
2026-09-18 12:41:30,241 - INFO - Participant found in PoloTrial with ID: 3588
2026-09-18 12:41:54,520 - INFO - Participant visits retrieved: 1, for participant ID: 3588
2026-09-18 12:41:54,521 - INFO - Looking for unique visit with name: Visita única among: ['Visita única']
2026-09-18 12:41:54,521 - INFO - Participant visit found: Visita única with ID: 44122
2026-09-18 12:41:54,712 - INFO - Unique visit already up to date (id=44122).
2026-09-18 12:41:54,957 - INFO - DEBUG: Available procedures in PoloTrial for unique visit: ['Módulo Identificação da Paciente ', 'Consulta Médica', 'Módulo Saúde', 'Módulo Menopausa', 'Questionário da Saúde da Mulher - WHQ', 'Questionário Short Form - SF-36', 'Questionário PHQ9', 'Questionário WPAI', 'Questionário GAD-7']
2026-09-18 12:41:54,958 - INFO -  - ID: 739050 | Procedure: Módulo Identificação da Paciente  | Appointment date: 2026-09-18T00:00:00.000Z | Check field: idp3=174-6 | Date field: idp4=2026-09-18
2026-09-18 12:41:54,958 - INFO -  - ID: 739051 | Procedure: Consulta Médica | Appointment date: 2026-09-18T00:00:00.000Z | Check field: cm_atendimento_dt=2026-09-18 | Date field: cm_atendimento_dt=2026-09-18
2026-09-18 12:41:54,958 - INFO -  - ID: 739052 | Procedure: Módulo Saúde | Appointment date: 2026-09-18T00:00:00.000Z | Check field: s0=2026-09-18 | Date field: s0=2026-09-18
2026-09-18 12:41:54,959 - INFO -  - ID: 739053 | Procedure: Módulo Menopausa | Appointment date: 2026-09-18T00:00:00.000Z | Check field: pm0=2026-09-18 | Date field: pm0=2026-09-18
2026-09-18 12:41:54,959 - INFO -  - ID: 739054 | Procedure: Questionário da Saúde da Mulher - WHQ | Appointment date: 2026-09-18T00:00:00.000Z | Check field: whq0=2026-09-18 | Date field: whq0=2026-09-18
2026-09-18 12:41:54,960 - INFO -  - ID: 739055 | Procedure: Questionário Short Form - SF-36 | Appointment date: 2026-09-18T00:00:00.000Z | Check field: sf36_0=2026-09-18 | Date field: sf36_0=2026-09-18
2026-09-18 12:41:54,960 - INFO -  - ID: 739056 | Procedure: Questionário PHQ9 | Appointment date: nan | Check field: phq9_0=N/A | Date field: phq9_0=N/A
2026-09-18 12:41:54,960 - INFO -  - ID: 739057 | Procedure: Questionário WPAI | Appointment date: nan | Check field: wpai0=N/A | Date field: wpai0=N/A
2026-09-18 12:41:54,961 - INFO -  - ID: 739058 | Procedure: Questionário GAD-7 | Appointment date: nan | Check field: gad7_0=N/A | Date field: gad7_0=N/A
2026-09-18 12:41:54,961 - INFO - DEBUG: Procedure mapping summary:
2026-09-18 12:41:54,961 - INFO -  1. Total procedures in PoloTrial for unique visit: 9
2026-09-18 12:41:54,962 - INFO -  2. Matched with REDCap mapping: 9
2026-09-18 12:41:54,962 - INFO -  3. Unmatched procedures: 0
2026-09-18 12:41:54,963 - INFO - No procedures to sync for pattern: M[oóOÓ]dulo\s+Identifica[cçCÇ][aãAÃ]o\s+da\s+Paciente
2026-09-18 12:41:54,964 - INFO - No procedures to sync for pattern: Consulta\s+M[eéEÉ]dica
2026-09-18 12:41:54,964 - INFO - No procedures to sync for pattern: M[oóOÓ]dulo\s+Sa[uúUÚ]de
2026-09-18 12:41:54,965 - INFO - No procedures to sync for pattern: M[oóOÓ]dulo\s+Menopausa
2026-09-18 12:41:54,966 - INFO - No procedures to sync for pattern: Question[aáAÁ]rio\s+da\s+Sa[uúUÚ]de\s+da\s+Mulher\s+-\s+WHQ
2026-09-18 12:41:54,967 - INFO - No procedures to sync for pattern: Question[aáAÁ]rio\s+Short\s+Form\s-\s+SF-36
2026-09-18 12:41:54,968 - INFO - No date found in REDCap for procedure Questionário PHQ9 (check_field=phq9_0, date_field=phq9_0). Skipping sync.
2026-09-18 12:41:54,969 - INFO - No date found in REDCap for procedure Questionário WPAI (check_field=wpai0, date_field=wpai0). Skipping sync.
2026-09-18 12:41:54,970 - INFO - No date found in REDCap for procedure Questionário GAD-7 (check_field=gad7_0, date_field=gad7_0). Skipping sync.
2026-09-18 12:41:54,971 - INFO - Unique visit procedures synchronization completed. Total procedures synced: 0/9
2026-09-18 12:41:54,971 - INFO - Executor name from REDCap: Dra. Fabiane Berta de Sousa
2026-09-18 12:41:55,489 - INFO - Executor 'Dra. Fabiane Berta de Sousa' (ID: 4181) is already linked to procedure ID: 739051. No action needed.
2026-09-18 12:41:55,490 - INFO - Unique visit synchronization completed for record_id=174-6, event_name=visita_unica_arm_1
2026-09-18 12:41:55,490 - INFO - Successfully dispatched event: record_id=174-6, event_name=visita_unica_arm_1, repeat_instance=None
2026-09-18 12:41:56,196 - INFO - Received webhook from REDCap DET: project_id=49, username=[survey respondent], instrument=modulo_do_participante, record=174-6, redcap_event_name=visita_unica_arm_1, redcap_data_acess_group=, redcap_repeat_instance=None, redcap_repeat_instrument=None, redcap_url=https://svriglobal.org/redcap/, project_url=https://svriglobal.org/redcap/redcap_v17.3.10/index.php?pid=49
2026-09-18 12:41:56,198 - INFO - Dispatch runtime: pid=805616, module=/mnt/c/Users/Science/Documents/Python/integracao_embrace/src/integracao_embrace/dispatch.py, event_name='visita_unica_arm_1', instrument='modulo_do_participante'
2026-09-18 12:41:56,198 - INFO - Dispatching to unique visit handles: visita_unica_arm_1
2026-09-18 12:41:56,798 - INFO - Debug redcap url: https://svriglobal.org/redcap/api/
2026-09-18 12:41:56,799 - INFO - Debug redcaptoken (First 3 chars): E9A...
2026-09-18 12:41:56,799 - INFO - Debug redcap status: 200
2026-09-18 12:41:56,799 - INFO - Debug redcap response (first 30 chars): [{"record":"174-6","redcap_eve
2026-09-18 12:41:56,800 - INFO - REDCap: filtering event=visita_unica_arm_1 by repeat_instance=None; response instances=['', '1']
2026-09-18 12:41:56,800 - INFO - REDCap: exported record 174-6 for event visita_unica_arm_1, repeat_instance=None, with 216 fields from 254 entries
2026-09-18 12:41:56,801 - INFO - Mapped gender:  ➡ None
2026-09-18 12:41:56,801 - INFO - Mapped site: SVRI Clínica Morumbi ➡ 47
2026-09-18 12:41:56,801 - INFO - Volunteer payload prepared: {'nome': '174-6', 'iniciais': 'MCB', 'data_nascimento': '1974-06-29', 'sexo': None, 'email': '', 'data_inclusao': '2026-09-18', 'centro': '47', 'contatos': '11111111111'}
2026-09-18 12:41:57,009 - INFO - Volunteer 174-6 already exists in PoloTrial with ID: 3599
2026-09-18 12:41:57,011 - INFO - DEBUG: Searching protocol Embrace for site 47
2026-09-18 12:41:57,445 - INFO - Protocol found: Embrace with ID: 2381 (site=47)
2026-09-18 12:41:57,674 - INFO - DEBUG: Protocol Arm founded for the unique visit: ['Embrace ']
2026-09-18 12:41:57,675 - INFO - Arm matched: Embrace  with ID: 424
2026-09-18 12:41:58,390 - INFO - Participant found in PoloTrial with ID: 3588
2026-09-18 12:42:19,020 - INFO - Participant visits retrieved: 1, for participant ID: 3588
2026-09-18 12:42:19,021 - INFO - Looking for unique visit with name: Visita única among: ['Visita única']
2026-09-18 12:42:19,021 - INFO - Participant visit found: Visita única with ID: 44122
2026-09-18 12:42:19,197 - INFO - Unique visit already up to date (id=44122).
2026-09-18 12:42:19,413 - INFO - DEBUG: Available procedures in PoloTrial for unique visit: ['Módulo Identificação da Paciente ', 'Consulta Médica', 'Módulo Saúde', 'Módulo Menopausa', 'Questionário da Saúde da Mulher - WHQ', 'Questionário Short Form - SF-36', 'Questionário PHQ9', 'Questionário WPAI', 'Questionário GAD-7']
2026-09-18 12:42:19,414 - INFO -  - ID: 739050 | Procedure: Módulo Identificação da Paciente  | Appointment date: 2026-09-18T00:00:00.000Z | Check field: idp3=174-6 | Date field: idp4=2026-09-18
2026-09-18 12:42:19,415 - INFO -  - ID: 739051 | Procedure: Consulta Médica | Appointment date: 2026-09-18T00:00:00.000Z | Check field: cm_atendimento_dt=2026-09-18 | Date field: cm_atendimento_dt=2026-09-18
2026-09-18 12:42:19,415 - INFO -  - ID: 739052 | Procedure: Módulo Saúde | Appointment date: 2026-09-18T00:00:00.000Z | Check field: s0=2026-09-18 | Date field: s0=2026-09-18
2026-09-18 12:42:19,415 - INFO -  - ID: 739053 | Procedure: Módulo Menopausa | Appointment date: 2026-09-18T00:00:00.000Z | Check field: pm0=2026-09-18 | Date field: pm0=2026-09-18
2026-09-18 12:42:19,416 - INFO -  - ID: 739054 | Procedure: Questionário da Saúde da Mulher - WHQ | Appointment date: 2026-09-18T00:00:00.000Z | Check field: whq0=2026-09-18 | Date field: whq0=2026-09-18
2026-09-18 12:42:19,416 - INFO -  - ID: 739055 | Procedure: Questionário Short Form - SF-36 | Appointment date: 2026-09-18T00:00:00.000Z | Check field: sf36_0=2026-09-18 | Date field: sf36_0=2026-09-18
2026-09-18 12:42:19,416 - INFO -  - ID: 739056 | Procedure: Questionário PHQ9 | Appointment date: nan | Check field: phq9_0=N/A | Date field: phq9_0=N/A
2026-09-18 12:42:19,417 - INFO -  - ID: 739057 | Procedure: Questionário WPAI | Appointment date: nan | Check field: wpai0=N/A | Date field: wpai0=N/A
2026-09-18 12:42:19,417 - INFO -  - ID: 739058 | Procedure: Questionário GAD-7 | Appointment date: nan | Check field: gad7_0=N/A | Date field: gad7_0=N/A
2026-09-18 12:42:19,417 - INFO - DEBUG: Procedure mapping summary:
2026-09-18 12:42:19,418 - INFO -  1. Total procedures in PoloTrial for unique visit: 9
2026-09-18 12:42:19,418 - INFO -  2. Matched with REDCap mapping: 9
2026-09-18 12:42:19,418 - INFO -  3. Unmatched procedures: 0
2026-09-18 12:42:19,419 - INFO - No procedures to sync for pattern: M[oóOÓ]dulo\s+Identifica[cçCÇ][aãAÃ]o\s+da\s+Paciente
2026-09-18 12:42:19,421 - INFO - No procedures to sync for pattern: Consulta\s+M[eéEÉ]dica
2026-09-18 12:42:19,422 - INFO - No procedures to sync for pattern: M[oóOÓ]dulo\s+Sa[uúUÚ]de
2026-09-18 12:42:19,423 - INFO - No procedures to sync for pattern: M[oóOÓ]dulo\s+Menopausa
2026-09-18 12:42:19,424 - INFO - No procedures to sync for pattern: Question[aáAÁ]rio\s+da\s+Sa[uúUÚ]de\s+da\s+Mulher\s+-\s+WHQ
2026-09-18 12:42:19,425 - INFO - No procedures to sync for pattern: Question[aáAÁ]rio\s+Short\s+Form\s-\s+SF-36
2026-09-18 12:42:19,426 - INFO - No date found in REDCap for procedure Questionário PHQ9 (check_field=phq9_0, date_field=phq9_0). Skipping sync.
2026-09-18 12:42:19,427 - INFO - No date found in REDCap for procedure Questionário WPAI (check_field=wpai0, date_field=wpai0). Skipping sync.
2026-09-18 12:42:19,428 - INFO - No date found in REDCap for procedure Questionário GAD-7 (check_field=gad7_0, date_field=gad7_0). Skipping sync.
2026-09-18 12:42:19,429 - INFO - Unique visit procedures synchronization completed. Total procedures synced: 0/9
2026-09-18 12:42:19,429 - INFO - Executor name from REDCap: Dra. Fabiane Berta de Sousa
2026-09-18 12:42:19,930 - INFO - Executor 'Dra. Fabiane Berta de Sousa' (ID: 4181) is already linked to procedure ID: 739051. No action needed.
2026-09-18 12:42:19,931 - INFO - Unique visit synchronization completed for record_id=174-6, event_name=visita_unica_arm_1
2026-09-18 12:42:19,931 - INFO - Successfully dispatched event: record_id=174-6, event_name=visita_unica_arm_1, repeat_instance=None
2026-09-18 12:43:04,364 - INFO - Received webhook from REDCap DET: project_id=49, username=[survey respondent], instrument=modulo_do_participante, record=174-6, redcap_event_name=visita_unica_arm_1, redcap_data_acess_group=, redcap_repeat_instance=None, redcap_repeat_instrument=None, redcap_url=https://svriglobal.org/redcap/, project_url=https://svriglobal.org/redcap/redcap_v17.3.10/index.php?pid=49
2026-09-18 12:43:04,365 - INFO - Dispatch runtime: pid=805616, module=/mnt/c/Users/Science/Documents/Python/integracao_embrace/src/integracao_embrace/dispatch.py, event_name='visita_unica_arm_1', instrument='modulo_do_participante'
2026-09-18 12:43:04,365 - INFO - Dispatching to unique visit handles: visita_unica_arm_1
2026-09-18 12:43:04,999 - INFO - Debug redcap url: https://svriglobal.org/redcap/api/
2026-09-18 12:43:05,000 - INFO - Debug redcaptoken (First 3 chars): E9A...
2026-09-18 12:43:05,000 - INFO - Debug redcap status: 200
2026-09-18 12:43:05,000 - INFO - Debug redcap response (first 30 chars): [{"record":"174-6","redcap_eve
2026-09-18 12:43:05,001 - INFO - REDCap: filtering event=visita_unica_arm_1 by repeat_instance=None; response instances=['', '1']
2026-09-18 12:43:05,001 - INFO - REDCap: exported record 174-6 for event visita_unica_arm_1, repeat_instance=None, with 222 fields from 260 entries
2026-09-18 12:43:05,001 - INFO - Mapped gender:  ➡ None
2026-09-18 12:43:05,002 - INFO - Mapped site: SVRI Clínica Morumbi ➡ 47
2026-09-18 12:43:05,002 - INFO - Volunteer payload prepared: {'nome': '174-6', 'iniciais': 'MCB', 'data_nascimento': '1974-06-29', 'sexo': None, 'email': '', 'data_inclusao': '2026-09-18', 'centro': '47', 'contatos': '11111111111'}
2026-09-18 12:43:05,212 - INFO - Volunteer 174-6 already exists in PoloTrial with ID: 3599
2026-09-18 12:43:05,212 - INFO - DEBUG: Searching protocol Embrace for site 47
2026-09-18 12:43:05,644 - INFO - Protocol found: Embrace with ID: 2381 (site=47)
2026-09-18 12:43:05,879 - INFO - DEBUG: Protocol Arm founded for the unique visit: ['Embrace ']
2026-09-18 12:43:05,880 - INFO - Arm matched: Embrace  with ID: 424
2026-09-18 12:43:06,451 - INFO - Participant found in PoloTrial with ID: 3588
2026-09-18 12:43:27,079 - INFO - Participant visits retrieved: 1, for participant ID: 3588
2026-09-18 12:43:27,079 - INFO - Looking for unique visit with name: Visita única among: ['Visita única']
2026-09-18 12:43:27,079 - INFO - Participant visit found: Visita única with ID: 44122
2026-09-18 12:43:27,252 - INFO - Unique visit already up to date (id=44122).
2026-09-18 12:43:27,473 - INFO - DEBUG: Available procedures in PoloTrial for unique visit: ['Módulo Identificação da Paciente ', 'Consulta Médica', 'Módulo Saúde', 'Módulo Menopausa', 'Questionário da Saúde da Mulher - WHQ', 'Questionário Short Form - SF-36', 'Questionário PHQ9', 'Questionário WPAI', 'Questionário GAD-7']
2026-09-18 12:43:27,473 - INFO -  - ID: 739050 | Procedure: Módulo Identificação da Paciente  | Appointment date: 2026-09-18T00:00:00.000Z | Check field: idp3=174-6 | Date field: idp4=2026-09-18
2026-09-18 12:43:27,474 - INFO -  - ID: 739051 | Procedure: Consulta Médica | Appointment date: 2026-09-18T00:00:00.000Z | Check field: cm_atendimento_dt=2026-09-18 | Date field: cm_atendimento_dt=2026-09-18
2026-09-18 12:43:27,474 - INFO -  - ID: 739052 | Procedure: Módulo Saúde | Appointment date: 2026-09-18T00:00:00.000Z | Check field: s0=2026-09-18 | Date field: s0=2026-09-18
2026-09-18 12:43:27,475 - INFO -  - ID: 739053 | Procedure: Módulo Menopausa | Appointment date: 2026-09-18T00:00:00.000Z | Check field: pm0=2026-09-18 | Date field: pm0=2026-09-18
2026-09-18 12:43:27,475 - INFO -  - ID: 739054 | Procedure: Questionário da Saúde da Mulher - WHQ | Appointment date: 2026-09-18T00:00:00.000Z | Check field: whq0=2026-09-18 | Date field: whq0=2026-09-18
2026-09-18 12:43:27,475 - INFO -  - ID: 739055 | Procedure: Questionário Short Form - SF-36 | Appointment date: 2026-09-18T00:00:00.000Z | Check field: sf36_0=2026-09-18 | Date field: sf36_0=2026-09-18
2026-09-18 12:43:27,476 - INFO -  - ID: 739056 | Procedure: Questionário PHQ9 | Appointment date: nan | Check field: phq9_0=N/A | Date field: phq9_0=N/A
2026-09-18 12:43:27,476 - INFO -  - ID: 739057 | Procedure: Questionário WPAI | Appointment date: nan | Check field: wpai0=N/A | Date field: wpai0=N/A
2026-09-18 12:43:27,476 - INFO -  - ID: 739058 | Procedure: Questionário GAD-7 | Appointment date: nan | Check field: gad7_0=N/A | Date field: gad7_0=N/A
2026-09-18 12:43:27,476 - INFO - DEBUG: Procedure mapping summary:
2026-09-18 12:43:27,477 - INFO -  1. Total procedures in PoloTrial for unique visit: 9
2026-09-18 12:43:27,477 - INFO -  2. Matched with REDCap mapping: 9
2026-09-18 12:43:27,477 - INFO -  3. Unmatched procedures: 0
2026-09-18 12:43:27,478 - INFO - No procedures to sync for pattern: M[oóOÓ]dulo\s+Identifica[cçCÇ][aãAÃ]o\s+da\s+Paciente
2026-09-18 12:43:27,479 - INFO - No procedures to sync for pattern: Consulta\s+M[eéEÉ]dica
2026-09-18 12:43:27,480 - INFO - No procedures to sync for pattern: M[oóOÓ]dulo\s+Sa[uúUÚ]de
2026-09-18 12:43:27,480 - INFO - No procedures to sync for pattern: M[oóOÓ]dulo\s+Menopausa
2026-09-18 12:43:27,481 - INFO - No procedures to sync for pattern: Question[aáAÁ]rio\s+da\s+Sa[uúUÚ]de\s+da\s+Mulher\s+-\s+WHQ
2026-09-18 12:43:27,482 - INFO - No procedures to sync for pattern: Question[aáAÁ]rio\s+Short\s+Form\s-\s+SF-36
2026-09-18 12:43:27,483 - INFO - No date found in REDCap for procedure Questionário PHQ9 (check_field=phq9_0, date_field=phq9_0). Skipping sync.
2026-09-18 12:43:27,483 - INFO - No date found in REDCap for procedure Questionário WPAI (check_field=wpai0, date_field=wpai0). Skipping sync.
2026-09-18 12:43:27,484 - INFO - No date found in REDCap for procedure Questionário GAD-7 (check_field=gad7_0, date_field=gad7_0). Skipping sync.
2026-09-18 12:43:27,485 - INFO - Unique visit procedures synchronization completed. Total procedures synced: 0/9
2026-09-18 12:43:27,485 - INFO - Executor name from REDCap: Dra. Fabiane Berta de Sousa
2026-09-18 12:43:27,990 - INFO - Executor 'Dra. Fabiane Berta de Sousa' (ID: 4181) is already linked to procedure ID: 739051. No action needed.
2026-09-18 12:43:27,991 - INFO - Unique visit synchronization completed for record_id=174-6, event_name=visita_unica_arm_1
2026-09-18 12:43:27,992 - INFO - Successfully dispatched event: record_id=174-6, event_name=visita_unica_arm_1, repeat_instance=None
2026-09-18 12:44:15,880 - INFO - Received webhook from REDCap DET: project_id=49, username=[survey respondent], instrument=modulo_do_participante, record=174-6, redcap_event_name=visita_unica_arm_1, redcap_data_acess_group=, redcap_repeat_instance=None, redcap_repeat_instrument=None, redcap_url=https://svriglobal.org/redcap/, project_url=https://svriglobal.org/redcap/redcap_v17.3.10/index.php?pid=49
2026-09-18 12:44:15,881 - INFO - Dispatch runtime: pid=805616, module=/mnt/c/Users/Science/Documents/Python/integracao_embrace/src/integracao_embrace/dispatch.py, event_name='visita_unica_arm_1', instrument='modulo_do_participante'
2026-09-18 12:44:15,882 - INFO - Dispatching to unique visit handles: visita_unica_arm_1
2026-09-18 12:44:16,494 - INFO - Debug redcap url: https://svriglobal.org/redcap/api/
2026-09-18 12:44:16,495 - INFO - Debug redcaptoken (First 3 chars): E9A...
2026-09-18 12:44:16,495 - INFO - Debug redcap status: 200
2026-09-18 12:44:16,496 - INFO - Debug redcap response (first 30 chars): [{"record":"174-6","redcap_eve
2026-09-18 12:44:16,497 - INFO - REDCap: filtering event=visita_unica_arm_1 by repeat_instance=None; response instances=['', '1']
2026-09-18 12:44:16,497 - INFO - REDCap: exported record 174-6 for event visita_unica_arm_1, repeat_instance=None, with 232 fields from 270 entries
2026-09-18 12:44:16,497 - INFO - Mapped gender:  ➡ None
2026-09-18 12:44:16,498 - INFO - Mapped site: SVRI Clínica Morumbi ➡ 47
2026-09-18 12:44:16,498 - INFO - Volunteer payload prepared: {'nome': '174-6', 'iniciais': 'MCB', 'data_nascimento': '1974-06-29', 'sexo': None, 'email': '', 'data_inclusao': '2026-09-18', 'centro': '47', 'contatos': '11111111111'}
2026-09-18 12:44:16,698 - INFO - Volunteer 174-6 already exists in PoloTrial with ID: 3599
2026-09-18 12:44:16,698 - INFO - DEBUG: Searching protocol Embrace for site 47
2026-09-18 12:44:17,131 - INFO - Protocol found: Embrace with ID: 2381 (site=47)
2026-09-18 12:44:17,391 - INFO - DEBUG: Protocol Arm founded for the unique visit: ['Embrace ']
2026-09-18 12:44:17,392 - INFO - Arm matched: Embrace  with ID: 424
2026-09-18 12:44:17,995 - INFO - Participant found in PoloTrial with ID: 3588
2026-09-18 12:44:38,644 - INFO - Participant visits retrieved: 1, for participant ID: 3588
2026-09-18 12:44:38,645 - INFO - Looking for unique visit with name: Visita única among: ['Visita única']
2026-09-18 12:44:38,645 - INFO - Participant visit found: Visita única with ID: 44122
2026-09-18 12:44:38,815 - INFO - Unique visit already up to date (id=44122).
2026-09-18 12:44:39,035 - INFO - DEBUG: Available procedures in PoloTrial for unique visit: ['Módulo Identificação da Paciente ', 'Consulta Médica', 'Módulo Saúde', 'Módulo Menopausa', 'Questionário da Saúde da Mulher - WHQ', 'Questionário Short Form - SF-36', 'Questionário PHQ9', 'Questionário WPAI', 'Questionário GAD-7']
2026-09-18 12:44:39,036 - INFO -  - ID: 739050 | Procedure: Módulo Identificação da Paciente  | Appointment date: 2026-09-18T00:00:00.000Z | Check field: idp3=174-6 | Date field: idp4=2026-09-18
2026-09-18 12:44:39,036 - INFO -  - ID: 739051 | Procedure: Consulta Médica | Appointment date: 2026-09-18T00:00:00.000Z | Check field: cm_atendimento_dt=2026-09-18 | Date field: cm_atendimento_dt=2026-09-18
2026-09-18 12:44:39,036 - INFO -  - ID: 739052 | Procedure: Módulo Saúde | Appointment date: 2026-09-18T00:00:00.000Z | Check field: s0=2026-09-18 | Date field: s0=2026-09-18
2026-09-18 12:44:39,037 - INFO -  - ID: 739053 | Procedure: Módulo Menopausa | Appointment date: 2026-09-18T00:00:00.000Z | Check field: pm0=2026-09-18 | Date field: pm0=2026-09-18
2026-09-18 12:44:39,037 - INFO -  - ID: 739054 | Procedure: Questionário da Saúde da Mulher - WHQ | Appointment date: 2026-09-18T00:00:00.000Z | Check field: whq0=2026-09-18 | Date field: whq0=2026-09-18
2026-09-18 12:44:39,038 - INFO -  - ID: 739055 | Procedure: Questionário Short Form - SF-36 | Appointment date: 2026-09-18T00:00:00.000Z | Check field: sf36_0=2026-09-18 | Date field: sf36_0=2026-09-18
2026-09-18 12:44:39,038 - INFO -  - ID: 739056 | Procedure: Questionário PHQ9 | Appointment date: nan | Check field: phq9_0=N/A | Date field: phq9_0=N/A
2026-09-18 12:44:39,038 - INFO -  - ID: 739057 | Procedure: Questionário WPAI | Appointment date: nan | Check field: wpai0=N/A | Date field: wpai0=N/A
2026-09-18 12:44:39,039 - INFO -  - ID: 739058 | Procedure: Questionário GAD-7 | Appointment date: nan | Check field: gad7_0=N/A | Date field: gad7_0=N/A
2026-09-18 12:44:39,039 - INFO - DEBUG: Procedure mapping summary:
2026-09-18 12:44:39,039 - INFO -  1. Total procedures in PoloTrial for unique visit: 9
2026-09-18 12:44:39,040 - INFO -  2. Matched with REDCap mapping: 9
2026-09-18 12:44:39,040 - INFO -  3. Unmatched procedures: 0
2026-09-18 12:44:39,041 - INFO - No procedures to sync for pattern: M[oóOÓ]dulo\s+Identifica[cçCÇ][aãAÃ]o\s+da\s+Paciente
2026-09-18 12:44:39,042 - INFO - No procedures to sync for pattern: Consulta\s+M[eéEÉ]dica
2026-09-18 12:44:39,043 - INFO - No procedures to sync for pattern: M[oóOÓ]dulo\s+Sa[uúUÚ]de
2026-09-18 12:44:39,044 - INFO - No procedures to sync for pattern: M[oóOÓ]dulo\s+Menopausa
2026-09-18 12:44:39,045 - INFO - No procedures to sync for pattern: Question[aáAÁ]rio\s+da\s+Sa[uúUÚ]de\s+da\s+Mulher\s+-\s+WHQ
2026-09-18 12:44:39,046 - INFO - No procedures to sync for pattern: Question[aáAÁ]rio\s+Short\s+Form\s-\s+SF-36
2026-09-18 12:44:39,047 - INFO - No date found in REDCap for procedure Questionário PHQ9 (check_field=phq9_0, date_field=phq9_0). Skipping sync.
2026-09-18 12:44:39,048 - INFO - No date found in REDCap for procedure Questionário WPAI (check_field=wpai0, date_field=wpai0). Skipping sync.
2026-09-18 12:44:39,049 - INFO - No date found in REDCap for procedure Questionário GAD-7 (check_field=gad7_0, date_field=gad7_0). Skipping sync.
2026-09-18 12:44:39,049 - INFO - Unique visit procedures synchronization completed. Total procedures synced: 0/9
2026-09-18 12:44:39,049 - INFO - Executor name from REDCap: Dra. Fabiane Berta de Sousa
2026-09-18 12:44:39,527 - INFO - Executor 'Dra. Fabiane Berta de Sousa' (ID: 4181) is already linked to procedure ID: 739051. No action needed.
2026-09-18 12:44:39,527 - INFO - Unique visit synchronization completed for record_id=174-6, event_name=visita_unica_arm_1
2026-09-18 12:44:39,528 - INFO - Successfully dispatched event: record_id=174-6, event_name=visita_unica_arm_1, repeat_instance=None
2026-09-18 12:44:42,758 - INFO - Received webhook from REDCap DET: project_id=49, username=[survey respondent], instrument=modulo_do_participante, record=174-6, redcap_event_name=visita_unica_arm_1, redcap_data_acess_group=, redcap_repeat_instance=None, redcap_repeat_instrument=None, redcap_url=https://svriglobal.org/redcap/, project_url=https://svriglobal.org/redcap/redcap_v17.3.10/index.php?pid=49
2026-09-18 12:44:42,760 - INFO - Dispatch runtime: pid=805616, module=/mnt/c/Users/Science/Documents/Python/integracao_embrace/src/integracao_embrace/dispatch.py, event_name='visita_unica_arm_1', instrument='modulo_do_participante'
2026-09-18 12:44:42,762 - INFO - Dispatching to unique visit handles: visita_unica_arm_1
2026-09-18 12:44:43,387 - INFO - Debug redcap url: https://svriglobal.org/redcap/api/
2026-09-18 12:44:43,387 - INFO - Debug redcaptoken (First 3 chars): E9A...
2026-09-18 12:44:43,388 - INFO - Debug redcap status: 200
2026-09-18 12:44:43,388 - INFO - Debug redcap response (first 30 chars): [{"record":"174-6","redcap_eve
2026-09-18 12:44:43,389 - INFO - REDCap: filtering event=visita_unica_arm_1 by repeat_instance=None; response instances=['', '1']
2026-09-18 12:44:43,389 - INFO - REDCap: exported record 174-6 for event visita_unica_arm_1, repeat_instance=None, with 236 fields from 274 entries
2026-09-18 12:44:43,389 - INFO - Mapped gender:  ➡ None
2026-09-18 12:44:43,390 - INFO - Mapped site: SVRI Clínica Morumbi ➡ 47
2026-09-18 12:44:43,390 - INFO - Volunteer payload prepared: {'nome': '174-6', 'iniciais': 'MCB', 'data_nascimento': '1974-06-29', 'sexo': None, 'email': '', 'data_inclusao': '2026-09-18', 'centro': '47', 'contatos': '11111111111'}
2026-09-18 12:44:43,582 - INFO - Volunteer 174-6 already exists in PoloTrial with ID: 3599
2026-09-18 12:44:43,582 - INFO - DEBUG: Searching protocol Embrace for site 47
2026-09-18 12:44:43,977 - INFO - Protocol found: Embrace with ID: 2381 (site=47)
2026-09-18 12:44:44,169 - INFO - DEBUG: Protocol Arm founded for the unique visit: ['Embrace ']
2026-09-18 12:44:44,169 - INFO - Arm matched: Embrace  with ID: 424
2026-09-18 12:44:44,804 - INFO - Participant found in PoloTrial with ID: 3588
2026-09-18 12:44:57,420 - INFO - Received webhook from REDCap DET: project_id=49, username=[survey respondent], instrument=modulo_do_participante, record=174-6, redcap_event_name=visita_unica_arm_1, redcap_data_acess_group=, redcap_repeat_instance=None, redcap_repeat_instrument=None, redcap_url=https://svriglobal.org/redcap/, project_url=https://svriglobal.org/redcap/redcap_v17.3.10/index.php?pid=49
2026-09-18 12:44:57,423 - INFO - Dispatch runtime: pid=805616, module=/mnt/c/Users/Science/Documents/Python/integracao_embrace/src/integracao_embrace/dispatch.py, event_name='visita_unica_arm_1', instrument='modulo_do_participante'
2026-09-18 12:44:57,424 - INFO - Dispatching to unique visit handles: visita_unica_arm_1
2026-09-18 12:44:58,039 - INFO - Debug redcap url: https://svriglobal.org/redcap/api/
2026-09-18 12:44:58,039 - INFO - Debug redcaptoken (First 3 chars): E9A...
2026-09-18 12:44:58,040 - INFO - Debug redcap status: 200
2026-09-18 12:44:58,040 - INFO - Debug redcap response (first 30 chars): [{"record":"174-6","redcap_eve
2026-09-18 12:44:58,041 - INFO - REDCap: filtering event=visita_unica_arm_1 by repeat_instance=None; response instances=['', '1']
2026-09-18 12:44:58,041 - INFO - REDCap: exported record 174-6 for event visita_unica_arm_1, repeat_instance=None, with 237 fields from 275 entries
2026-09-18 12:44:58,042 - INFO - Mapped gender:  ➡ None
2026-09-18 12:44:58,042 - INFO - Mapped site: SVRI Clínica Morumbi ➡ 47
2026-09-18 12:44:58,042 - INFO - Volunteer payload prepared: {'nome': '174-6', 'iniciais': 'MCB', 'data_nascimento': '1974-06-29', 'sexo': None, 'email': '', 'data_inclusao': '2026-09-18', 'centro': '47', 'contatos': '11111111111'}
2026-09-18 12:44:58,225 - INFO - Volunteer 174-6 already exists in PoloTrial with ID: 3599
2026-09-18 12:44:58,225 - INFO - DEBUG: Searching protocol Embrace for site 47
2026-09-18 12:44:58,646 - INFO - Protocol found: Embrace with ID: 2381 (site=47)
2026-09-18 12:44:58,863 - INFO - DEBUG: Protocol Arm founded for the unique visit: ['Embrace ']
2026-09-18 12:44:58,863 - INFO - Arm matched: Embrace  with ID: 424
2026-09-18 12:44:59,472 - INFO - Participant found in PoloTrial with ID: 3588
2026-09-18 12:45:09,029 - INFO - Participant visits retrieved: 1, for participant ID: 3588
2026-09-18 12:45:09,029 - INFO - Looking for unique visit with name: Visita única among: ['Visita única']
2026-09-18 12:45:09,030 - INFO - Participant visit found: Visita única with ID: 44122
2026-09-18 12:45:09,195 - INFO - Unique visit already up to date (id=44122).
2026-09-18 12:45:09,392 - INFO - DEBUG: Available procedures in PoloTrial for unique visit: ['Módulo Identificação da Paciente ', 'Consulta Médica', 'Módulo Saúde', 'Módulo Menopausa', 'Questionário da Saúde da Mulher - WHQ', 'Questionário Short Form - SF-36', 'Questionário PHQ9', 'Questionário WPAI', 'Questionário GAD-7']
2026-09-18 12:45:09,393 - INFO -  - ID: 739050 | Procedure: Módulo Identificação da Paciente  | Appointment date: 2026-09-18T00:00:00.000Z | Check field: idp3=174-6 | Date field: idp4=2026-09-18
2026-09-18 12:45:09,393 - INFO -  - ID: 739051 | Procedure: Consulta Médica | Appointment date: 2026-09-18T00:00:00.000Z | Check field: cm_atendimento_dt=2026-09-18 | Date field: cm_atendimento_dt=2026-09-18
2026-09-18 12:45:09,394 - INFO -  - ID: 739052 | Procedure: Módulo Saúde | Appointment date: 2026-09-18T00:00:00.000Z | Check field: s0=2026-09-18 | Date field: s0=2026-09-18
2026-09-18 12:45:09,394 - INFO -  - ID: 739053 | Procedure: Módulo Menopausa | Appointment date: 2026-09-18T00:00:00.000Z | Check field: pm0=2026-09-18 | Date field: pm0=2026-09-18
2026-09-18 12:45:09,394 - INFO -  - ID: 739054 | Procedure: Questionário da Saúde da Mulher - WHQ | Appointment date: 2026-09-18T00:00:00.000Z | Check field: whq0=2026-09-18 | Date field: whq0=2026-09-18
2026-09-18 12:45:09,395 - INFO -  - ID: 739055 | Procedure: Questionário Short Form - SF-36 | Appointment date: 2026-09-18T00:00:00.000Z | Check field: sf36_0=2026-09-18 | Date field: sf36_0=2026-09-18
2026-09-18 12:45:09,395 - INFO -  - ID: 739056 | Procedure: Questionário PHQ9 | Appointment date: nan | Check field: phq9_0=N/A | Date field: phq9_0=N/A
2026-09-18 12:45:09,395 - INFO -  - ID: 739057 | Procedure: Questionário WPAI | Appointment date: nan | Check field: wpai0=N/A | Date field: wpai0=N/A
2026-09-18 12:45:09,396 - INFO -  - ID: 739058 | Procedure: Questionário GAD-7 | Appointment date: nan | Check field: gad7_0=N/A | Date field: gad7_0=N/A
2026-09-18 12:45:09,396 - INFO - DEBUG: Procedure mapping summary:
2026-09-18 12:45:09,396 - INFO -  1. Total procedures in PoloTrial for unique visit: 9
2026-09-18 12:45:09,397 - INFO -  2. Matched with REDCap mapping: 9
2026-09-18 12:45:09,397 - INFO -  3. Unmatched procedures: 0
2026-09-18 12:45:09,398 - INFO - No procedures to sync for pattern: M[oóOÓ]dulo\s+Identifica[cçCÇ][aãAÃ]o\s+da\s+Paciente
2026-09-18 12:45:09,399 - INFO - No procedures to sync for pattern: Consulta\s+M[eéEÉ]dica
2026-09-18 12:45:09,400 - INFO - No procedures to sync for pattern: M[oóOÓ]dulo\s+Sa[uúUÚ]de
2026-09-18 12:45:09,402 - INFO - No procedures to sync for pattern: M[oóOÓ]dulo\s+Menopausa
2026-09-18 12:45:09,403 - INFO - No procedures to sync for pattern: Question[aáAÁ]rio\s+da\s+Sa[uúUÚ]de\s+da\s+Mulher\s+-\s+WHQ
2026-09-18 12:45:09,404 - INFO - No procedures to sync for pattern: Question[aáAÁ]rio\s+Short\s+Form\s-\s+SF-36
2026-09-18 12:45:09,406 - INFO - No date found in REDCap for procedure Questionário PHQ9 (check_field=phq9_0, date_field=phq9_0). Skipping sync.
2026-09-18 12:45:09,407 - INFO - No date found in REDCap for procedure Questionário WPAI (check_field=wpai0, date_field=wpai0). Skipping sync.
2026-09-18 12:45:09,408 - INFO - No date found in REDCap for procedure Questionário GAD-7 (check_field=gad7_0, date_field=gad7_0). Skipping sync.
2026-09-18 12:45:09,408 - INFO - Unique visit procedures synchronization completed. Total procedures synced: 0/9
2026-09-18 12:45:09,408 - INFO - Executor name from REDCap: Dra. Fabiane Berta de Sousa
2026-09-18 12:45:09,905 - INFO - Executor 'Dra. Fabiane Berta de Sousa' (ID: 4181) is already linked to procedure ID: 739051. No action needed.
2026-09-18 12:45:09,906 - INFO - Unique visit synchronization completed for record_id=174-6, event_name=visita_unica_arm_1
2026-09-18 12:45:09,906 - INFO - Successfully dispatched event: record_id=174-6, event_name=visita_unica_arm_1, repeat_instance=None
2026-09-18 12:45:20,103 - INFO - Participant visits retrieved: 1, for participant ID: 3588
2026-09-18 12:45:20,103 - INFO - Looking for unique visit with name: Visita única among: ['Visita única']
2026-09-18 12:45:20,104 - INFO - Participant visit found: Visita única with ID: 44122
2026-09-18 12:45:20,269 - INFO - Unique visit already up to date (id=44122).
2026-09-18 12:45:20,511 - INFO - DEBUG: Available procedures in PoloTrial for unique visit: ['Módulo Identificação da Paciente ', 'Consulta Médica', 'Módulo Saúde', 'Módulo Menopausa', 'Questionário da Saúde da Mulher - WHQ', 'Questionário Short Form - SF-36', 'Questionário PHQ9', 'Questionário WPAI', 'Questionário GAD-7']
2026-09-18 12:45:20,512 - INFO -  - ID: 739050 | Procedure: Módulo Identificação da Paciente  | Appointment date: 2026-09-18T00:00:00.000Z | Check field: idp3=174-6 | Date field: idp4=2026-09-18
2026-09-18 12:45:20,512 - INFO -  - ID: 739051 | Procedure: Consulta Médica | Appointment date: 2026-09-18T00:00:00.000Z | Check field: cm_atendimento_dt=2026-09-18 | Date field: cm_atendimento_dt=2026-09-18
2026-09-18 12:45:20,513 - INFO -  - ID: 739052 | Procedure: Módulo Saúde | Appointment date: 2026-09-18T00:00:00.000Z | Check field: s0=2026-09-18 | Date field: s0=2026-09-18
2026-09-18 12:45:20,513 - INFO -  - ID: 739053 | Procedure: Módulo Menopausa | Appointment date: 2026-09-18T00:00:00.000Z | Check field: pm0=2026-09-18 | Date field: pm0=2026-09-18
2026-09-18 12:45:20,514 - INFO -  - ID: 739054 | Procedure: Questionário da Saúde da Mulher - WHQ | Appointment date: 2026-09-18T00:00:00.000Z | Check field: whq0=2026-09-18 | Date field: whq0=2026-09-18
2026-09-18 12:45:20,514 - INFO -  - ID: 739055 | Procedure: Questionário Short Form - SF-36 | Appointment date: 2026-09-18T00:00:00.000Z | Check field: sf36_0=2026-09-18 | Date field: sf36_0=2026-09-18
2026-09-18 12:45:20,514 - INFO -  - ID: 739056 | Procedure: Questionário PHQ9 | Appointment date: nan | Check field: phq9_0=2026-09-18 | Date field: phq9_0=2026-09-18
2026-09-18 12:45:20,515 - INFO -  - ID: 739057 | Procedure: Questionário WPAI | Appointment date: nan | Check field: wpai0=N/A | Date field: wpai0=N/A
2026-09-18 12:45:20,515 - INFO -  - ID: 739058 | Procedure: Questionário GAD-7 | Appointment date: nan | Check field: gad7_0=N/A | Date field: gad7_0=N/A
2026-09-18 12:45:20,515 - INFO - DEBUG: Procedure mapping summary:
2026-09-18 12:45:20,516 - INFO -  1. Total procedures in PoloTrial for unique visit: 9
2026-09-18 12:45:20,516 - INFO -  2. Matched with REDCap mapping: 9
2026-09-18 12:45:20,516 - INFO -  3. Unmatched procedures: 0
2026-09-18 12:45:20,517 - INFO - No procedures to sync for pattern: M[oóOÓ]dulo\s+Identifica[cçCÇ][aãAÃ]o\s+da\s+Paciente
2026-09-18 12:45:20,518 - INFO - No procedures to sync for pattern: Consulta\s+M[eéEÉ]dica
2026-09-18 12:45:20,519 - INFO - No procedures to sync for pattern: M[oóOÓ]dulo\s+Sa[uúUÚ]de
2026-09-18 12:45:20,520 - INFO - No procedures to sync for pattern: M[oóOÓ]dulo\s+Menopausa
2026-09-18 12:45:20,521 - INFO - No procedures to sync for pattern: Question[aáAÁ]rio\s+da\s+Sa[uúUÚ]de\s+da\s+Mulher\s+-\s+WHQ
2026-09-18 12:45:20,522 - INFO - No procedures to sync for pattern: Question[aáAÁ]rio\s+Short\s+Form\s-\s+SF-36
2026-09-18 12:45:20,697 - INFO - ✅ Synced procedure 'Questionário PHQ9' (ID: 739056) with date: 2026-09-18
2026-09-18 12:45:20,699 - INFO - No date found in REDCap for procedure Questionário WPAI (check_field=wpai0, date_field=wpai0). Skipping sync.
2026-09-18 12:45:20,700 - INFO - No date found in REDCap for procedure Questionário GAD-7 (check_field=gad7_0, date_field=gad7_0). Skipping sync.
2026-09-18 12:45:20,700 - INFO - Unique visit procedures synchronization completed. Total procedures synced: 1/9
2026-09-18 12:45:20,700 - INFO - Executor name from REDCap: Dra. Fabiane Berta de Sousa
2026-09-18 12:45:21,134 - INFO - Executor 'Dra. Fabiane Berta de Sousa' (ID: 4181) is already linked to procedure ID: 739051. No action needed.
2026-09-18 12:45:21,135 - INFO - Unique visit synchronization completed for record_id=174-6, event_name=visita_unica_arm_1
2026-09-18 12:45:21,135 - INFO - Successfully dispatched event: record_id=174-6, event_name=visita_unica_arm_1, repeat_instance=None
2026-09-18 12:46:32,173 - INFO - Received webhook from REDCap DET: project_id=49, username=[survey respondent], instrument=modulo_do_participante, record=174-6, redcap_event_name=visita_unica_arm_1, redcap_data_acess_group=, redcap_repeat_instance=None, redcap_repeat_instrument=None, redcap_url=https://svriglobal.org/redcap/, project_url=https://svriglobal.org/redcap/redcap_v17.3.10/index.php?pid=49
2026-09-18 12:46:32,174 - INFO - Dispatch runtime: pid=805616, module=/mnt/c/Users/Science/Documents/Python/integracao_embrace/src/integracao_embrace/dispatch.py, event_name='visita_unica_arm_1', instrument='modulo_do_participante'
2026-09-18 12:46:32,176 - INFO - Dispatching to unique visit handles: visita_unica_arm_1
2026-09-18 12:46:32,779 - INFO - Debug redcap url: https://svriglobal.org/redcap/api/
2026-09-18 12:46:32,779 - INFO - Debug redcaptoken (First 3 chars): E9A...
2026-09-18 12:46:32,780 - INFO - Debug redcap status: 200
2026-09-18 12:46:32,780 - INFO - Debug redcap response (first 30 chars): [{"record":"174-6","redcap_eve
2026-09-18 12:46:32,781 - INFO - REDCap: filtering event=visita_unica_arm_1 by repeat_instance=None; response instances=['', '1']
2026-09-18 12:46:32,781 - INFO - REDCap: exported record 174-6 for event visita_unica_arm_1, repeat_instance=None, with 247 fields from 285 entries
2026-09-18 12:46:32,782 - INFO - Mapped gender:  ➡ None
2026-09-18 12:46:32,782 - INFO - Mapped site: SVRI Clínica Morumbi ➡ 47
2026-09-18 12:46:32,782 - INFO - Volunteer payload prepared: {'nome': '174-6', 'iniciais': 'MCB', 'data_nascimento': '1974-06-29', 'sexo': None, 'email': '', 'data_inclusao': '2026-09-18', 'centro': '47', 'contatos': '11111111111'}
2026-09-18 12:46:32,975 - INFO - Volunteer 174-6 already exists in PoloTrial with ID: 3599
2026-09-18 12:46:32,976 - INFO - DEBUG: Searching protocol Embrace for site 47
2026-09-18 12:46:33,381 - INFO - Protocol found: Embrace with ID: 2381 (site=47)
2026-09-18 12:46:33,595 - INFO - DEBUG: Protocol Arm founded for the unique visit: ['Embrace ']
2026-09-18 12:46:33,595 - INFO - Arm matched: Embrace  with ID: 424
2026-09-18 12:46:34,251 - INFO - Participant found in PoloTrial with ID: 3588
2026-09-18 12:46:43,051 - INFO - Received webhook from REDCap DET: project_id=49, username=[survey respondent], instrument=modulo_do_participante, record=174-6, redcap_event_name=visita_unica_arm_1, redcap_data_acess_group=, redcap_repeat_instance=None, redcap_repeat_instrument=None, redcap_url=https://svriglobal.org/redcap/, project_url=https://svriglobal.org/redcap/redcap_v17.3.10/index.php?pid=49
2026-09-18 12:46:43,054 - INFO - Dispatch runtime: pid=805616, module=/mnt/c/Users/Science/Documents/Python/integracao_embrace/src/integracao_embrace/dispatch.py, event_name='visita_unica_arm_1', instrument='modulo_do_participante'
2026-09-18 12:46:43,055 - INFO - Dispatching to unique visit handles: visita_unica_arm_1
2026-09-18 12:46:43,664 - INFO - Debug redcap url: https://svriglobal.org/redcap/api/
2026-09-18 12:46:43,669 - INFO - Debug redcaptoken (First 3 chars): E9A...
2026-09-18 12:46:43,669 - INFO - Debug redcap status: 200
2026-09-18 12:46:43,670 - INFO - Debug redcap response (first 30 chars): [{"record":"174-6","redcap_eve
2026-09-18 12:46:43,670 - INFO - REDCap: filtering event=visita_unica_arm_1 by repeat_instance=None; response instances=['', '1']
2026-09-18 12:46:43,671 - INFO - REDCap: exported record 174-6 for event visita_unica_arm_1, repeat_instance=None, with 248 fields from 286 entries
2026-09-18 12:46:43,671 - INFO - Mapped gender:  ➡ None
2026-09-18 12:46:43,671 - INFO - Mapped site: SVRI Clínica Morumbi ➡ 47
2026-09-18 12:46:43,672 - INFO - Volunteer payload prepared: {'nome': '174-6', 'iniciais': 'MCB', 'data_nascimento': '1974-06-29', 'sexo': None, 'email': '', 'data_inclusao': '2026-09-18', 'centro': '47', 'contatos': '11111111111'}
2026-09-18 12:46:43,870 - INFO - Volunteer 174-6 already exists in PoloTrial with ID: 3599
2026-09-18 12:46:43,870 - INFO - DEBUG: Searching protocol Embrace for site 47
2026-09-18 12:46:44,276 - INFO - Protocol found: Embrace with ID: 2381 (site=47)
2026-09-18 12:46:44,481 - INFO - DEBUG: Protocol Arm founded for the unique visit: ['Embrace ']
2026-09-18 12:46:44,482 - INFO - Arm matched: Embrace  with ID: 424
2026-09-18 12:46:45,081 - INFO - Participant found in PoloTrial with ID: 3588
2026-09-18 12:46:58,452 - INFO - Participant visits retrieved: 1, for participant ID: 3588
2026-09-18 12:46:58,453 - INFO - Looking for unique visit with name: Visita única among: ['Visita única']
2026-09-18 12:46:58,453 - INFO - Participant visit found: Visita única with ID: 44122
2026-09-18 12:46:58,622 - INFO - Unique visit already up to date (id=44122).
2026-09-18 12:46:58,842 - INFO - DEBUG: Available procedures in PoloTrial for unique visit: ['Módulo Identificação da Paciente ', 'Consulta Médica', 'Módulo Saúde', 'Módulo Menopausa', 'Questionário da Saúde da Mulher - WHQ', 'Questionário Short Form - SF-36', 'Questionário PHQ9', 'Questionário WPAI', 'Questionário GAD-7']
2026-09-18 12:46:58,843 - INFO -  - ID: 739050 | Procedure: Módulo Identificação da Paciente  | Appointment date: 2026-09-18T00:00:00.000Z | Check field: idp3=174-6 | Date field: idp4=2026-09-18
2026-09-18 12:46:58,844 - INFO -  - ID: 739051 | Procedure: Consulta Médica | Appointment date: 2026-09-18T00:00:00.000Z | Check field: cm_atendimento_dt=2026-09-18 | Date field: cm_atendimento_dt=2026-09-18
2026-09-18 12:46:58,844 - INFO -  - ID: 739052 | Procedure: Módulo Saúde | Appointment date: 2026-09-18T00:00:00.000Z | Check field: s0=2026-09-18 | Date field: s0=2026-09-18
2026-09-18 12:46:58,845 - INFO -  - ID: 739053 | Procedure: Módulo Menopausa | Appointment date: 2026-09-18T00:00:00.000Z | Check field: pm0=2026-09-18 | Date field: pm0=2026-09-18
2026-09-18 12:46:58,845 - INFO -  - ID: 739054 | Procedure: Questionário da Saúde da Mulher - WHQ | Appointment date: 2026-09-18T00:00:00.000Z | Check field: whq0=2026-09-18 | Date field: whq0=2026-09-18
2026-09-18 12:46:58,845 - INFO -  - ID: 739055 | Procedure: Questionário Short Form - SF-36 | Appointment date: 2026-09-18T00:00:00.000Z | Check field: sf36_0=2026-09-18 | Date field: sf36_0=2026-09-18
2026-09-18 12:46:58,846 - INFO -  - ID: 739056 | Procedure: Questionário PHQ9 | Appointment date: 2026-09-18T00:00:00.000Z | Check field: phq9_0=2026-09-18 | Date field: phq9_0=2026-09-18
2026-09-18 12:46:58,846 - INFO -  - ID: 739057 | Procedure: Questionário WPAI | Appointment date: nan | Check field: wpai0=N/A | Date field: wpai0=N/A
2026-09-18 12:46:58,847 - INFO -  - ID: 739058 | Procedure: Questionário GAD-7 | Appointment date: nan | Check field: gad7_0=N/A | Date field: gad7_0=N/A
2026-09-18 12:46:58,847 - INFO - DEBUG: Procedure mapping summary:
2026-09-18 12:46:58,847 - INFO -  1. Total procedures in PoloTrial for unique visit: 9
2026-09-18 12:46:58,848 - INFO -  2. Matched with REDCap mapping: 9
2026-09-18 12:46:58,848 - INFO -  3. Unmatched procedures: 0
2026-09-18 12:46:58,849 - INFO - No procedures to sync for pattern: M[oóOÓ]dulo\s+Identifica[cçCÇ][aãAÃ]o\s+da\s+Paciente
2026-09-18 12:46:58,850 - INFO - No procedures to sync for pattern: Consulta\s+M[eéEÉ]dica
2026-09-18 12:46:58,851 - INFO - No procedures to sync for pattern: M[oóOÓ]dulo\s+Sa[uúUÚ]de
2026-09-18 12:46:58,851 - INFO - No procedures to sync for pattern: M[oóOÓ]dulo\s+Menopausa
2026-09-18 12:46:58,852 - INFO - No procedures to sync for pattern: Question[aáAÁ]rio\s+da\s+Sa[uúUÚ]de\s+da\s+Mulher\s+-\s+WHQ
2026-09-18 12:46:58,853 - INFO - No procedures to sync for pattern: Question[aáAÁ]rio\s+Short\s+Form\s-\s+SF-36
2026-09-18 12:46:58,854 - INFO - No procedures to sync for pattern: Question[aáAÁ]rio\s+PHQ9
2026-09-18 12:46:58,855 - INFO - No date found in REDCap for procedure Questionário WPAI (check_field=wpai0, date_field=wpai0). Skipping sync.
2026-09-18 12:46:58,856 - INFO - No date found in REDCap for procedure Questionário GAD-7 (check_field=gad7_0, date_field=gad7_0). Skipping sync.
2026-09-18 12:46:58,857 - INFO - Unique visit procedures synchronization completed. Total procedures synced: 0/9
2026-09-18 12:46:58,857 - INFO - Executor name from REDCap: Dra. Fabiane Berta de Sousa
2026-09-18 12:46:59,349 - INFO - Executor 'Dra. Fabiane Berta de Sousa' (ID: 4181) is already linked to procedure ID: 739051. No action needed.
2026-09-18 12:46:59,349 - INFO - Unique visit synchronization completed for record_id=174-6, event_name=visita_unica_arm_1
2026-09-18 12:46:59,350 - INFO - Successfully dispatched event: record_id=174-6, event_name=visita_unica_arm_1, repeat_instance=None
2026-09-18 12:47:05,697 - INFO - Participant visits retrieved: 1, for participant ID: 3588
2026-09-18 12:47:05,697 - INFO - Looking for unique visit with name: Visita única among: ['Visita única']
2026-09-18 12:47:05,698 - INFO - Participant visit found: Visita única with ID: 44122
2026-09-18 12:47:05,925 - INFO - Unique visit already up to date (id=44122).
2026-09-18 12:47:06,120 - INFO - DEBUG: Available procedures in PoloTrial for unique visit: ['Módulo Identificação da Paciente ', 'Consulta Médica', 'Módulo Saúde', 'Módulo Menopausa', 'Questionário da Saúde da Mulher - WHQ', 'Questionário Short Form - SF-36', 'Questionário PHQ9', 'Questionário WPAI', 'Questionário GAD-7']
2026-09-18 12:47:06,121 - INFO -  - ID: 739050 | Procedure: Módulo Identificação da Paciente  | Appointment date: 2026-09-18T00:00:00.000Z | Check field: idp3=174-6 | Date field: idp4=2026-09-18
2026-09-18 12:47:06,121 - INFO -  - ID: 739051 | Procedure: Consulta Médica | Appointment date: 2026-09-18T00:00:00.000Z | Check field: cm_atendimento_dt=2026-09-18 | Date field: cm_atendimento_dt=2026-09-18
2026-09-18 12:47:06,122 - INFO -  - ID: 739052 | Procedure: Módulo Saúde | Appointment date: 2026-09-18T00:00:00.000Z | Check field: s0=2026-09-18 | Date field: s0=2026-09-18
2026-09-18 12:47:06,122 - INFO -  - ID: 739053 | Procedure: Módulo Menopausa | Appointment date: 2026-09-18T00:00:00.000Z | Check field: pm0=2026-09-18 | Date field: pm0=2026-09-18
2026-09-18 12:47:06,123 - INFO -  - ID: 739054 | Procedure: Questionário da Saúde da Mulher - WHQ | Appointment date: 2026-09-18T00:00:00.000Z | Check field: whq0=2026-09-18 | Date field: whq0=2026-09-18
2026-09-18 12:47:06,123 - INFO -  - ID: 739055 | Procedure: Questionário Short Form - SF-36 | Appointment date: 2026-09-18T00:00:00.000Z | Check field: sf36_0=2026-09-18 | Date field: sf36_0=2026-09-18
2026-09-18 12:47:06,123 - INFO -  - ID: 739056 | Procedure: Questionário PHQ9 | Appointment date: 2026-09-18T00:00:00.000Z | Check field: phq9_0=2026-09-18 | Date field: phq9_0=2026-09-18
2026-09-18 12:47:06,124 - INFO -  - ID: 739057 | Procedure: Questionário WPAI | Appointment date: nan | Check field: wpai0=N/A | Date field: wpai0=N/A
2026-09-18 12:47:06,124 - INFO -  - ID: 739058 | Procedure: Questionário GAD-7 | Appointment date: nan | Check field: gad7_0=2026-09-18 | Date field: gad7_0=2026-09-18
2026-09-18 12:47:06,124 - INFO - DEBUG: Procedure mapping summary:
2026-09-18 12:47:06,125 - INFO -  1. Total procedures in PoloTrial for unique visit: 9
2026-09-18 12:47:06,125 - INFO -  2. Matched with REDCap mapping: 9
2026-09-18 12:47:06,125 - INFO -  3. Unmatched procedures: 0
2026-09-18 12:47:06,126 - INFO - No procedures to sync for pattern: M[oóOÓ]dulo\s+Identifica[cçCÇ][aãAÃ]o\s+da\s+Paciente
2026-09-18 12:47:06,128 - INFO - No procedures to sync for pattern: Consulta\s+M[eéEÉ]dica
2026-09-18 12:47:06,129 - INFO - No procedures to sync for pattern: M[oóOÓ]dulo\s+Sa[uúUÚ]de
2026-09-18 12:47:06,130 - INFO - No procedures to sync for pattern: M[oóOÓ]dulo\s+Menopausa
2026-09-18 12:47:06,131 - INFO - No procedures to sync for pattern: Question[aáAÁ]rio\s+da\s+Sa[uúUÚ]de\s+da\s+Mulher\s+-\s+WHQ
2026-09-18 12:47:06,132 - INFO - No procedures to sync for pattern: Question[aáAÁ]rio\s+Short\s+Form\s-\s+SF-36
2026-09-18 12:47:06,133 - INFO - No procedures to sync for pattern: Question[aáAÁ]rio\s+PHQ9
2026-09-18 12:47:06,134 - INFO - No date found in REDCap for procedure Questionário WPAI (check_field=wpai0, date_field=wpai0). Skipping sync.
2026-09-18 12:47:06,362 - INFO - ✅ Synced procedure 'Questionário GAD-7' (ID: 739058) with date: 2026-09-18
2026-09-18 12:47:06,362 - INFO - Unique visit procedures synchronization completed. Total procedures synced: 1/9
2026-09-18 12:47:06,362 - INFO - Executor name from REDCap: Dra. Fabiane Berta de Sousa
2026-09-18 12:47:06,875 - INFO - Executor 'Dra. Fabiane Berta de Sousa' (ID: 4181) is already linked to procedure ID: 739051. No action needed.
2026-09-18 12:47:06,876 - INFO - Unique visit synchronization completed for record_id=174-6, event_name=visita_unica_arm_1
2026-09-18 12:47:06,877 - INFO - Successfully dispatched event: record_id=174-6, event_name=visita_unica_arm_1, repeat_instance=None
2026-09-18 12:47:10,507 - INFO - Received webhook from REDCap DET: project_id=49, username=[survey respondent], instrument=modulo_do_participante, record=174-6, redcap_event_name=visita_unica_arm_1, redcap_data_acess_group=, redcap_repeat_instance=None, redcap_repeat_instrument=None, redcap_url=https://svriglobal.org/redcap/, project_url=https://svriglobal.org/redcap/redcap_v17.3.10/index.php?pid=49
2026-09-18 12:47:10,509 - INFO - Dispatch runtime: pid=805616, module=/mnt/c/Users/Science/Documents/Python/integracao_embrace/src/integracao_embrace/dispatch.py, event_name='visita_unica_arm_1', instrument='modulo_do_participante'
2026-09-18 12:47:10,509 - INFO - Dispatching to unique visit handles: visita_unica_arm_1
2026-09-18 12:47:14,730 - INFO - Debug redcap url: https://svriglobal.org/redcap/api/
2026-09-18 12:47:14,731 - INFO - Debug redcaptoken (First 3 chars): E9A...
2026-09-18 12:47:14,731 - INFO - Debug redcap status: 200
2026-09-18 12:47:14,731 - INFO - Debug redcap response (first 30 chars): [{"record":"174-6","redcap_eve
2026-09-18 12:47:14,732 - INFO - REDCap: filtering event=visita_unica_arm_1 by repeat_instance=None; response instances=['', '1']
2026-09-18 12:47:14,733 - INFO - REDCap: exported record 174-6 for event visita_unica_arm_1, repeat_instance=None, with 255 fields from 293 entries
2026-09-18 12:47:14,733 - INFO - Mapped gender:  ➡ None
2026-09-18 12:47:14,733 - INFO - Mapped site: SVRI Clínica Morumbi ➡ 47
2026-09-18 12:47:14,734 - INFO - Volunteer payload prepared: {'nome': '174-6', 'iniciais': 'MCB', 'data_nascimento': '1974-06-29', 'sexo': None, 'email': '', 'data_inclusao': '2026-09-18', 'centro': '47', 'contatos': '11111111111'}
2026-09-18 12:47:14,920 - INFO - Volunteer 174-6 already exists in PoloTrial with ID: 3599
2026-09-18 12:47:14,921 - INFO - DEBUG: Searching protocol Embrace for site 47
2026-09-18 12:47:15,351 - INFO - Protocol found: Embrace with ID: 2381 (site=47)
2026-09-18 12:47:15,561 - INFO - DEBUG: Protocol Arm founded for the unique visit: ['Embrace ']
2026-09-18 12:47:15,561 - INFO - Arm matched: Embrace  with ID: 424
2026-09-18 12:47:16,203 - INFO - Participant found in PoloTrial with ID: 3588
2026-09-18 12:47:36,835 - INFO - Participant visits retrieved: 1, for participant ID: 3588
2026-09-18 12:47:36,835 - INFO - Looking for unique visit with name: Visita única among: ['Visita única']
2026-09-18 12:47:36,836 - INFO - Participant visit found: Visita única with ID: 44122
2026-09-18 12:47:37,002 - INFO - Unique visit already up to date (id=44122).
2026-09-18 12:47:37,207 - INFO - DEBUG: Available procedures in PoloTrial for unique visit: ['Módulo Identificação da Paciente ', 'Consulta Médica', 'Módulo Saúde', 'Módulo Menopausa', 'Questionário da Saúde da Mulher - WHQ', 'Questionário Short Form - SF-36', 'Questionário PHQ9', 'Questionário WPAI', 'Questionário GAD-7']
2026-09-18 12:47:37,208 - INFO -  - ID: 739050 | Procedure: Módulo Identificação da Paciente  | Appointment date: 2026-09-18T00:00:00.000Z | Check field: idp3=174-6 | Date field: idp4=2026-09-18
2026-09-18 12:47:37,209 - INFO -  - ID: 739051 | Procedure: Consulta Médica | Appointment date: 2026-09-18T00:00:00.000Z | Check field: cm_atendimento_dt=2026-09-18 | Date field: cm_atendimento_dt=2026-09-18
2026-09-18 12:47:37,209 - INFO -  - ID: 739052 | Procedure: Módulo Saúde | Appointment date: 2026-09-18T00:00:00.000Z | Check field: s0=2026-09-18 | Date field: s0=2026-09-18
2026-09-18 12:47:37,210 - INFO -  - ID: 739053 | Procedure: Módulo Menopausa | Appointment date: 2026-09-18T00:00:00.000Z | Check field: pm0=2026-09-18 | Date field: pm0=2026-09-18
2026-09-18 12:47:37,210 - INFO -  - ID: 739054 | Procedure: Questionário da Saúde da Mulher - WHQ | Appointment date: 2026-09-18T00:00:00.000Z | Check field: whq0=2026-09-18 | Date field: whq0=2026-09-18
2026-09-18 12:47:37,211 - INFO -  - ID: 739055 | Procedure: Questionário Short Form - SF-36 | Appointment date: 2026-09-18T00:00:00.000Z | Check field: sf36_0=2026-09-18 | Date field: sf36_0=2026-09-18
2026-09-18 12:47:37,211 - INFO -  - ID: 739056 | Procedure: Questionário PHQ9 | Appointment date: 2026-09-18T00:00:00.000Z | Check field: phq9_0=2026-09-18 | Date field: phq9_0=2026-09-18
2026-09-18 12:47:37,212 - INFO -  - ID: 739057 | Procedure: Questionário WPAI | Appointment date: nan | Check field: wpai0=N/A | Date field: wpai0=N/A
2026-09-18 12:47:37,212 - INFO -  - ID: 739058 | Procedure: Questionário GAD-7 | Appointment date: 2026-09-18T00:00:00.000Z | Check field: gad7_0=2026-09-18 | Date field: gad7_0=2026-09-18
2026-09-18 12:47:37,212 - INFO - DEBUG: Procedure mapping summary:
2026-09-18 12:47:37,212 - INFO -  1. Total procedures in PoloTrial for unique visit: 9
2026-09-18 12:47:37,213 - INFO -  2. Matched with REDCap mapping: 9
2026-09-18 12:47:37,213 - INFO -  3. Unmatched procedures: 0
2026-09-18 12:47:37,214 - INFO - No procedures to sync for pattern: M[oóOÓ]dulo\s+Identifica[cçCÇ][aãAÃ]o\s+da\s+Paciente
2026-09-18 12:47:37,215 - INFO - No procedures to sync for pattern: Consulta\s+M[eéEÉ]dica
2026-09-18 12:47:37,217 - INFO - No procedures to sync for pattern: M[oóOÓ]dulo\s+Sa[uúUÚ]de
2026-09-18 12:47:37,217 - INFO - No procedures to sync for pattern: M[oóOÓ]dulo\s+Menopausa
2026-09-18 12:47:37,219 - INFO - No procedures to sync for pattern: Question[aáAÁ]rio\s+da\s+Sa[uúUÚ]de\s+da\s+Mulher\s+-\s+WHQ
2026-09-18 12:47:37,220 - INFO - No procedures to sync for pattern: Question[aáAÁ]rio\s+Short\s+Form\s-\s+SF-36
2026-09-18 12:47:37,221 - INFO - No procedures to sync for pattern: Question[aáAÁ]rio\s+PHQ9
2026-09-18 12:47:37,222 - INFO - No date found in REDCap for procedure Questionário WPAI (check_field=wpai0, date_field=wpai0). Skipping sync.
2026-09-18 12:47:37,223 - INFO - No procedures to sync for pattern: Question[aáAÁ]rio\s+GAD-7
2026-09-18 12:47:37,223 - INFO - Unique visit procedures synchronization completed. Total procedures synced: 0/9
2026-09-18 12:47:37,224 - INFO - Executor name from REDCap: Dra. Fabiane Berta de Sousa
2026-09-18 12:47:37,701 - INFO - Executor 'Dra. Fabiane Berta de Sousa' (ID: 4181) is already linked to procedure ID: 739051. No action needed.
2026-09-18 12:47:37,702 - INFO - Unique visit synchronization completed for record_id=174-6, event_name=visita_unica_arm_1
2026-09-18 12:47:37,702 - INFO - Successfully dispatched event: record_id=174-6, event_name=visita_unica_arm_1, repeat_instance=None
2026-09-18 12:49:24,132 - INFO - Received webhook from REDCap DET: project_id=49, username=[survey respondent], instrument=modulo_do_participante, record=174-6, redcap_event_name=visita_unica_arm_1, redcap_data_acess_group=, redcap_repeat_instance=None, redcap_repeat_instrument=None, redcap_url=https://svriglobal.org/redcap/, project_url=https://svriglobal.org/redcap/redcap_v17.3.10/index.php?pid=49
2026-09-18 12:49:24,133 - INFO - Dispatch runtime: pid=805616, module=/mnt/c/Users/Science/Documents/Python/integracao_embrace/src/integracao_embrace/dispatch.py, event_name='visita_unica_arm_1', instrument='modulo_do_participante'
2026-09-18 12:49:24,134 - INFO - Dispatching to unique visit handles: visita_unica_arm_1
2026-09-18 12:49:24,743 - INFO - Debug redcap url: https://svriglobal.org/redcap/api/
2026-09-18 12:49:24,744 - INFO - Debug redcaptoken (First 3 chars): E9A...
2026-09-18 12:49:24,744 - INFO - Debug redcap status: 200
2026-09-18 12:49:24,745 - INFO - Debug redcap response (first 30 chars): [{"record":"174-6","redcap_eve
2026-09-18 12:49:24,746 - INFO - REDCap: filtering event=visita_unica_arm_1 by repeat_instance=None; response instances=['', '1']
2026-09-18 12:49:24,746 - INFO - REDCap: exported record 174-6 for event visita_unica_arm_1, repeat_instance=None, with 262 fields from 300 entries
2026-09-18 12:49:24,746 - INFO - Mapped gender:  ➡ None
2026-09-18 12:49:24,747 - INFO - Mapped site: SVRI Clínica Morumbi ➡ 47
2026-09-18 12:49:24,747 - INFO - Volunteer payload prepared: {'nome': '174-6', 'iniciais': 'MCB', 'data_nascimento': '1974-06-29', 'sexo': None, 'email': '', 'data_inclusao': '2026-09-18', 'centro': '47', 'contatos': '11111111111'}
2026-09-18 12:49:24,941 - INFO - Volunteer 174-6 already exists in PoloTrial with ID: 3599
2026-09-18 12:49:24,942 - INFO - DEBUG: Searching protocol Embrace for site 47
2026-09-18 12:49:25,361 - INFO - Protocol found: Embrace with ID: 2381 (site=47)
2026-09-18 12:49:25,616 - INFO - DEBUG: Protocol Arm founded for the unique visit: ['Embrace ']
2026-09-18 12:49:25,616 - INFO - Arm matched: Embrace  with ID: 424
2026-09-18 12:49:26,192 - INFO - Participant found in PoloTrial with ID: 3588
2026-09-18 12:49:50,414 - INFO - Participant visits retrieved: 1, for participant ID: 3588
2026-09-18 12:49:50,415 - INFO - Looking for unique visit with name: Visita única among: ['Visita única']
2026-09-18 12:49:50,415 - INFO - Participant visit found: Visita única with ID: 44122
2026-09-18 12:49:50,577 - INFO - Unique visit already up to date (id=44122).
2026-09-18 12:49:50,784 - INFO - DEBUG: Available procedures in PoloTrial for unique visit: ['Módulo Identificação da Paciente ', 'Consulta Médica', 'Módulo Saúde', 'Módulo Menopausa', 'Questionário da Saúde da Mulher - WHQ', 'Questionário Short Form - SF-36', 'Questionário PHQ9', 'Questionário WPAI', 'Questionário GAD-7']
2026-09-18 12:49:50,784 - INFO -  - ID: 739050 | Procedure: Módulo Identificação da Paciente  | Appointment date: 2026-09-18T00:00:00.000Z | Check field: idp3=174-6 | Date field: idp4=2026-09-18
2026-09-18 12:49:50,785 - INFO -  - ID: 739051 | Procedure: Consulta Médica | Appointment date: 2026-09-18T00:00:00.000Z | Check field: cm_atendimento_dt=2026-09-18 | Date field: cm_atendimento_dt=2026-09-18
2026-09-18 12:49:50,785 - INFO -  - ID: 739052 | Procedure: Módulo Saúde | Appointment date: 2026-09-18T00:00:00.000Z | Check field: s0=2026-09-18 | Date field: s0=2026-09-18
2026-09-18 12:49:50,785 - INFO -  - ID: 739053 | Procedure: Módulo Menopausa | Appointment date: 2026-09-18T00:00:00.000Z | Check field: pm0=2026-09-18 | Date field: pm0=2026-09-18
2026-09-18 12:49:50,786 - INFO -  - ID: 739054 | Procedure: Questionário da Saúde da Mulher - WHQ | Appointment date: 2026-09-18T00:00:00.000Z | Check field: whq0=2026-09-18 | Date field: whq0=2026-09-18
2026-09-18 12:49:50,786 - INFO -  - ID: 739055 | Procedure: Questionário Short Form - SF-36 | Appointment date: 2026-09-18T00:00:00.000Z | Check field: sf36_0=2026-09-18 | Date field: sf36_0=2026-09-18
2026-09-18 12:49:50,787 - INFO -  - ID: 739056 | Procedure: Questionário PHQ9 | Appointment date: 2026-09-18T00:00:00.000Z | Check field: phq9_0=2026-09-18 | Date field: phq9_0=2026-09-18
2026-09-18 12:49:50,787 - INFO -  - ID: 739057 | Procedure: Questionário WPAI | Appointment date: nan | Check field: wpai0=2026-09-18 | Date field: wpai0=2026-09-18
2026-09-18 12:49:50,788 - INFO -  - ID: 739058 | Procedure: Questionário GAD-7 | Appointment date: 2026-09-18T00:00:00.000Z | Check field: gad7_0=2026-09-18 | Date field: gad7_0=2026-09-18
2026-09-18 12:49:50,788 - INFO - DEBUG: Procedure mapping summary:
2026-09-18 12:49:50,788 - INFO -  1. Total procedures in PoloTrial for unique visit: 9
2026-09-18 12:49:50,788 - INFO -  2. Matched with REDCap mapping: 9
2026-09-18 12:49:50,789 - INFO -  3. Unmatched procedures: 0
2026-09-18 12:49:50,790 - INFO - No procedures to sync for pattern: M[oóOÓ]dulo\s+Identifica[cçCÇ][aãAÃ]o\s+da\s+Paciente
2026-09-18 12:49:50,791 - INFO - No procedures to sync for pattern: Consulta\s+M[eéEÉ]dica
2026-09-18 12:49:50,792 - INFO - No procedures to sync for pattern: M[oóOÓ]dulo\s+Sa[uúUÚ]de
2026-09-18 12:49:50,793 - INFO - No procedures to sync for pattern: M[oóOÓ]dulo\s+Menopausa
2026-09-18 12:49:50,793 - INFO - No procedures to sync for pattern: Question[aáAÁ]rio\s+da\s+Sa[uúUÚ]de\s+da\s+Mulher\s+-\s+WHQ
2026-09-18 12:49:50,794 - INFO - No procedures to sync for pattern: Question[aáAÁ]rio\s+Short\s+Form\s-\s+SF-36
2026-09-18 12:49:50,795 - INFO - No procedures to sync for pattern: Question[aáAÁ]rio\s+PHQ9
2026-09-18 12:49:51,000 - INFO - ✅ Synced procedure 'Questionário WPAI' (ID: 739057) with date: 2026-09-18
2026-09-18 12:49:51,001 - INFO - No procedures to sync for pattern: Question[aáAÁ]rio\s+GAD-7
2026-09-18 12:49:51,002 - INFO - Unique visit procedures synchronization completed. Total procedures synced: 1/9
2026-09-18 12:49:51,002 - INFO - Executor name from REDCap: Dra. Fabiane Berta de Sousa
2026-09-18 12:49:51,463 - INFO - Executor 'Dra. Fabiane Berta de Sousa' (ID: 4181) is already linked to procedure ID: 739051. No action needed.
2026-09-18 12:49:51,464 - INFO - Unique visit synchronization completed for record_id=174-6, event_name=visita_unica_arm_1
2026-09-18 12:49:51,464 - INFO - Successfully dispatched event: record_id=174-6, event_name=visita_unica_arm_1, repeat_instance=None
2026-09-18 12:51:07,248 - INFO - Received webhook from REDCap DET: project_id=49, username=[survey respondent], instrument=modulo_do_participante, record=174-6, redcap_event_name=visita_unica_arm_1, redcap_data_acess_group=, redcap_repeat_instance=None, redcap_repeat_instrument=None, redcap_url=https://svriglobal.org/redcap/, project_url=https://svriglobal.org/redcap/redcap_v17.3.10/index.php?pid=49
2026-09-18 12:51:07,250 - INFO - Dispatch runtime: pid=805616, module=/mnt/c/Users/Science/Documents/Python/integracao_embrace/src/integracao_embrace/dispatch.py, event_name='visita_unica_arm_1', instrument='modulo_do_participante'
2026-09-18 12:51:07,250 - INFO - Dispatching to unique visit handles: visita_unica_arm_1
2026-09-18 12:51:07,866 - INFO - Debug redcap url: https://svriglobal.org/redcap/api/
2026-09-18 12:51:07,867 - INFO - Debug redcaptoken (First 3 chars): E9A...
2026-09-18 12:51:07,867 - INFO - Debug redcap status: 200
2026-09-18 12:51:07,868 - INFO - Debug redcap response (first 30 chars): [{"record":"174-6","redcap_eve
2026-09-18 12:51:07,869 - INFO - REDCap: filtering event=visita_unica_arm_1 by repeat_instance=None; response instances=['', '1']
2026-09-18 12:51:07,869 - INFO - REDCap: exported record 174-6 for event visita_unica_arm_1, repeat_instance=None, with 270 fields from 311 entries
2026-09-18 12:51:07,870 - INFO - Mapped gender:  ➡ None
2026-09-18 12:51:07,870 - INFO - Mapped site: SVRI Clínica Morumbi ➡ 47
2026-09-18 12:51:07,870 - INFO - Volunteer payload prepared: {'nome': '174-6', 'iniciais': 'MCB', 'data_nascimento': '1974-06-29', 'sexo': None, 'email': '', 'data_inclusao': '2026-09-18', 'centro': '47', 'contatos': '11111111111'}
2026-09-18 12:51:08,076 - INFO - Volunteer 174-6 already exists in PoloTrial with ID: 3599
2026-09-18 12:51:08,077 - INFO - DEBUG: Searching protocol Embrace for site 47
2026-09-18 12:51:08,492 - INFO - Protocol found: Embrace with ID: 2381 (site=47)
2026-09-18 12:51:08,687 - INFO - DEBUG: Protocol Arm founded for the unique visit: ['Embrace ']
2026-09-18 12:51:08,687 - INFO - Arm matched: Embrace  with ID: 424
2026-09-18 12:51:09,337 - INFO - Participant found in PoloTrial with ID: 3588
2026-09-18 12:51:33,574 - INFO - Participant visits retrieved: 1, for participant ID: 3588
2026-09-18 12:51:33,575 - INFO - Looking for unique visit with name: Visita única among: ['Visita única']
2026-09-18 12:51:33,575 - INFO - Participant visit found: Visita única with ID: 44122
2026-09-18 12:51:33,760 - INFO - Unique visit already up to date (id=44122).
2026-09-18 12:51:33,972 - INFO - DEBUG: Available procedures in PoloTrial for unique visit: ['Módulo Identificação da Paciente ', 'Consulta Médica', 'Módulo Saúde', 'Módulo Menopausa', 'Questionário da Saúde da Mulher - WHQ', 'Questionário Short Form - SF-36', 'Questionário PHQ9', 'Questionário WPAI', 'Questionário GAD-7']
2026-09-18 12:51:33,973 - INFO -  - ID: 739050 | Procedure: Módulo Identificação da Paciente  | Appointment date: 2026-09-18T00:00:00.000Z | Check field: idp3=174-6 | Date field: idp4=2026-09-18
2026-09-18 12:51:33,973 - INFO -  - ID: 739051 | Procedure: Consulta Médica | Appointment date: 2026-09-18T00:00:00.000Z | Check field: cm_atendimento_dt=2026-09-18 | Date field: cm_atendimento_dt=2026-09-18
2026-09-18 12:51:33,973 - INFO -  - ID: 739052 | Procedure: Módulo Saúde | Appointment date: 2026-09-18T00:00:00.000Z | Check field: s0=2026-09-18 | Date field: s0=2026-09-18
2026-09-18 12:51:33,974 - INFO -  - ID: 739053 | Procedure: Módulo Menopausa | Appointment date: 2026-09-18T00:00:00.000Z | Check field: pm0=2026-09-18 | Date field: pm0=2026-09-18
2026-09-18 12:51:33,974 - INFO -  - ID: 739054 | Procedure: Questionário da Saúde da Mulher - WHQ | Appointment date: 2026-09-18T00:00:00.000Z | Check field: whq0=2026-09-18 | Date field: whq0=2026-09-18
2026-09-18 12:51:33,975 - INFO -  - ID: 739055 | Procedure: Questionário Short Form - SF-36 | Appointment date: 2026-09-18T00:00:00.000Z | Check field: sf36_0=2026-09-18 | Date field: sf36_0=2026-09-18
2026-09-18 12:51:33,975 - INFO -  - ID: 739056 | Procedure: Questionário PHQ9 | Appointment date: 2026-09-18T00:00:00.000Z | Check field: phq9_0=2026-09-18 | Date field: phq9_0=2026-09-18
2026-09-18 12:51:33,975 - INFO -  - ID: 739057 | Procedure: Questionário WPAI | Appointment date: 2026-09-18T00:00:00.000Z | Check field: wpai0=2026-09-18 | Date field: wpai0=2026-09-18
2026-09-18 12:51:33,976 - INFO -  - ID: 739058 | Procedure: Questionário GAD-7 | Appointment date: 2026-09-18T00:00:00.000Z | Check field: gad7_0=2026-09-18 | Date field: gad7_0=2026-09-18
2026-09-18 12:51:33,976 - INFO - DEBUG: Procedure mapping summary:
2026-09-18 12:51:33,976 - INFO -  1. Total procedures in PoloTrial for unique visit: 9
2026-09-18 12:51:33,977 - INFO -  2. Matched with REDCap mapping: 9
2026-09-18 12:51:33,977 - INFO -  3. Unmatched procedures: 0
2026-09-18 12:51:33,978 - INFO - No procedures to sync for pattern: M[oóOÓ]dulo\s+Identifica[cçCÇ][aãAÃ]o\s+da\s+Paciente
2026-09-18 12:51:33,979 - INFO - No procedures to sync for pattern: Consulta\s+M[eéEÉ]dica
2026-09-18 12:51:33,980 - INFO - No procedures to sync for pattern: M[oóOÓ]dulo\s+Sa[uúUÚ]de
2026-09-18 12:51:33,981 - INFO - No procedures to sync for pattern: M[oóOÓ]dulo\s+Menopausa
2026-09-18 12:51:33,981 - INFO - No procedures to sync for pattern: Question[aáAÁ]rio\s+da\s+Sa[uúUÚ]de\s+da\s+Mulher\s+-\s+WHQ
2026-09-18 12:51:33,982 - INFO - No procedures to sync for pattern: Question[aáAÁ]rio\s+Short\s+Form\s-\s+SF-36
2026-09-18 12:51:33,983 - INFO - No procedures to sync for pattern: Question[aáAÁ]rio\s+PHQ9
2026-09-18 12:51:33,984 - INFO - No procedures to sync for pattern: Question[aáAÁ]rio\s+WPAI
2026-09-18 12:51:33,985 - INFO - No procedures to sync for pattern: Question[aáAÁ]rio\s+GAD-7
2026-09-18 12:51:33,986 - INFO - Unique visit procedures synchronization completed. Total procedures synced: 0/9
2026-09-18 12:51:33,986 - INFO - Executor name from REDCap: Dra. Fabiane Berta de Sousa
2026-09-18 12:51:34,499 - INFO - Executor 'Dra. Fabiane Berta de Sousa' (ID: 4181) is already linked to procedure ID: 739051. No action needed.
2026-09-18 12:51:34,499 - INFO - Unique visit synchronization completed for record_id=174-6, event_name=visita_unica_arm_1
2026-09-18 12:51:34,499 - INFO - Successfully dispatched event: record_id=174-6, event_name=visita_unica_arm_1, repeat_instance=None
2026-09-18 12:51:39,090 - INFO - Received webhook from REDCap DET: project_id=49, username=luana.fernandes, instrument=status_do_participante, record=174-6, redcap_event_name=visita_unica_arm_1, redcap_data_acess_group=, redcap_repeat_instance=None, redcap_repeat_instrument=None, redcap_url=https://svriglobal.org/redcap/, project_url=https://svriglobal.org/redcap/redcap_v17.3.10/index.php?pid=49
2026-09-18 12:51:39,091 - INFO - Dispatch runtime: pid=805616, module=/mnt/c/Users/Science/Documents/Python/integracao_embrace/src/integracao_embrace/dispatch.py, event_name='visita_unica_arm_1', instrument='status_do_participante'
2026-09-18 12:51:39,091 - INFO - Dispatching to unique visit handles: visita_unica_arm_1
2026-09-18 12:51:39,709 - INFO - Debug redcap url: https://svriglobal.org/redcap/api/
2026-09-18 12:51:39,710 - INFO - Debug redcaptoken (First 3 chars): E9A...
2026-09-18 12:51:39,710 - INFO - Debug redcap status: 200
2026-09-18 12:51:39,710 - INFO - Debug redcap response (first 30 chars): [{"record":"174-6","redcap_eve
2026-09-18 12:51:39,711 - INFO - REDCap: filtering event=visita_unica_arm_1 by repeat_instance=None; response instances=['', '1']
2026-09-18 12:51:39,711 - INFO - REDCap: exported record 174-6 for event visita_unica_arm_1, repeat_instance=None, with 273 fields from 314 entries
2026-09-18 12:51:39,712 - INFO - Mapped gender:  ➡ None
2026-09-18 12:51:39,712 - INFO - Mapped site: SVRI Clínica Morumbi ➡ 47
2026-09-18 12:51:39,712 - INFO - Volunteer payload prepared: {'nome': '174-6', 'iniciais': 'MCB', 'data_nascimento': '1974-06-29', 'sexo': None, 'email': '', 'data_inclusao': '2026-09-18', 'centro': '47', 'contatos': '11111111111'}
2026-09-18 12:51:39,895 - INFO - Volunteer 174-6 already exists in PoloTrial with ID: 3599
2026-09-18 12:51:39,896 - INFO - DEBUG: Searching protocol Embrace for site 47
2026-09-18 12:51:40,310 - INFO - Protocol found: Embrace with ID: 2381 (site=47)
2026-09-18 12:51:40,521 - INFO - DEBUG: Protocol Arm founded for the unique visit: ['Embrace ']
2026-09-18 12:51:40,521 - INFO - Arm matched: Embrace  with ID: 424
2026-09-18 12:51:41,159 - INFO - Participant found in PoloTrial with ID: 3588
2026-09-18 12:52:05,383 - INFO - Participant visits retrieved: 1, for participant ID: 3588
2026-09-18 12:52:05,383 - INFO - Looking for unique visit with name: Visita única among: ['Visita única']
2026-09-18 12:52:05,384 - INFO - Participant visit found: Visita única with ID: 44122
2026-09-18 12:52:05,550 - INFO - Unique visit already up to date (id=44122).
2026-09-18 12:52:05,754 - INFO - DEBUG: Available procedures in PoloTrial for unique visit: ['Módulo Identificação da Paciente ', 'Consulta Médica', 'Módulo Saúde', 'Módulo Menopausa', 'Questionário da Saúde da Mulher - WHQ', 'Questionário Short Form - SF-36', 'Questionário PHQ9', 'Questionário WPAI', 'Questionário GAD-7']
2026-09-18 12:52:05,757 - INFO -  - ID: 739050 | Procedure: Módulo Identificação da Paciente  | Appointment date: 2026-09-18T00:00:00.000Z | Check field: idp3=174-6 | Date field: idp4=2026-09-18
2026-09-18 12:52:05,757 - INFO -  - ID: 739051 | Procedure: Consulta Médica | Appointment date: 2026-09-18T00:00:00.000Z | Check field: cm_atendimento_dt=2026-09-18 | Date field: cm_atendimento_dt=2026-09-18
2026-09-18 12:52:05,757 - INFO -  - ID: 739052 | Procedure: Módulo Saúde | Appointment date: 2026-09-18T00:00:00.000Z | Check field: s0=2026-09-18 | Date field: s0=2026-09-18
2026-09-18 12:52:05,758 - INFO -  - ID: 739053 | Procedure: Módulo Menopausa | Appointment date: 2026-09-18T00:00:00.000Z | Check field: pm0=2026-09-18 | Date field: pm0=2026-09-18
2026-09-18 12:52:05,758 - INFO -  - ID: 739054 | Procedure: Questionário da Saúde da Mulher - WHQ | Appointment date: 2026-09-18T00:00:00.000Z | Check field: whq0=2026-09-18 | Date field: whq0=2026-09-18
2026-09-18 12:52:05,758 - INFO -  - ID: 739055 | Procedure: Questionário Short Form - SF-36 | Appointment date: 2026-09-18T00:00:00.000Z | Check field: sf36_0=2026-09-18 | Date field: sf36_0=2026-09-18
2026-09-18 12:52:05,759 - INFO -  - ID: 739056 | Procedure: Questionário PHQ9 | Appointment date: 2026-09-18T00:00:00.000Z | Check field: phq9_0=2026-09-18 | Date field: phq9_0=2026-09-18
2026-09-18 12:52:05,759 - INFO -  - ID: 739057 | Procedure: Questionário WPAI | Appointment date: 2026-09-18T00:00:00.000Z | Check field: wpai0=2026-09-18 | Date field: wpai0=2026-09-18
2026-09-18 12:52:05,759 - INFO -  - ID: 739058 | Procedure: Questionário GAD-7 | Appointment date: 2026-09-18T00:00:00.000Z | Check field: gad7_0=2026-09-18 | Date field: gad7_0=2026-09-18
2026-09-18 12:52:05,760 - INFO - DEBUG: Procedure mapping summary:
2026-09-18 12:52:05,760 - INFO -  1. Total procedures in PoloTrial for unique visit: 9
2026-09-18 12:52:05,760 - INFO -  2. Matched with REDCap mapping: 9
2026-09-18 12:52:05,761 - INFO -  3. Unmatched procedures: 0
2026-09-18 12:52:05,762 - INFO - No procedures to sync for pattern: M[oóOÓ]dulo\s+Identifica[cçCÇ][aãAÃ]o\s+da\s+Paciente
2026-09-18 12:52:05,763 - INFO - No procedures to sync for pattern: Consulta\s+M[eéEÉ]dica
2026-09-18 12:52:05,764 - INFO - No procedures to sync for pattern: M[oóOÓ]dulo\s+Sa[uúUÚ]de
2026-09-18 12:52:05,764 - INFO - No procedures to sync for pattern: M[oóOÓ]dulo\s+Menopausa
2026-09-18 12:52:05,765 - INFO - No procedures to sync for pattern: Question[aáAÁ]rio\s+da\s+Sa[uúUÚ]de\s+da\s+Mulher\s+-\s+WHQ
2026-09-18 12:52:05,766 - INFO - No procedures to sync for pattern: Question[aáAÁ]rio\s+Short\s+Form\s-\s+SF-36
2026-09-18 12:52:05,767 - INFO - No procedures to sync for pattern: Question[aáAÁ]rio\s+PHQ9
2026-09-18 12:52:05,768 - INFO - No procedures to sync for pattern: Question[aáAÁ]rio\s+WPAI
2026-09-18 12:52:05,769 - INFO - No procedures to sync for pattern: Question[aáAÁ]rio\s+GAD-7
2026-09-18 12:52:05,769 - INFO - Unique visit procedures synchronization completed. Total procedures synced: 0/9
2026-09-18 12:52:05,770 - INFO - Executor name from REDCap: Dra. Fabiane Berta de Sousa
2026-09-18 12:52:06,229 - INFO - Executor 'Dra. Fabiane Berta de Sousa' (ID: 4181) is already linked to procedure ID: 739051. No action needed.
2026-09-18 12:52:06,230 - INFO - Unique visit synchronization completed for record_id=174-6, event_name=visita_unica_arm_1
2026-09-18 12:52:06,230 - INFO - Dispatching to participant status update handler: instrument=status_do_participante
2026-09-18 12:52:06,864 - INFO - Debug redcap url: https://svriglobal.org/redcap/api/
2026-09-18 12:52:06,864 - INFO - Debug redcaptoken (First 3 chars): E9A...
2026-09-18 12:52:06,864 - INFO - Debug redcap status: 200
2026-09-18 12:52:06,865 - INFO - Debug redcap response (first 30 chars): [{"record":"174-6","redcap_eve
2026-09-18 12:52:06,865 - INFO - REDCap: filtering event=visita_unica_arm_1 by repeat_instance=None; response instances=['', '1']
2026-09-18 12:52:06,866 - INFO - REDCap: exported record 174-6 for event visita_unica_arm_1, repeat_instance=None, with 273 fields from 314 entries
2026-09-18 12:52:06,869 - INFO - Retrieved REDCap payload for record_id=174-6, event_name=visita_unica_arm_1: {'ae1': 'Sim', 'ae10': 'Não', 'ae11': 'Não', 'ae12': 'Não', 'ae13': 'Não', 'ae14': 'Não', 'ae2': 'Não Aplicável', 'ae3': 'Sim', 'ae4': 'Não', 'ae5': 'Não', 'ae6': 'Não', 'ae7': 'Não', 'ae8': 'Não', 'ae9': 'Não', 'asr1': '12', 'asr2': 'Não', 'asr3': '2022-09-06', 'asr4': 'Sim', 'asr4_1': 'natifa pro', 'asr5': 'Sim', 'asr6': '48', 'cm_anamnese1': 'Foi entregue à participante uma via do Termo de Consentimento Livre e Esclarecido (TCLE), sendo disponibilizado tempo adequado para que pudesse realizar a leitura e compreender todas as informações apresentadas no documento. A participante declarou não possuir dúvidas e confirmou estar de acordo com sua participação na pesquisa. As duas vias do TCLE foram devidamente rubricadas pela participante e por mim nas páginas 1 até 12. Uma via devidamente preenchida e assinada foi entregue à participante, permanecendo a outra via arquivada no centro de pesquisa.', 'cm_atendimento_dt': '2026-09-18', 'cm_dt_assinatura_tcle': '2026-09-18', 'cm_evolucao_executor': 'Dra. Fabiane Berta de Sousa', 'cm_tclw_versao': 'v2', 'cm1': 'calorão', 'cm10': 'Concordo', 'cm11': 'Concordo', 'cm12': 'solução', 'cm13': 'Concordo totalmente', 'cm14': 'Discordo totalmente', 'cm15': 'Discordo apenas em parte', 'cm16': 'Concordo totalmente', 'cm17': 'Não sei opinar', 'cm18': 'Concordo apenas em parte', 'cm19': 'Concordo', 'cm2': 'Pouco informado (a)', 'cm20': 'Concordo', 'cm21': 'Não sei opinar', 'cm22': 'Não sei opinar', 'cm23': 'Não sei opinar', 'cm24': 'Não sei opinar', 'cm25': 'Concordo', 'cm26': 'Concordo', 'cm27': 'Não concordo', 'cm28': 'Concordo', 'cm29': 'Não sei opinar', 'cm3': 'Concordo', 'cm30': 'Não concordo', 'cm31': 'Não sei opinar', 'cm32': 'Concordo', 'cm4': 'Não concordo', 'cm5': 'Não sei opinar', 'cm6': 'Não sei opinar', 'cm7': 'Concordo', 'cm8': 'Concordo', 'cm9': 'Concordo', 'gad7_0': '2026-09-18', 'glad7_1': 'Vários dias', 'glad7_2': 'Vários dias', 'glad7_3': 'Vários dias', 'glad7_4': 'Vários dias', 'glad7_5': 'Nenhuma vez', 'glad7_6': 'Vários dias', 'glad7_7': 'Mais da metade dos dias', 'idp_faixa_etaria': '2', 'idp1': 'Mariana Camargo Braga', 'idp3': '174-6', 'idp4': '2026-09-18', 'idp5': '52', 'idp6': '1974-06-29', 'idp7': 'SVRI Clínica Morumbi', 'idp8': '26', 'idp9': 'SP', 'mdulo_cm_consulta_mdica_complete': 'Complete', 'modulo_do_participante_complete': 'Complete', 'modulo_idp_identificacao_da_paciente_complete': 'Complete', 'modulo_m_menopausa_complete': 'Complete', 'modulo_participante_dt': '2026-09-18', 'modulo_s_saude_complete': 'Complete', 'modulo_whq_questionario_da_saude_da_mulher_complete': 'Complete', 'mpc1': 'Mais de uma vez ao ano', 'mpc2': '1', 'mpc3': '2', 'mpc4': 'Manchas escuras (melasma ou manchas senis)', 'mpc5': 'Afinamento da pele (pele mais frágil ou sensível)', 'mpc6': 'Ressecamento ou perda de brilho dos fios', 'mpc7': 'Ressecamento ou perda de brilho dos fios', 'mpc8': 'Não', 'phq9_0': '2026-09-18', 'phq9_1': 'Mais da metade dos dias', 'phq9_10': 'Alguma dificuldade', 'phq9_2': 'Vários dias', 'phq9_3': 'Vários dias', 'phq9_4': 'Vários dias', 'phq9_5': 'Quase todos os dias', 'phq9_6': 'Vários dias', 'phq9_7': 'Quase todos os dias', 'phq9_8': 'Nenhuma vez', 'phq9_9': 'Nenhuma vez', 'pm0': '2026-09-18', 'pm1': 'Concordo totalmente', 'pm2': 'Concordo', 'pm3': 'Concordo', 'pm4': 'Concordo', 'pm5': 'Discordo', 'pm6': 'Discordo', 'qsm1': 'Não, raramente', 'qsm10': 'Sim, com certeza', 'qsm11': 'Sim, com certeza', 'qsm12': 'Sim, com certeza', 'qsm13': 'Sim, com certeza', 'qsm14': 'Sim, com certeza', 'qsm15': 'Sim, com certeza', 'qsm16': 'Sim, com certeza', 'qsm17': 'Sim, às vezes', 'qsm18': 'Sim, com certeza', 'qsm19': 'Sim, com certeza', 'qsm2': 'Não, absolutamente', 'qsm20': 'Sim, com certeza', 'qsm21': 'Sim, às vezes', 'qsm22': 'Não, raramente', 'qsm23': 'Não, raramente', 'qsm24': 'Não, raramente', 'qsm25': 'Sim, às vezes', 'qsm27': 'Sim, com certeza', 'qsm28': 'Sim, com certeza', 'qsm29': 'Sim, às vezes', 'qsm3': 'Sim, às vezes', 'qsm30': 'Sim, com certeza', 'qsm31': 'Sim, às vezes', 'qsm32': 'Não, absolutamente', 'qsm33': 'Sim, às vezes', 'qsm34': 'Não, absolutamente', 'qsm35': 'Não, raramente', 'qsm36': 'Sim, às vezes', 'qsm37': 'Sim, Quais?', 'qsm37_1': 'Calor, suor, formigamento, falta de atenção.', 'qsm4': 'Não, absolutamente', 'qsm5': 'Sim, às vezes', 'qsm6': 'Não, absolutamente', 'qsm7': 'Sim, com certeza', 'qsm8': 'Não, absolutamente', 'qsm9': 'Não, absolutamente', 's0': '2026-09-18', 's1_1': '80', 's1_2': '1.69', 's10': 'Sim', 's11': 'Outra (as) doença (as) crônica (as)?', 's11_3': 'dor cronica - neuropatia da herpes zoster, hipotireoidismo', 's12': 'Não', 's13': 'Não', 's14': 'Não.', 's15': 'Sim', 's16': 'Outro (os), qual (is)?', 's16_1': 'natifa pro \r\nlevotiroxina 25 mcg ', 's17': 'Não', 's18': 'Não', 's2': '95', 's22': 'Não', 's23': 'Sim', 's24': '5 ou mais', 's25': '50', 's26': 'Caminhada', 's27': 'Leve', 's28': 'Menos de um vez por mês', 's29': '0', 's3': '111', 's3_1': '9834.071005917162', 's3_2': '0.8558558558558559', 's3_3': '8413.952662721895', 's30': '0', 's31': 'Não', 's32': 'Não', 's4': '137', 's5': '93', 's6': 'Muito Bom', 's7': '280102.24', 's7_1': 'Sim, qual(is)', 's7_2': 'Outra', 's8_13': '0', 's9_1': 'Sim, qual(is)?', 's9_2': 'Outra, qual?', 's9_3': 'dor cronica - neuropatia da herpes zoster, hipotireoidismo', 'sc1_1': 'Outros', 'sc1_2': 'odor azedo no corpo', 'sd1': 'Casado(a)', 'sd2': 'Ensino Superior Completo', 'sd3': 'Branca', 'sd4': 'Não', 'sd5': '1', 'sd6': '2', 'sd7': '0', 'se1': '1', 'se10': '0', 'se11': '1', 'se12': '1', 'se13': 'Rede Geral de Distribuição', 'se14': 'Ensino Superior Completo', 'se15': 'Plano de saúde privado', 'se2': '1', 'se3': '2', 'se4': '0', 'se5': '1', 'se6': '1', 'se7': '2', 'se8': '1', 'se9': '1', 'sf36_0': '2026-09-18', 'sf36_1': 'Muito boa', 'sf36_10': 'Não, não dificulta de modo algum', 'sf36_11': 'Não, não dificulta de modo algum', 'sf36_12': 'Não, não dificulta de modo algum', 'sf36_13': 'Não', 'sf36_14': 'Sim', 'sf36_15': 'Sim', 'sf36_16': 'Sim', 'sf36_17': 'Não', 'sf36_18': 'Sim', 'sf36_19': 'Sim', 'sf36_2': 'Muito melhor', 'sf36_20': 'Moderadamente', 'sf36_21': 'Moderada', 'sf36_22': 'Moderadamente', 'sf36_23': 'Alguma parte do tempo', 'sf36_24': 'Alguma parte do tempo', 'sf36_25': 'Alguma parte do tempo', 'sf36_26': 'Uma pequena parte do tempo', 'sf36_27': 'Uma pequena parte do tempo', 'sf36_28': 'Alguma parte do tempo', 'sf36_29': 'Alguma parte do tempo', 'sf36_3': 'Sim, dificulta muito', 'sf36_30': 'Alguma parte do tempo', 'sf36_31': 'Uma boa parte do tempo', 'sf36_32': 'Alguma parte do tempo', 'sf36_33': 'A maioria das vezes falso', 'sf36_34': 'Não sei', 'sf36_35': 'Não sei', 'sf36_36': 'A maioria das vezes verdadeiro', 'sf36_4': 'Sim, dificulta um pouco', 'sf36_5': 'Sim, dificulta um pouco', 'sf36_6': 'Sim, dificulta muito', 'sf36_7': 'Sim, dificulta muito', 'sf36_8': 'Sim, dificulta muito', 'sf36_9': 'Não, não dificulta de modo algum', 'status_do_participante_complete': 'Complete', 'status_participante': 'Concluído', 'status_participante_dt': '2026-09-18', 'survey_sc1_1': 'Alterações de humor', 'thr5_1': '1', 'thr5_2': '8', 'thr5_3': '8', 'thr5_4': '8', 'thr5_5': '1', 'thr5_6': '1', 'thr5_7': '1', 'thr5_8': '6', 'trh1': 'Sim', 'trh2': 'Sim', 'trh3': 'Sim', 'trh4_1': 'Para estabilização do humor e da irritabilidade', 'trh6': '10', 'trh7': 'Melhorou muito a minha qualidade de vida', 'trh8_1': 'Oral (cápsula, comprimido ou pílulas)', 'whq0': '2026-09-18', 'wpai0': '2026-09-18', 'wpai1': 'Não', 'wpai2': '24', 'wpai3': '24', 'wpai4': '48', 'wpai5': '2', 'wpai6': '6'}
2026-09-18 12:52:07,139 - INFO - Debug redcap url: https://svriglobal.org/redcap/api/
2026-09-18 12:52:07,140 - INFO - Debug redcaptoken (First 3 chars): E9A...
2026-09-18 12:52:07,140 - INFO - Debug redcap status: 200
2026-09-18 12:52:07,140 - INFO - Debug redcap response (first 30 chars): [{"record":"174-6","redcap_eve
2026-09-18 12:52:07,141 - INFO - REDCap: filtering event=visita_unica_arm_1 by repeat_instance=None; response instances=['', '1']
2026-09-18 12:52:07,142 - INFO - REDCap: exported record 174-6 for event visita_unica_arm_1, repeat_instance=None, with 273 fields from 314 entries
2026-09-18 12:52:07,328 - INFO - Found volunteer in PoloTrial: record_id=174-6, volunteer_code=3599
2026-09-18 12:52:07,733 - INFO - Found protocol in PoloTrial: site_code=47, protocol_nickname=Embrace, protocol_code=2381
2026-09-18 12:52:08,349 - INFO - Found participant in PoloTrial: volunteer_code=3599, protocol_code=2381, participant_code=3588
2026-09-18 12:52:08,351 - INFO - Mapped REDCap status=Concluído to PoloTrial status_code=308 for record_id=174-6
2026-09-18 12:52:09,167 - INFO - Updated participant status in PoloTrial for record_id=174-6: 540 -> 308
2026-09-18 12:52:09,167 - INFO - Successfully dispatched event: record_id=174-6, event_name=visita_unica_arm_1, repeat_instance=None
2026-09-18 14:44:42,935 - INFO - Received webhook from REDCap DET: project_id=49, username=luana.fernandes, instrument=mdulo_cm_consulta_mdica, record=174-6, redcap_event_name=visita_unica_arm_1, redcap_data_acess_group=, redcap_repeat_instance=1, redcap_repeat_instrument=mdulo_cm_consulta_mdica, redcap_url=https://svriglobal.org/redcap/, project_url=https://svriglobal.org/redcap/redcap_v17.3.10/index.php?pid=49
2026-09-18 14:44:43,135 - INFO - Dispatch runtime: pid=805616, module=/mnt/c/Users/Science/Documents/Python/integracao_embrace/src/integracao_embrace/dispatch.py, event_name='visita_unica_arm_1', instrument='mdulo_cm_consulta_mdica'
2026-09-18 14:44:43,146 - INFO - Dispatching to unique visit handles: visita_unica_arm_1
2026-09-18 14:44:45,334 - INFO - Debug redcap url: https://svriglobal.org/redcap/api/
2026-09-18 14:44:45,338 - INFO - Debug redcaptoken (First 3 chars): E9A...
2026-09-18 14:44:45,346 - INFO - Debug redcap status: 200
2026-09-18 14:44:45,348 - INFO - Debug redcap response (first 30 chars): [{"record":"174-6","redcap_eve
2026-09-18 14:44:45,356 - INFO - REDCap: filtering event=visita_unica_arm_1 by repeat_instance=None; response instances=['', '1']
2026-09-18 14:44:45,361 - INFO - REDCap: exported record 174-6 for event visita_unica_arm_1, repeat_instance=None, with 274 fields from 315 entries
2026-09-18 14:44:45,365 - INFO - Mapped gender:  ➡ None
2026-09-18 14:44:45,367 - INFO - Mapped site: SVRI Clínica Morumbi ➡ 47
2026-09-18 14:44:45,368 - INFO - Volunteer payload prepared: {'nome': '174-6', 'iniciais': 'MCB', 'data_nascimento': '1974-06-29', 'sexo': None, 'email': '', 'data_inclusao': '2026-09-18', 'centro': '47', 'contatos': '11111111111'}
2026-09-18 14:44:46,628 - INFO - Volunteer 174-6 already exists in PoloTrial with ID: 3599
2026-09-18 14:44:46,631 - INFO - DEBUG: Searching protocol Embrace for site 47
2026-09-18 14:44:47,168 - INFO - Protocol found: Embrace with ID: 2381 (site=47)
2026-09-18 14:44:47,407 - INFO - DEBUG: Protocol Arm founded for the unique visit: ['Embrace ']
2026-09-18 14:44:47,408 - INFO - Arm matched: Embrace  with ID: 424
2026-09-18 14:44:48,200 - INFO - Participant found in PoloTrial with ID: 3588
2026-09-18 14:45:12,942 - INFO - Participant visits retrieved: 1, for participant ID: 3588
2026-09-18 14:45:13,011 - INFO - Looking for unique visit with name: Visita única among: ['Visita única']
2026-09-18 14:45:13,021 - INFO - Participant visit found: Visita única with ID: 44122
2026-09-18 14:45:14,054 - INFO - Unique visit already up to date (id=44122).
2026-09-18 14:45:20,773 - INFO - DEBUG: Available procedures in PoloTrial for unique visit: ['Módulo Identificação da Paciente ', 'Consulta Médica', 'Módulo Saúde', 'Módulo Menopausa', 'Questionário da Saúde da Mulher - WHQ', 'Questionário Short Form - SF-36', 'Questionário PHQ9', 'Questionário WPAI', 'Questionário GAD-7']
2026-09-18 14:45:20,784 - INFO -  - ID: 739050 | Procedure: Módulo Identificação da Paciente  | Appointment date: 2026-09-18T00:00:00.000Z | Check field: idp3=174-6 | Date field: idp4=2026-09-18
2026-09-18 14:45:20,790 - INFO -  - ID: 739051 | Procedure: Consulta Médica | Appointment date: 2026-09-18T00:00:00.000Z | Check field: cm_atendimento_dt=2026-09-18 | Date field: cm_atendimento_dt=2026-09-18
2026-09-18 14:45:20,804 - INFO -  - ID: 739052 | Procedure: Módulo Saúde | Appointment date: 2026-09-18T00:00:00.000Z | Check field: s0=2026-09-18 | Date field: s0=2026-09-18
2026-09-18 14:45:20,816 - INFO -  - ID: 739053 | Procedure: Módulo Menopausa | Appointment date: 2026-09-18T00:00:00.000Z | Check field: pm0=2026-09-18 | Date field: pm0=2026-09-18
2026-09-18 14:45:20,830 - INFO -  - ID: 739054 | Procedure: Questionário da Saúde da Mulher - WHQ | Appointment date: 2026-09-18T00:00:00.000Z | Check field: whq0=2026-09-18 | Date field: whq0=2026-09-18
2026-09-18 14:45:20,838 - INFO -  - ID: 739055 | Procedure: Questionário Short Form - SF-36 | Appointment date: 2026-09-18T00:00:00.000Z | Check field: sf36_0=2026-09-18 | Date field: sf36_0=2026-09-18
2026-09-18 14:45:20,849 - INFO -  - ID: 739056 | Procedure: Questionário PHQ9 | Appointment date: 2026-09-18T00:00:00.000Z | Check field: phq9_0=2026-09-18 | Date field: phq9_0=2026-09-18
2026-09-18 14:45:20,881 - INFO -  - ID: 739057 | Procedure: Questionário WPAI | Appointment date: 2026-09-18T00:00:00.000Z | Check field: wpai0=2026-09-18 | Date field: wpai0=2026-09-18
2026-09-18 14:45:20,896 - INFO -  - ID: 739058 | Procedure: Questionário GAD-7 | Appointment date: 2026-09-18T00:00:00.000Z | Check field: gad7_0=2026-09-18 | Date field: gad7_0=2026-09-18
2026-09-18 14:45:20,907 - INFO - DEBUG: Procedure mapping summary:
2026-09-18 14:45:20,920 - INFO -  1. Total procedures in PoloTrial for unique visit: 9
2026-09-18 14:45:20,964 - INFO -  2. Matched with REDCap mapping: 9
2026-09-18 14:45:20,984 - INFO -  3. Unmatched procedures: 0
2026-09-18 14:45:21,127 - INFO - No procedures to sync for pattern: M[oóOÓ]dulo\s+Identifica[cçCÇ][aãAÃ]o\s+da\s+Paciente
2026-09-18 14:45:21,284 - INFO - No procedures to sync for pattern: Consulta\s+M[eéEÉ]dica
2026-09-18 14:45:21,298 - INFO - No procedures to sync for pattern: M[oóOÓ]dulo\s+Sa[uúUÚ]de
2026-09-18 14:45:21,687 - INFO - No procedures to sync for pattern: M[oóOÓ]dulo\s+Menopausa
2026-09-18 14:45:21,735 - INFO - No procedures to sync for pattern: Question[aáAÁ]rio\s+da\s+Sa[uúUÚ]de\s+da\s+Mulher\s+-\s+WHQ
2026-09-18 14:45:21,779 - INFO - No procedures to sync for pattern: Question[aáAÁ]rio\s+Short\s+Form\s-\s+SF-36
2026-09-18 14:45:21,813 - INFO - No procedures to sync for pattern: Question[aáAÁ]rio\s+PHQ9
2026-09-18 14:45:21,853 - INFO - No procedures to sync for pattern: Question[aáAÁ]rio\s+WPAI
2026-09-18 14:45:21,901 - INFO - No procedures to sync for pattern: Question[aáAÁ]rio\s+GAD-7
2026-09-18 14:45:21,926 - INFO - Unique visit procedures synchronization completed. Total procedures synced: 0/9
2026-09-18 14:45:21,988 - INFO - Executor name from REDCap: Dra. Fabiane Berta de Sousa
2026-09-18 14:45:23,256 - INFO - Executor 'Dra. Fabiane Berta de Sousa' (ID: 4181) is already linked to procedure ID: 739051. No action needed.
2026-09-18 14:45:23,442 - INFO - Unique visit synchronization completed for record_id=174-6, event_name=visita_unica_arm_1
2026-09-18 14:45:23,535 - INFO - Successfully dispatched event: record_id=174-6, event_name=visita_unica_arm_1, repeat_instance=1
2026-09-18 15:04:30,102 - INFO - Shutting down webhooks for protocol Embrace
2026-09-21 08:29:59,685 - INFO - Webhook initialized for protocol Embrace
2026-09-21 14:48:33,108 - INFO - Shutting down webhooks for protocol Embrace
2026-10-02 10:59:17,337 - INFO - Webhook initialized for protocol Embrace
2026-10-02 11:05:08,747 - INFO - Received webhook from REDCap DET: project_id=49, username=eduardosoccasvri, instrument=modulo_idp_identificacao_da_paciente, record=174-13, redcap_event_name=visita_unica_arm_1, redcap_data_acess_group=, redcap_repeat_instance=None, redcap_repeat_instrument=None, redcap_url=https://svriglobal.org/redcap/, project_url=https://svriglobal.org/redcap/redcap_v17.3.10/index.php?pid=49
2026-10-02 11:05:08,825 - INFO - Dispatch runtime: pid=523423, module=/mnt/c/Users/Science/Documents/Python/integracao_embrace/src/integracao_embrace/dispatch.py, event_name='visita_unica_arm_1', instrument='modulo_idp_identificacao_da_paciente'
2026-10-02 11:05:08,825 - INFO - Dispatching to unique visit handles: visita_unica_arm_1
2026-10-02 11:05:09,512 - INFO - Debug redcap url: https://svriglobal.org/redcap/api/
2026-10-02 11:05:09,512 - INFO - Debug redcaptoken (First 3 chars): E9A...
2026-10-02 11:05:09,512 - INFO - Debug redcap status: 200
2026-10-02 11:05:09,513 - INFO - Debug redcap response (first 30 chars): [{"record":"174-13","redcap_ev
2026-10-02 11:05:09,514 - INFO - REDCap: filtering event=visita_unica_arm_1 by repeat_instance=None; response instances=['', '1']
2026-10-02 11:05:09,515 - INFO - REDCap: exported record 174-13 for event visita_unica_arm_1, repeat_instance=None, with 216 fields from 219 entries
2026-10-02 11:05:09,516 - INFO - Mapped gender: Mulher ("Cisgênero") ➡ None
2026-10-02 11:05:09,516 - INFO - Mapped site: SVRI Clínica Morumbi ➡ 47
2026-10-02 11:05:09,517 - INFO - Volunteer payload prepared: {'nome': '174-13', 'iniciais': 'DSZ', 'data_nascimento': '1982-01-27', 'sexo': None, 'email': '', 'data_inclusao': '2026-09-24', 'centro': '47', 'contatos': '11111111111'}
2026-10-02 11:05:09,989 - INFO - Polotrial: authentication succsssful
2026-10-02 11:05:10,171 - INFO - Volunteer 174-13 already exists in PoloTrial with ID: 3620
2026-10-02 11:05:10,172 - INFO - Volunteer 174-13 data changed in REDCap, updating in PoloTrial: {'iniciais': 'DSZ'}
2026-10-02 11:05:10,352 - INFO - DEBUG: Searching protocol Embrace for site 47
2026-10-02 11:05:10,858 - INFO - Protocol found: Embrace with ID: 2381 (site=47)
2026-10-02 11:05:11,052 - INFO - DEBUG: Protocol Arm founded for the unique visit: ['Embrace ']
2026-10-02 11:05:11,052 - INFO - Arm matched: Embrace  with ID: 424
2026-10-02 11:05:11,821 - INFO - Participant found in PoloTrial with ID: 3609
2026-10-02 11:05:35,372 - INFO - Participant visits retrieved: 1, for participant ID: 3609
2026-10-02 11:05:35,372 - INFO - Looking for unique visit with name: Visita única among: ['Visita única']
2026-10-02 11:05:35,373 - INFO - Participant visit found: Visita única with ID: 44189
2026-10-02 11:05:35,537 - INFO - Unique visit already up to date (id=44189).
2026-10-02 11:05:35,857 - INFO - DEBUG: Available procedures in PoloTrial for unique visit: ['Módulo Identificação da Paciente ', 'Consulta Médica', 'Módulo Saúde', 'Módulo Menopausa', 'Questionário da Saúde da Mulher - WHQ', 'Questionário Short Form - SF-36', 'Questionário PHQ9', 'Questionário WPAI', 'Questionário GAD-7']
2026-10-02 11:05:35,857 - INFO -  - ID: 740191 | Procedure: Módulo Identificação da Paciente  | Appointment date: 2026-09-24T00:00:00.000Z | Check field: idp3=174-13 | Date field: idp4=2026-09-24
2026-10-02 11:05:35,858 - INFO -  - ID: 740192 | Procedure: Consulta Médica | Appointment date: 2026-09-24T00:00:00.000Z | Check field: cm_atendimento_dt=2026-09-24 | Date field: cm_atendimento_dt=2026-09-24
2026-10-02 11:05:35,858 - INFO -  - ID: 740193 | Procedure: Módulo Saúde | Appointment date: 2026-09-24T00:00:00.000Z | Check field: s0=2026-09-24 | Date field: s0=2026-09-24
2026-10-02 11:05:35,859 - INFO -  - ID: 740194 | Procedure: Módulo Menopausa | Appointment date: 2026-09-24T00:00:00.000Z | Check field: pm0=2026-09-24 | Date field: pm0=2026-09-24
2026-10-02 11:05:35,859 - INFO -  - ID: 740195 | Procedure: Questionário da Saúde da Mulher - WHQ | Appointment date: nan | Check field: whq0=N/A | Date field: whq0=N/A
2026-10-02 11:05:35,859 - INFO -  - ID: 740196 | Procedure: Questionário Short Form - SF-36 | Appointment date: 2026-09-24T00:00:00.000Z | Check field: sf36_0=2026-09-24 | Date field: sf36_0=2026-09-24
2026-10-02 11:05:35,860 - INFO -  - ID: 740197 | Procedure: Questionário PHQ9 | Appointment date: 2026-09-24T00:00:00.000Z | Check field: phq9_0=2026-09-24 | Date field: phq9_0=2026-09-24
2026-10-02 11:05:35,860 - INFO -  - ID: 740198 | Procedure: Questionário WPAI | Appointment date: 2026-09-24T00:00:00.000Z | Check field: wpai0=2026-09-24 | Date field: wpai0=2026-09-24
2026-10-02 11:05:35,860 - INFO -  - ID: 740199 | Procedure: Questionário GAD-7 | Appointment date: 2026-09-24T00:00:00.000Z | Check field: gad7_0=2026-09-24 | Date field: gad7_0=2026-09-24
2026-10-02 11:05:35,861 - INFO - DEBUG: Procedure mapping summary:
2026-10-02 11:05:35,861 - INFO -  1. Total procedures in PoloTrial for unique visit: 9
2026-10-02 11:05:35,861 - INFO -  2. Matched with REDCap mapping: 9
2026-10-02 11:05:35,861 - INFO -  3. Unmatched procedures: 0
2026-10-02 11:05:35,870 - INFO - No procedures to sync for pattern: M[oóOÓ]dulo\s+Identifica[cçCÇ][aãAÃ]o\s+da\s+Paciente
2026-10-02 11:05:35,872 - INFO - No procedures to sync for pattern: Consulta\s+M[eéEÉ]dica
2026-10-02 11:05:35,873 - INFO - No procedures to sync for pattern: M[oóOÓ]dulo\s+Sa[uúUÚ]de
2026-10-02 11:05:35,874 - INFO - No procedures to sync for pattern: M[oóOÓ]dulo\s+Menopausa
2026-10-02 11:05:35,877 - INFO - No date found in REDCap for procedure Questionário da Saúde da Mulher - WHQ (check_field=whq0, date_field=whq0). Skipping sync.
2026-10-02 11:05:35,878 - INFO - No procedures to sync for pattern: Question[aáAÁ]rio\s+Short\s+Form\s-\s+SF-36
2026-10-02 11:05:35,878 - INFO - No procedures to sync for pattern: Question[aáAÁ]rio\s+PHQ9
2026-10-02 11:05:35,879 - INFO - No procedures to sync for pattern: Question[aáAÁ]rio\s+WPAI
2026-10-02 11:05:35,881 - INFO - No procedures to sync for pattern: Question[aáAÁ]rio\s+GAD-7
2026-10-02 11:05:35,881 - INFO - Unique visit procedures synchronization completed. Total procedures synced: 0/9
2026-10-02 11:05:35,882 - INFO - Executor name from REDCap: Dr. Eduardo José Bezerra Neto
2026-10-02 11:05:36,373 - INFO - Executor 'Dr. Eduardo José Bezerra Neto' (ID: 3496) is already linked to procedure ID: 740192. No action needed.
2026-10-02 11:05:36,373 - INFO - Unique visit synchronization completed for record_id=174-13, event_name=visita_unica_arm_1
2026-10-02 11:05:36,374 - INFO - Successfully dispatched event: record_id=174-13, event_name=visita_unica_arm_1, repeat_instance=None
2026-10-02 11:10:54,181 - INFO - Received webhook from REDCap DET: project_id=49, username=eduardosoccasvri, instrument=modulo_idp_identificacao_da_paciente, record=174-12, redcap_event_name=visita_unica_arm_1, redcap_data_acess_group=, redcap_repeat_instance=None, redcap_repeat_instrument=None, redcap_url=https://svriglobal.org/redcap/, project_url=https://svriglobal.org/redcap/redcap_v17.3.10/index.php?pid=49
2026-10-02 11:10:54,186 - INFO - Dispatch runtime: pid=523423, module=/mnt/c/Users/Science/Documents/Python/integracao_embrace/src/integracao_embrace/dispatch.py, event_name='visita_unica_arm_1', instrument='modulo_idp_identificacao_da_paciente'
2026-10-02 11:10:54,187 - INFO - Dispatching to unique visit handles: visita_unica_arm_1
2026-10-02 11:10:54,877 - INFO - Debug redcap url: https://svriglobal.org/redcap/api/
2026-10-02 11:10:54,877 - INFO - Debug redcaptoken (First 3 chars): E9A...
2026-10-02 11:10:54,878 - INFO - Debug redcap status: 200
2026-10-02 11:10:54,878 - INFO - Debug redcap response (first 30 chars): [{"record":"174-12","redcap_ev
2026-10-02 11:10:54,880 - INFO - REDCap: filtering event=visita_unica_arm_1 by repeat_instance=None; response instances=['', '1']
2026-10-02 11:10:54,880 - INFO - REDCap: exported record 174-12 for event visita_unica_arm_1, repeat_instance=None, with 223 fields from 233 entries
2026-10-02 11:10:54,881 - INFO - Mapped gender: Mulher ("Cisgênero") ➡ None
2026-10-02 11:10:54,882 - INFO - Mapped site: SVRI Clínica Morumbi ➡ 47
2026-10-02 11:10:54,882 - INFO - Volunteer payload prepared: {'nome': '174-12', 'iniciais': 'APB', 'data_nascimento': '1987-06-30', 'sexo': None, 'email': '', 'data_inclusao': '2026-09-24', 'centro': '47', 'contatos': '11111111111'}
2026-10-02 11:10:55,090 - INFO - Volunteer 174-12 already exists in PoloTrial with ID: 3619
2026-10-02 11:10:55,091 - INFO - Volunteer 174-12 data changed in REDCap, updating in PoloTrial: {'iniciais': 'APB'}
2026-10-02 11:10:55,267 - INFO - DEBUG: Searching protocol Embrace for site 47
2026-10-02 11:10:55,749 - INFO - Protocol found: Embrace with ID: 2381 (site=47)
2026-10-02 11:10:55,989 - INFO - DEBUG: Protocol Arm founded for the unique visit: ['Embrace ']
2026-10-02 11:10:55,991 - INFO - Arm matched: Embrace  with ID: 424
2026-10-02 11:10:56,857 - INFO - Participant found in PoloTrial with ID: 3608
2026-10-02 11:11:20,358 - INFO - Participant visits retrieved: 1, for participant ID: 3608
2026-10-02 11:11:20,359 - INFO - Looking for unique visit with name: Visita única among: ['Visita única']
2026-10-02 11:11:20,360 - INFO - Participant visit found: Visita única with ID: 44188
2026-10-02 11:11:20,532 - INFO - Unique visit already up to date (id=44188).
2026-10-02 11:11:20,792 - INFO - DEBUG: Available procedures in PoloTrial for unique visit: ['Módulo Identificação da Paciente ', 'Consulta Médica', 'Módulo Saúde', 'Módulo Menopausa', 'Questionário da Saúde da Mulher - WHQ', 'Questionário Short Form - SF-36', 'Questionário PHQ9', 'Questionário WPAI', 'Questionário GAD-7']
2026-10-02 11:11:20,795 - INFO -  - ID: 740176 | Procedure: Módulo Identificação da Paciente  | Appointment date: 2026-09-24T00:00:00.000Z | Check field: idp3=174-12 | Date field: idp4=2026-09-24
2026-10-02 11:11:20,796 - INFO -  - ID: 740177 | Procedure: Consulta Médica | Appointment date: 2026-09-24T00:00:00.000Z | Check field: cm_atendimento_dt=2026-09-24 | Date field: cm_atendimento_dt=2026-09-24
2026-10-02 11:11:20,797 - INFO -  - ID: 740178 | Procedure: Módulo Saúde | Appointment date: 2026-09-24T00:00:00.000Z | Check field: s0=2026-09-24 | Date field: s0=2026-09-24
2026-10-02 11:11:20,798 - INFO -  - ID: 740179 | Procedure: Módulo Menopausa | Appointment date: 2026-09-24T00:00:00.000Z | Check field: pm0=2026-09-24 | Date field: pm0=2026-09-24
2026-10-02 11:11:20,798 - INFO -  - ID: 740180 | Procedure: Questionário da Saúde da Mulher - WHQ | Appointment date: nan | Check field: whq0=N/A | Date field: whq0=N/A
2026-10-02 11:11:20,799 - INFO -  - ID: 740181 | Procedure: Questionário Short Form - SF-36 | Appointment date: 2026-09-24T00:00:00.000Z | Check field: sf36_0=2026-09-24 | Date field: sf36_0=2026-09-24
2026-10-02 11:11:20,799 - INFO -  - ID: 740182 | Procedure: Questionário PHQ9 | Appointment date: 2026-09-24T00:00:00.000Z | Check field: phq9_0=2026-09-24 | Date field: phq9_0=2026-09-24
2026-10-02 11:11:20,800 - INFO -  - ID: 740183 | Procedure: Questionário WPAI | Appointment date: 2026-09-24T00:00:00.000Z | Check field: wpai0=2026-09-24 | Date field: wpai0=2026-09-24
2026-10-02 11:11:20,800 - INFO -  - ID: 740184 | Procedure: Questionário GAD-7 | Appointment date: 2026-09-24T00:00:00.000Z | Check field: gad7_0=2026-09-24 | Date field: gad7_0=2026-09-24
2026-10-02 11:11:20,801 - INFO - DEBUG: Procedure mapping summary:
2026-10-02 11:11:20,801 - INFO -  1. Total procedures in PoloTrial for unique visit: 9
2026-10-02 11:11:20,802 - INFO -  2. Matched with REDCap mapping: 9
2026-10-02 11:11:20,803 - INFO -  3. Unmatched procedures: 0
2026-10-02 11:11:20,807 - INFO - No procedures to sync for pattern: M[oóOÓ]dulo\s+Identifica[cçCÇ][aãAÃ]o\s+da\s+Paciente
2026-10-02 11:11:20,809 - INFO - No procedures to sync for pattern: Consulta\s+M[eéEÉ]dica
2026-10-02 11:11:20,811 - INFO - No procedures to sync for pattern: M[oóOÓ]dulo\s+Sa[uúUÚ]de
2026-10-02 11:11:20,812 - INFO - No procedures to sync for pattern: M[oóOÓ]dulo\s+Menopausa
2026-10-02 11:11:20,815 - INFO - No date found in REDCap for procedure Questionário da Saúde da Mulher - WHQ (check_field=whq0, date_field=whq0). Skipping sync.
2026-10-02 11:11:20,817 - INFO - No procedures to sync for pattern: Question[aáAÁ]rio\s+Short\s+Form\s-\s+SF-36
2026-10-02 11:11:20,820 - INFO - No procedures to sync for pattern: Question[aáAÁ]rio\s+PHQ9
2026-10-02 11:11:20,822 - INFO - No procedures to sync for pattern: Question[aáAÁ]rio\s+WPAI
2026-10-02 11:11:20,825 - INFO - No procedures to sync for pattern: Question[aáAÁ]rio\s+GAD-7
2026-10-02 11:11:20,825 - INFO - Unique visit procedures synchronization completed. Total procedures synced: 0/9
2026-10-02 11:11:20,826 - INFO - Executor name from REDCap: Dr. Eduardo José Bezerra Neto
2026-10-02 11:11:21,318 - INFO - Executor 'Dr. Eduardo José Bezerra Neto' (ID: 3496) is already linked to procedure ID: 740177. No action needed.
2026-10-02 11:11:21,319 - INFO - Unique visit synchronization completed for record_id=174-12, event_name=visita_unica_arm_1
2026-10-02 11:11:21,320 - INFO - Successfully dispatched event: record_id=174-12, event_name=visita_unica_arm_1, repeat_instance=None
